Date,Open,High,Low,Close,Adj Close,Volume
2014-06-09,69.74,70.76,69.71,70.29,70.29,212826
2014-06-10,70.69,70.69,69.0,69.0,69.0,207612
2014-06-11,68.95,69.4,68.61,69.4,69.4,207715
2014-06-16,67.0,67.0,65.48,66.49,66.49,520423
2014-06-17,66.4,66.82,65.5,66.22,66.22,219261
2014-06-18,66.14,68.01,65.86,67.8,67.8,276596
2014-06-19,68.45,68.95,67.97,68.39,68.39,188079
2014-06-20,68.55,69.24,68.05,68.65,68.65,247349
2014-06-23,68.87,69.4,68.21,68.99,68.99,195573
2014-06-24,69.09,69.25,68.48,68.95,68.95,191568
2014-06-25,68.63,69.06,67.63,67.66,67.66,191597
2014-06-26,67.73,68.19,66.78,67.2,67.2,228827
2014-06-27,68.05,68.05,66.55,67.15,67.15,120365
2014-06-30,67.17,67.58,66.6,67.19,67.19,163975
2014-07-01,67.21,67.99,66.69,67.98,67.98,132268
2014-07-02,67.91,69.2,67.91,69.2,69.2,204711
2014-07-03,69.48,70.2,69.08,70.05,70.05,231628
2014-07-04,69.95,70.32,69.41,69.71,69.71,148269
2014-07-07,69.77,71.49,69.48,71.49,71.49,184810
2014-07-08,71.06,73.19,71.06,72.8,72.8,381218
2014-07-09,72.54,73.25,72.15,73.16,73.16,167278
2014-07-10,73.2,74.02,71.84,72.1,72.1,317565
2014-07-11,72.18,72.75,71.62,72.6,72.6,158768
2014-07-14,72.65,73.05,72.32,72.63,72.63,124991
2014-07-15,72.67,73.19,72.2,73.0,73.0,204730
2014-07-16,73.1,73.9,71.42,71.6,71.6,274249
2014-07-17,70.25,71.48,69.77,71.35,71.35,342601
2014-07-18,70.6,71.32,69.68,70.1,70.1,280507
2014-07-21,70.1,70.1,68.18,68.19,68.19,254739
2014-07-22,68.71,70.29,68.5,70.09,70.09,220574
2014-07-23,69.99,71.93,69.94,71.45,71.45,206070
2014-07-24,71.43,72.2,70.92,72.19,72.19,130980
2014-07-25,71.86,72.0,69.8,70.39,70.39,275582
2014-07-28,69.88,70.38,69.01,69.81,69.81,194139
2014-07-29,70.0,71.16,69.9,70.3,70.3,186122
2014-07-30,70.0,72.0,69.91,70.83,70.83,207320
2014-07-31,70.91,71.8,70.17,70.6,70.6,163860
2014-08-01,70.21,70.72,68.76,69.53,69.53,202172
2014-08-04,69.65,70.29,69.1,70.0,70.0,178477
2014-08-05,70.24,70.67,68.51,68.56,68.56,217880
2014-08-06,68.4,69.37,67.09,67.33,67.33,273368
2014-08-07,66.64,68.58,66.31,68.0,68.0,220177
2014-08-08,67.66,69.5,67.5,68.83,68.83,189087
2014-08-11,69.4,70.28,69.4,69.95,69.95,152380
2014-08-12,69.95,70.1,68.98,69.43,69.43,138671
2014-08-13,69.17,70.14,68.89,70.1,70.1,233434
2014-08-14,70.08,70.44,69.33,69.95,69.95,179525
2014-08-15,69.67,70.76,69.32,70.34,70.34,147880
2014-08-18,70.33,70.64,69.96,70.59,70.59,90299
2014-08-19,70.71,73.13,70.7,72.97,72.97,230589
2014-08-20,73.06,74.29,72.79,74.11,74.11,220564
2014-08-21,74.49,75.35,73.82,73.92,73.92,243054
2014-08-22,74.29,74.38,72.87,73.02,73.02,171859
2014-08-25,72.9,73.84,72.9,73.42,73.42,68174
2014-08-26,73.43,73.76,72.25,72.51,72.51,147246
2014-08-27,72.76,73.2,72.43,73.0,73.0,114514
2014-08-28,72.95,72.95,71.53,72.8,72.8,225254
2014-08-29,72.6,73.5,72.3,72.3,72.3,221671
2014-09-01,72.81,73.57,72.13,72.4,72.4,192938
2014-09-02,72.75,73.0,71.55,71.77,71.77,150051
2014-09-03,71.82,73.65,70.86,73.31,73.31,392697
2014-09-04,73.0,74.0,72.8,73.09,73.09,217143
2014-09-05,73.04,75.35,72.15,75.21,75.21,433199
2014-09-08,74.71,75.8,74.71,75.1,75.1,232197
2014-09-09,74.95,75.33,73.84,73.93,73.93,165841
2014-09-10,73.75,74.53,73.44,73.8,73.8,174874
2014-09-11,74.0,74.49,73.3,73.34,73.34,180003
2014-09-12,73.39,74.95,73.1,74.0,74.0,173654
2014-09-15,74.0,74.65,73.3,74.6,74.6,270268
2014-09-16,74.59,76.7,74.4,76.25,76.25,294756
2014-09-17,76.0,77.06,75.31,76.47,76.47,276647
2014-09-18,76.43,76.94,75.88,76.47,76.47,140846
2014-09-19,76.43,76.46,74.04,74.85,74.85,270483
2014-09-22,74.44,74.5,71.5,71.6,71.6,384981
2014-09-23,71.63,72.98,71.63,72.79,72.79,177359
2014-09-24,73.01,73.95,72.83,73.25,73.25,145576
2014-09-25,73.57,74.69,73.51,74.25,74.25,242803
2014-09-26,74.01,75.3,73.96,74.98,74.98,192481
2014-09-29,74.95,75.39,73.2,73.2,73.2,212698
2014-09-30,73.5,74.28,72.39,73.2,73.2,276646
2014-10-01,73.03,74.19,72.58,72.6,72.6,266081
2014-10-02,72.5,72.9,69.5,69.96,69.96,460432
2014-10-03,70.85,70.99,68.93,69.37,69.37,211614
2014-10-06,69.8,70.97,69.75,70.48,70.48,236392
2014-10-07,70.25,70.9,69.14,70.15,70.15,312758
2014-10-08,69.68,69.77,68.11,68.11,68.11,304818
2014-10-09,68.98,69.89,68.57,69.11,69.11,320325
2014-10-10,68.5,69.28,67.8,68.0,68.0,255162
2014-10-13,67.99,70.83,67.66,69.47,69.47,278355
2014-10-14,69.46,70.84,69.46,69.56,69.56,266850
2014-10-15,69.85,70.8,68.66,70.3,70.3,248460
2014-10-16,70.4,71.26,69.57,69.9,69.9,375968
2014-10-17,70.58,71.66,70.23,71.15,71.15,261141
2014-10-20,71.28,71.88,70.84,71.65,71.65,229162
2014-10-21,71.29,75.5,70.9,75.01,75.01,661987
2014-10-22,75.18,76.75,75.11,76.3,76.3,594555
2014-10-23,76.15,78.86,75.98,77.6,77.6,596971
2014-10-24,77.5,78.05,76.55,77.4,77.4,261652
2014-10-27,78.0,78.9,75.05,75.9,75.9,410515
2014-10-28,76.11,77.49,75.1,75.8,75.8,307982
2014-10-29,76.24,78.06,76.11,77.6,77.6,392153
2014-10-30,77.45,78.4,76.0,76.89,76.89,400597
2014-10-31,77.4,80.33,76.95,80.33,80.33,531951
2014-11-03,80.32,81.38,79.78,79.96,79.96,169555
2014-11-05,79.19,79.97,78.76,79.54,79.54,238669
2014-11-06,79.8,81.87,79.8,80.41,80.41,304794
2014-11-07,80.66,82.17,79.2,80.0,80.0,523243
2014-11-10,80.5,80.9,79.12,80.48,80.48,280324
2014-11-11,80.48,81.27,80.2,80.84,80.84,214554
2014-11-12,80.83,81.4,80.23,81.03,81.03,164723
2014-11-13,81.1,81.63,80.25,80.3,80.3,230497
2014-11-14,80.24,81.55,79.82,81.52,81.52,197362
2014-11-17,81.11,83.0,81.11,82.8,82.8,225287
2014-11-18,83.0,84.13,82.16,83.95,83.95,297264
2014-11-19,83.95,84.93,83.6,84.83,84.83,169193
2014-11-20,84.8,86.25,84.16,85.1,85.1,195057
2014-11-21,85.23,85.7,82.66,84.22,84.22,282497
2014-11-24,84.23,84.56,83.06,84.3,84.3,190143
2014-11-25,84.2,85.62,83.65,85.02,85.02,178720
2014-11-26,84.99,85.75,84.84,85.61,85.61,243859
2014-11-27,85.5,86.95,85.0,86.05,86.05,279672
2014-11-28,85.89,88.73,85.88,88.2,88.2,351972
2014-12-01,88.5,97.02,88.32,96.4,96.4,816016
2014-12-02,96.45,99.75,95.8,98.14,98.14,569154
2014-12-03,98.78,100.27,97.1,99.0,99.0,399438
2014-12-04,99.01,100.35,98.15,98.35,98.35,390661
2014-12-05,98.35,99.85,97.77,98.51,98.51,251072
2014-12-08,98.67,99.39,95.12,95.96,95.96,323060
2014-12-09,95.92,96.9,94.5,94.63,94.63,255282
2014-12-10,95.49,97.59,94.89,95.28,95.28,248449
2014-12-11,95.21,96.31,93.29,93.68,93.68,294431
2014-12-12,93.68,96.5,92.55,94.7,94.7,332776
2014-12-15,95.0,97.66,93.53,95.75,95.75,647229
2014-12-16,95.0,113.19,89.0,108.05,108.05,789005
2014-12-17,108.71,112.95,92.01,92.16,92.16,618678
2014-12-18,92.5,97.36,89.11,91.93,91.93,435792
2014-12-19,87.5,92.2,86.0,88.6,88.6,297031
2014-12-22,88.68,91.0,86.1,87.99,87.99,265270
2014-12-23,87.32,87.87,79.93,80.49,80.49,289189
2014-12-24,80.0,82.75,79.62,81.68,81.68,143963
2014-12-25,81.0,81.75,79.89,80.05,80.05,63199
2014-12-26,80.19,80.95,79.89,79.9,79.9,86546
2014-12-29,79.93,86.0,79.75,83.6,83.6,217699
2014-12-30,84.05,85.53,80.11,80.8,80.8,155255
2015-01-05,81.11,85.9,80.5,85.9,85.9,132143
2015-01-06,85.11,92.7,85.11,91.01,91.01,267759
2015-01-08,92.0,95.65,91.51,95.5,95.5,233721
2015-01-09,96.0,97.98,95.05,97.4,97.4,166479
2015-01-12,97.78,99.27,96.51,98.39,98.39,124626
2015-01-13,98.5,101.77,97.55,100.25,100.25,188403
2015-01-14,100.11,101.25,94.82,96.0,96.0,369929
2015-01-15,96.31,97.77,92.2,92.9,92.9,268153
2015-01-16,92.7,96.2,91.77,95.61,95.61,171825
2015-01-19,95.7,97.0,94.15,94.17,94.17,200594
2015-01-20,94.19,96.4,93.01,94.7,94.7,235269
2015-01-21,95.0,97.17,94.56,96.75,96.75,157702
2015-01-22,96.99,104.5,96.85,103.86,103.86,398201
2015-01-23,104.85,106.48,102.61,104.0,104.0,265557
2015-01-26,103.0,107.55,101.47,107.55,107.55,246195
2015-01-27,106.5,114.0,106.5,111.79,111.79,369558
2015-01-28,111.8,116.42,111.8,115.34,115.34,283878
2015-01-29,116.2,117.8,113.19,114.5,114.5,253431
2015-01-30,114.99,117.0,113.72,116.1,116.1,245536
2015-02-02,116.63,116.8,112.52,112.8,112.8,162507
2015-02-03,112.82,114.32,109.77,109.9,109.9,150645
2015-02-04,109.9,110.79,107.0,107.5,107.5,145151
2015-02-05,109.01,112.15,107.96,111.0,111.0,331036
2015-02-06,111.78,114.58,110.61,113.94,113.94,262558
2015-02-09,114.48,120.0,112.71,113.52,113.52,295663
2015-02-10,113.0,116.39,112.01,113.45,113.45,184783
2015-02-11,115.0,117.78,113.8,116.97,116.97,208227
2015-02-12,117.45,121.34,114.21,120.37,120.37,396436
2015-02-13,121.04,122.47,119.6,121.06,121.06,239534
2015-02-16,120.74,121.68,116.77,119.0,119.0,142184
2015-02-17,119.0,121.21,113.5,113.75,113.75,229229
2015-02-18,114.98,116.0,110.72,111.4,111.4,224242
2015-02-19,111.5,113.6,108.9,113.55,113.55,209931
2015-02-20,114.2,114.79,111.52,113.3,113.3,119680
2015-02-24,111.36,114.47,111.36,113.48,113.48,110812
2015-02-25,113.5,114.17,109.06,110.61,110.61,154312
2015-02-26,111.0,111.7,107.55,110.93,110.93,176454
2015-02-27,110.3,112.74,108.95,111.82,111.82,149551
2015-03-02,112.21,113.4,111.3,112.69,112.69,119146
2015-03-03,112.42,116.32,110.81,114.8,114.8,205261
2015-03-04,115.0,115.03,110.5,111.4,111.4,141874
2015-03-05,111.42,112.79,108.8,111.8,111.8,219284
2015-03-06,111.54,112.38,108.53,109.9,109.9,128945
2015-03-10,108.49,109.27,103.33,104.25,104.25,223751
2015-03-11,104.0,107.5,103.82,105.88,105.88,175233
2015-03-12,106.0,109.18,104.1,107.3,107.3,213017
2015-03-13,107.31,107.31,102.8,103.8,103.8,224814
2015-03-16,103.98,104.55,102.3,102.98,102.98,173739
2015-03-17,103.52,107.11,102.93,105.95,105.95,200705
2015-03-18,106.0,107.99,105.63,106.92,106.92,148046
2015-03-19,107.5,108.7,104.1,104.1,104.1,285067
2015-03-20,104.05,106.17,103.07,105.01,105.01,166255
2015-03-23,105.55,106.37,103.6,104.2,104.2,138655
2015-03-24,103.6,105.0,102.76,103.3,103.3,144495
2015-03-25,103.46,105.3,102.94,105.0,105.0,143884
2015-03-26,105.18,105.6,103.0,103.1,103.1,151642
2015-03-27,103.08,103.39,97.6,99.05,99.05,232803
2015-03-30,99.5,105.49,99.5,105.3,105.3,276497
2015-03-31,105.4,107.89,103.0,103.99,103.99,361265
2015-04-01,103.83,106.94,102.23,105.39,105.39,234662
2015-04-02,105.0,105.0,100.81,100.9,100.9,364940
2015-04-03,102.69,102.97,101.02,102.37,102.37,136662
2015-04-06,102.45,103.85,101.51,102.0,102.0,148006
2015-04-07,102.3,102.42,100.35,101.25,101.25,182283
2015-04-08,101.0,101.0,98.76,99.86,99.86,190501
2015-04-09,99.7,99.7,95.1,97.4,97.4,463092
2015-04-10,97.0,99.77,95.25,99.36,99.36,443117
2015-04-13,99.92,100.97,98.02,98.39,98.39,371322
2015-04-14,98.13,98.18,93.52,95.2,95.2,396720
2015-04-15,94.01,97.12,92.75,96.32,96.32,509307
2015-04-16,97.0,97.33,93.3,94.8,94.8,393509
2015-04-17,94.05,95.9,93.77,94.6,94.6,353862
2015-04-20,95.01,97.14,94.45,95.9,95.9,276138
2015-04-21,94.37,97.6,94.37,97.0,97.0,241349
2015-04-22,97.2,98.87,95.19,96.0,96.0,369069
2015-04-23,96.0,96.1,93.22,95.3,95.3,400008
2015-04-24,95.3,97.64,94.22,97.19,97.19,271073
2015-04-27,96.63,98.43,96.63,96.65,96.65,244327
2015-04-28,96.71,97.39,96.24,96.73,96.73,178911
2015-04-29,96.82,97.42,95.51,95.52,95.52,104444
2015-04-30,95.61,97.33,95.3,96.4,96.4,160761
2015-05-05,98.67,102.33,98.11,101.7,101.7,502485
2015-05-06,102.28,105.33,101.24,105.0,105.0,376904
2015-05-07,105.0,105.0,101.56,102.01,102.01,232788
2015-05-08,102.1,106.2,102.1,105.4,105.4,213072
2015-05-12,106.53,107.9,105.1,106.8,106.8,279781
2015-05-13,106.95,107.5,104.06,104.35,104.35,211361
2015-05-14,104.53,105.3,102.45,102.45,102.45,211905
2015-05-15,102.6,103.36,101.66,102.88,102.88,154760
2015-05-18,103.01,103.4,101.41,102.48,102.48,136781
2015-05-19,102.29,103.0,99.61,100.39,100.39,195075
2015-05-20,100.39,102.5,98.45,101.8,101.8,221352
2015-05-21,101.9,102.7,101.06,102.1,102.1,377967
2015-05-22,97.0,98.2,94.55,95.34,95.34,347332
2015-05-25,95.34,95.76,93.25,95.15,95.15,114308
2015-05-26,95.15,96.46,92.5,92.5,92.5,243382
2015-05-27,92.88,94.36,90.9,93.8,93.8,242869
2015-05-28,94.0,95.29,93.29,93.97,93.97,139475
2015-05-29,94.09,95.75,90.05,90.05,90.05,228910
2015-06-01,90.76,94.37,90.62,93.03,93.03,195015
2015-06-02,93.9,96.4,93.51,96.19,96.19,259105
2015-06-03,96.5,97.87,95.8,97.04,97.04,338782
2015-06-04,97.35,98.4,96.0,97.42,97.42,253811
2015-06-05,97.82,99.98,97.36,99.86,99.86,324237
2015-06-08,99.99,100.98,99.3,99.54,99.54,173376
2015-06-09,99.5,100.24,96.99,97.01,97.01,213760
2015-06-10,96.97,97.01,95.56,95.95,95.95,155098
2015-06-11,95.9,97.04,95.5,96.55,96.55,149045
2015-06-15,95.8,97.67,95.8,97.58,97.58,160054
2015-06-16,97.5,98.2,96.67,96.95,96.95,112721
2015-06-17,97.05,97.5,96.13,96.8,96.8,117303
2015-06-18,97.0,97.0,95.14,95.79,95.79,134578
2015-06-19,95.79,96.99,95.5,96.85,96.85,125880
2015-06-22,96.73,97.5,96.23,96.7,96.7,126734
2015-06-23,96.71,96.81,94.61,95.03,95.03,198467
2015-06-24,95.38,95.67,93.26,94.5,94.5,204470
2015-06-25,94.42,94.95,93.58,94.0,94.0,113282
2015-06-26,94.2,96.34,93.94,95.75,95.75,135945
2015-06-29,94.97,96.2,94.52,95.4,95.4,81297
2015-06-30,95.73,95.8,93.68,95.0,95.0,180425
2015-07-01,94.98,94.98,92.0,92.15,92.15,331069
2015-07-02,92.25,93.49,92.2,92.5,92.5,179563
2015-07-03,92.7,93.14,92.6,92.63,92.63,71100
2015-07-06,92.45,92.99,91.27,92.77,92.77,163889
2015-07-07,92.51,94.14,92.51,93.4,93.4,229635
2015-07-08,93.0,93.1,89.77,91.0,91.0,341656
2015-07-09,91.64,91.64,90.06,91.01,91.01,197824
2015-07-10,91.5,91.96,90.21,91.47,91.47,151578
2015-07-13,91.35,93.92,91.17,93.66,93.66,244149
2015-07-14,93.9,95.09,93.75,94.5,94.5,210123
2015-07-15,94.6,95.63,94.35,94.88,94.88,159726
2015-07-16,95.1,96.0,94.88,96.0,96.0,115116
2015-07-17,95.98,96.8,95.02,95.36,95.36,134981
2015-07-20,95.4,95.4,93.4,93.93,93.93,148473
2015-07-21,93.6,94.65,93.6,94.28,94.28,117927
2015-07-22,94.15,94.15,92.33,93.2,93.2,168551
2015-07-23,93.04,93.16,90.75,91.19,91.19,233729
2015-07-24,91.0,91.63,90.21,90.25,90.25,237591
2015-07-27,90.09,90.99,89.55,90.22,90.22,297298
2015-07-28,90.49,92.95,90.31,92.31,92.31,305743
2015-07-29,92.9,93.75,92.5,93.59,93.59,271246
2015-07-30,93.24,93.85,92.38,93.65,93.65,200307
2015-07-31,93.67,94.46,92.31,94.27,94.27,230481
2015-08-03,94.17,95.92,94.07,95.14,95.14,236751
2015-08-04,95.18,98.95,95.0,98.89,98.89,384431
2015-08-05,99.15,101.07,97.62,100.9,100.9,292005
2015-08-06,101.0,102.49,100.5,101.25,101.25,257521
2015-08-07,101.6,101.81,100.52,101.12,101.12,142649
2015-08-10,101.97,102.4,100.75,102.22,102.22,163907
2015-08-11,101.99,104.5,101.4,101.66,101.66,261083
2015-08-12,101.0,101.26,97.9,98.5,98.5,390380
2015-08-13,98.9,99.79,97.6,98.7,98.7,230268
2015-08-14,98.71,101.14,98.41,100.61,100.61,268481
2015-08-17,100.6,101.91,99.29,100.0,100.0,259344
2015-08-18,100.0,100.0,98.0,98.1,98.1,210517
2015-08-19,98.49,98.6,96.83,97.25,97.25,205965
2015-08-20,97.44,100.47,97.2,100.47,100.47,321159
2015-08-21,99.99,101.5,99.3,100.6,100.6,306897
2015-08-24,99.1,103.21,98.6,102.15,102.15,440007
2015-08-25,102.1,103.88,100.65,100.71,100.71,225649
2015-08-26,101.0,103.5,100.03,102.9,102.9,199544
2015-08-27,103.1,104.76,103.0,103.71,103.71,221430
2015-08-28,104.1,105.4,103.34,104.3,104.3,159214
2015-08-31,104.5,105.75,103.7,105.69,105.69,161662
2015-09-01,105.48,105.5,102.52,103.29,103.29,209669
2015-09-02,103.19,105.05,102.5,103.5,103.5,175476
2015-09-03,103.71,106.5,103.61,106.0,106.0,210005
2015-09-04,105.66,106.7,104.72,105.7,105.7,158831
2015-09-07,106.0,107.3,106.0,107.16,107.16,108669
2015-09-08,107.39,108.89,106.83,107.46,107.46,179182
2015-09-09,108.0,112.05,107.84,110.99,110.99,288091
2015-09-10,110.42,111.0,109.03,109.31,109.31,173363
2015-09-11,109.4,110.5,108.0,108.7,108.7,190998
2015-09-14,108.4,110.35,108.4,109.24,109.24,108177
2015-09-15,109.47,110.38,109.2,110.09,110.09,130899
2015-09-16,110.39,111.57,110.11,111.19,111.19,168699
2015-09-17,111.19,112.12,110.41,112.06,112.06,101362
2015-09-18,112.4,112.84,110.12,111.0,111.0,198955
2015-09-21,111.49,111.9,110.11,110.8,110.8,124399
2015-09-22,111.0,111.21,106.14,106.93,106.93,290896
2015-09-23,106.25,106.53,100.7,102.0,102.0,491661
2015-09-24,99.4,99.84,96.01,96.62,96.62,545136
2015-09-25,97.2,98.15,95.15,95.65,95.65,274145
2015-09-28,95.89,96.69,93.4,93.82,93.82,260933
2015-09-29,92.74,94.94,92.14,93.25,93.25,246301
2015-09-30,93.93,95.0,93.0,95.0,95.0,248002
2015-10-01,95.0,95.44,93.25,93.94,93.94,237317
2015-10-02,93.97,94.75,93.01,94.7,94.7,162207
2015-10-05,95.25,96.03,93.9,94.5,94.5,276512
2015-10-06,94.78,95.3,92.41,93.46,93.46,340485
2015-10-07,93.3,93.48,90.46,92.1,92.1,551922
2015-10-08,92.25,92.26,90.25,91.49,91.49,384739
2015-10-09,91.6,96.25,91.01,95.6,95.6,603133
2015-10-12,96.0,97.6,95.0,96.2,96.2,364708
2015-10-13,96.01,97.15,95.03,97.15,97.15,230631
2015-10-14,96.97,99.2,96.55,97.0,97.0,406961
2015-10-15,97.44,98.89,96.86,97.83,97.83,248952
2015-10-16,98.17,98.87,95.91,96.01,96.01,240822
2015-10-19,96.1,97.84,95.96,97.61,97.61,183044
2015-10-20,97.6,98.32,96.06,96.58,96.58,202091
2015-10-21,96.9,96.9,93.12,93.9,93.9,270598
2015-10-22,94.07,95.5,92.32,95.45,95.45,288138
2015-10-23,95.8,98.14,94.87,97.35,97.35,320133
2015-10-26,97.3,97.79,95.71,97.0,97.0,226019
2015-10-27,96.9,97.1,95.25,97.1,97.1,195339
2015-10-28,97.39,97.39,95.39,96.7,96.7,237681
2015-10-29,96.8,96.8,95.02,95.03,95.03,172612
2015-10-30,95.2,96.11,94.65,94.87,94.87,118637
2015-11-02,94.75,95.9,94.55,95.85,95.85,89803
2015-11-03,95.89,97.4,95.4,95.46,95.46,216300
2015-11-05,95.47,96.54,95.34,95.8,95.8,177461
2015-11-06,96.25,97.25,93.89,95.13,95.13,271005
2015-11-09,95.5,95.93,94.0,94.99,94.99,138208
2015-11-10,95.0,95.4,94.4,94.74,94.74,171694
2015-11-11,94.75,94.98,93.28,93.71,93.71,143117
2015-11-12,93.75,94.77,93.4,94.75,94.75,178182
2015-11-13,94.7,95.37,93.51,94.69,94.69,201289
2015-11-16,94.79,94.99,93.3,93.35,93.35,215008
2015-11-17,93.59,94.85,93.35,93.64,93.64,237973
2015-11-18,94.0,96.5,93.45,96.4,96.4,346105
2015-11-19,96.5,97.63,95.6,96.7,96.7,314360
2015-11-20,97.03,97.45,95.68,96.5,96.5,135060
2015-11-23,95.72,95.98,94.4,94.92,94.92,250504
2015-11-24,94.99,95.24,92.2,93.44,93.44,358995
2015-11-25,93.6,94.59,93.52,94.27,94.27,142363
2015-11-26,94.54,95.9,93.8,93.9,93.9,246435
2015-11-27,93.8,94.46,92.2,92.2,92.2,244912
2015-11-30,92.31,93.37,89.2,89.2,89.2,479024
2015-12-01,89.75,91.75,89.75,90.54,90.54,318415
2015-12-02,91.0,91.6,88.63,89.39,89.39,315454
2015-12-03,89.37,91.75,89.03,91.13,91.13,345356
2015-12-04,91.5,92.2,88.22,88.51,88.51,364262
2015-12-07,88.98,89.7,87.34,89.25,89.25,252046
2015-12-08,89.18,90.19,88.11,89.7,89.7,240337
2015-12-09,89.98,90.75,89.33,89.35,89.35,189847
2015-12-10,89.3,90.5,88.82,89.25,89.25,204236
2015-12-11,89.35,89.8,88.43,89.0,89.0,179232
2015-12-14,88.84,89.19,87.77,87.8,87.8,209934
2015-12-15,88.0,90.55,88.0,89.65,89.65,286441
2015-12-16,89.99,91.75,89.63,91.08,91.08,232048
2015-12-17,91.4,94.5,91.01,94.5,94.5,377720
2015-12-18,94.03,94.89,92.25,92.29,92.29,289906
2015-12-21,92.49,93.45,89.8,90.48,90.48,260833
2015-12-22,90.51,92.24,90.42,92.2,92.2,148817
2015-12-23,92.1,94.43,92.1,94.1,94.1,207861
2015-12-24,94.15,94.5,92.35,93.44,93.44,173300
2015-12-25,93.6,93.75,92.92,93.44,93.44,74062
2015-12-28,93.03,93.74,92.99,93.5,93.5,132303
2015-12-29,90.55,91.99,90.51,91.89,91.89,165960
2015-12-30,92.1,92.31,91.24,91.5,91.5,100636
2016-01-04,90.9,91.4,88.92,89.22,89.22,117655
2016-01-05,89.42,91.2,88.91,90.85,90.85,137855
2016-01-06,91.0,91.48,89.9,89.9,89.9,139221
2016-01-11,88.0,88.0,85.07,86.0,86.0,351544
2016-01-12,85.5,87.18,85.0,85.53,85.53,229716
2016-01-13,85.9,87.88,85.44,86.14,86.14,285791
2016-01-14,85.75,87.33,84.0,84.64,84.64,305353
2016-01-15,84.7,84.73,80.4,80.5,80.5,452033
2016-01-18,80.51,83.85,78.4,82.9,82.9,382879
2016-01-19,83.99,86.22,83.7,85.4,85.4,364563
2016-01-20,84.75,87.09,83.25,86.49,86.49,399239
2016-01-21,86.5,92.16,86.5,91.3,91.3,579900
2016-01-22,92.5,93.0,89.51,91.0,91.0,513792
2016-01-25,91.39,91.39,89.8,90.5,90.5,288149
2016-01-26,89.5,91.65,88.33,88.8,88.8,315883
2016-01-27,89.01,90.49,89.0,89.91,89.91,189513
2016-01-28,90.15,90.47,88.63,89.7,89.7,241141
2016-01-29,89.6,89.84,87.3,88.5,88.5,386637
2016-02-01,88.45,89.06,86.25,86.98,86.98,200585
2016-02-02,87.02,89.24,86.47,89.24,89.24,288525
2016-02-03,89.25,89.5,87.7,87.7,87.7,124768
2016-02-04,88.5,90.14,87.95,89.99,89.99,276021
2016-02-05,89.44,90.79,89.13,90.05,90.05,166548
2016-02-08,89.68,89.95,88.12,88.7,88.7,155959
2016-02-09,88.5,89.0,86.2,86.5,86.5,232888
2016-02-10,86.15,86.83,85.1,85.1,85.1,220355
2016-02-11,85.0,85.37,82.51,83.76,83.76,322844
2016-02-12,84.25,84.6,83.29,83.5,83.5,164454
2016-02-15,84.65,85.09,82.8,83.45,83.45,249334
2016-02-16,83.8,84.86,83.25,84.86,84.86,221273
2016-02-17,85.0,86.56,85.0,86.33,86.33,236409
2016-02-18,86.5,88.88,86.44,88.8,88.8,305310
2016-02-19,88.01,88.35,86.6,87.45,87.45,213865
2016-02-20,87.47,88.2,87.1,87.2,87.2,38125
2016-02-22,87.5,88.0,86.8,87.5,87.5,89465
2016-02-24,86.9,87.8,86.25,87.5,87.5,202066
2016-02-25,87.5,88.7,86.71,87.5,87.5,174842
2016-02-26,88.0,90.09,87.7,89.35,89.35,276916
2016-02-29,89.29,91.7,88.6,91.42,91.42,288073
2016-03-01,91.02,91.97,90.43,91.05,91.05,182576
2016-03-02,91.6,91.66,90.42,90.93,90.93,115691
2016-03-03,90.8,92.48,90.75,91.9,91.9,237028
2016-03-04,92.31,93.12,91.81,93.0,93.0,312266
2016-03-07,93.3,94.94,93.2,94.94,94.94,217966
2016-03-09,93.79,94.12,92.77,93.0,93.0,206262
2016-03-10,92.97,93.5,92.28,92.81,92.81,167321
2016-03-11,92.85,93.26,90.8,92.21,92.21,248826
2016-03-14,92.26,92.62,91.14,91.5,91.5,160747
2016-03-15,91.86,92.56,91.12,92.02,92.02,293831
2016-03-16,92.02,92.29,90.21,91.19,91.19,249577
2016-03-17,91.5,92.48,91.13,92.43,92.43,294714
2016-03-18,92.52,94.9,92.12,94.9,94.9,366142
2016-03-21,94.1,94.7,93.03,93.9,93.9,234918
2016-03-22,93.85,94.55,93.2,94.4,94.4,183055
2016-03-23,94.27,94.5,91.78,92.4,92.4,196922
2016-03-24,92.0,92.68,89.43,90.2,90.2,297323
2016-03-25,90.45,90.76,90.01,90.46,90.46,57492
2016-03-28,90.96,91.19,89.23,89.95,89.95,131811
2016-03-29,90.08,90.3,87.87,89.35,89.35,269849
2016-03-30,89.63,90.8,89.05,89.5,89.5,209004
2016-03-31,89.51,90.1,86.6,87.0,87.0,475477
2016-04-01,86.4,86.5,83.96,84.6,84.6,463312
2016-04-04,84.5,85.41,83.3,84.59,84.59,402596
2016-04-05,84.75,87.19,84.51,87.0,87.0,435472
2016-04-06,87.4,88.43,87.18,87.99,87.99,356608
2016-04-07,88.37,88.49,86.05,86.88,86.88,282850
2016-04-08,86.99,87.0,85.5,86.29,86.29,219081
2016-04-11,86.16,87.88,85.82,87.83,87.83,256254
2016-04-12,87.9,88.4,86.52,87.3,87.3,284795
2016-04-13,87.84,91.83,87.51,91.21,91.21,664689
2016-04-14,91.2,92.4,91.07,91.5,91.5,418710
2016-04-15,91.32,91.9,90.0,91.2,91.2,207340
2016-04-18,89.91,92.7,89.91,92.7,92.7,296338
2016-04-19,92.6,93.3,91.51,92.41,92.41,266485
2016-04-20,92.0,93.64,91.56,92.59,92.59,336016
2016-04-21,93.09,93.78,92.1,93.68,93.68,355278
2016-04-22,93.68,97.5,93.36,97.5,97.5,640550
2016-04-25,97.42,97.76,95.83,96.31,96.31,253652
2016-04-26,96.19,97.5,95.9,97.5,97.5,201917
2016-04-27,97.5,98.41,96.05,97.0,97.0,192929
2016-04-28,96.49,97.09,94.11,97.09,97.09,338967
2016-04-29,97.0,97.0,93.26,94.09,94.09,247396
2016-05-04,93.5,94.79,90.1,91.0,91.0,302247
2016-05-05,90.71,90.75,88.09,88.09,88.09,315704
2016-05-06,88.0,89.0,87.2,87.6,87.6,248576
2016-05-10,87.3,88.68,86.34,88.15,88.15,206973
2016-05-11,88.2,89.91,88.2,88.5,88.5,196444
2016-05-12,88.87,90.7,88.65,89.11,89.11,240392
2016-05-13,89.0,89.86,88.11,89.86,89.86,197165
2016-05-16,90.0,91.14,89.29,89.3,89.3,150736
2016-05-17,89.55,89.94,88.28,89.3,89.3,117256
2016-05-18,89.12,91.65,88.8,90.95,90.95,204083
2016-05-19,90.7,92.45,90.52,91.9,91.9,263775
2016-05-20,92.2,93.04,90.84,91.2,91.2,176586
2016-05-23,91.2,91.33,89.8,90.31,90.31,118604
2016-05-24,90.2,91.45,89.82,90.85,90.85,88587
2016-05-25,91.17,91.94,90.65,90.79,90.79,139208
2016-05-26,91.0,92.3,90.54,91.52,91.52,164819
2016-05-27,91.7,92.29,91.23,91.4,91.4,93228
2016-05-30,91.9,92.0,91.33,92.0,92.0,37433
2016-05-31,92.0,92.84,89.9,89.9,89.9,209379
2016-06-01,90.01,91.06,88.89,90.29,90.29,148344
2016-06-02,90.28,90.73,88.99,89.25,89.25,85848
2016-06-03,89.78,91.0,88.29,88.59,88.59,148400
2016-06-06,88.51,90.67,88.51,89.68,89.68,130633
2016-06-07,89.81,90.48,89.2,89.74,89.74,138837
2016-06-08,89.8,89.89,87.55,88.73,88.73,173306
2016-06-09,88.7,88.97,86.2,86.99,86.99,203212
2016-06-10,86.89,88.46,86.75,86.96,86.96,117210
2016-06-14,87.01,87.49,86.11,86.7,86.7,165917
2016-06-15,86.7,86.73,85.02,85.53,85.53,227509
2016-06-16,85.5,85.5,83.55,84.98,84.98,230085
2016-06-17,85.18,86.05,84.25,84.48,84.48,317544
2016-06-20,83.02,84.3,82.75,83.0,83.0,236568
2016-06-21,83.28,84.24,81.97,84.13,84.13,219254
2016-06-22,84.4,84.65,82.91,83.49,83.49,156594
2016-06-23,83.05,84.07,82.26,84.07,84.07,122829
2016-06-24,80.64,83.8,80.64,83.8,83.8,255505
2016-06-27,83.53,83.98,82.32,82.85,82.85,142053
2016-06-28,83.0,84.8,82.85,84.8,84.8,181207
2016-06-29,84.88,85.79,84.24,84.85,84.85,172811
2016-06-30,84.62,85.45,84.25,85.4,85.4,107868
2016-07-01,85.41,85.56,83.77,84.96,84.96,125541
2016-07-04,85.4,88.87,85.07,88.61,88.61,350901
2016-07-05,88.65,89.79,87.59,88.09,88.09,247559
2016-07-06,87.51,88.29,87.24,87.72,87.72,122039
2016-07-07,88.47,88.88,86.53,87.2,87.2,153952
2016-07-08,86.9,86.94,85.19,86.72,86.72,158932
2016-07-11,87.19,88.75,87.15,88.55,88.55,135158
2016-07-12,88.8,90.4,88.52,90.25,90.25,223930
2016-07-13,90.49,93.0,89.61,93.0,93.0,417127
2016-07-14,93.0,93.3,90.9,92.97,92.97,210343
2016-07-15,92.0,93.0,91.93,92.9,92.9,120553
2016-07-18,92.62,93.75,92.44,93.08,93.08,144390
2016-07-19,93.19,93.39,92.2,93.1,93.1,116093
2016-07-20,92.95,93.15,90.41,92.97,92.97,164828
2016-07-21,92.52,94.0,91.55,93.9,93.9,141189
2016-07-22,93.49,94.57,93.22,94.0,94.0,144405
2016-07-25,94.44,94.5,92.73,93.06,93.06,117792
2016-07-26,93.08,93.56,91.75,93.39,93.39,113113
2016-07-27,93.45,94.45,92.51,94.45,94.45,114158
2016-07-28,94.22,95.35,93.21,95.35,95.35,182633
2016-07-29,95.2,96.0,94.44,94.44,94.44,148807
2016-08-01,94.97,96.74,94.97,96.37,96.37,149355
2016-08-02,96.37,97.0,95.63,95.81,95.81,194069
2016-08-03,95.8,97.17,95.8,96.6,96.6,115788
2016-08-04,96.82,97.75,96.1,97.34,97.34,125603
2016-08-05,97.32,97.92,96.88,97.78,97.78,114885
2016-08-08,97.9,98.5,97.57,98.3,98.3,73244
2016-08-09,98.2,98.89,97.91,98.5,98.5,96258
2016-08-10,98.95,99.35,97.84,99.27,99.27,145964
2016-08-11,99.22,100.67,99.0,99.89,99.89,202058
2016-08-12,99.89,100.07,97.9,98.6,98.6,145454
2016-08-15,98.75,100.3,97.3,99.67,99.67,136529
2016-08-16,99.7,100.15,98.1,99.75,99.75,121293
2016-08-17,99.28,99.47,97.1,97.7,97.7,88392
2016-08-18,97.7,98.46,95.55,96.01,96.01,146014
2016-08-19,96.08,98.62,96.05,97.88,97.88,139985
2016-08-22,97.87,98.9,97.36,98.9,98.9,128831
2016-08-23,99.14,99.45,98.37,98.79,98.79,69367
2016-08-24,98.63,99.2,97.4,98.53,98.53,78650
2016-08-25,98.22,98.47,96.49,97.6,97.6,101494
2016-08-26,97.39,97.55,95.42,95.97,95.97,146965
2016-08-29,95.56,96.5,94.54,96.4,96.4,107959
2016-08-30,96.52,97.49,96.05,96.28,96.28,90201
2016-08-31,96.59,96.59,95.0,95.71,95.71,83316
2016-09-01,96.4,96.89,95.82,96.31,96.31,114787
2016-09-02,96.5,97.54,96.22,97.17,97.17,97744
2016-09-05,97.64,98.09,96.71,97.1,97.1,103040
2016-09-06,97.19,99.26,97.06,99.26,99.26,113354
2016-09-07,99.47,99.47,98.45,98.71,98.71,77304
2016-09-08,98.95,99.1,97.6,97.8,97.8,79606
2016-09-09,97.8,98.75,97.2,97.2,97.2,90956
2016-09-12,96.6,97.35,96.25,96.9,96.9,95812
2016-09-13,97.15,98.4,96.27,97.5,97.5,87158
2016-09-14,97.5,97.57,95.46,95.46,95.46,121448
2016-09-15,95.5,95.84,94.05,95.2,95.2,199516
2016-09-16,95.2,95.72,93.6,94.7,94.7,120670
2016-09-19,95.0,95.78,94.36,95.05,95.05,126637
2016-09-20,95.26,95.98,94.64,95.62,95.62,91289
2016-09-21,95.79,95.95,94.04,94.2,94.2,74578
2016-09-22,94.83,97.15,94.32,97.15,97.15,230999
2016-09-23,97.0,97.36,95.26,97.3,97.3,148558
2016-09-26,96.79,97.35,96.07,96.67,96.67,81463
2016-09-27,96.79,98.67,96.67,97.8,97.8,164399
2016-09-28,98.0,100.35,98.0,99.52,99.52,233262
2016-09-29,100.06,100.6,98.77,99.18,99.18,111084
2016-09-30,99.0,99.97,97.65,98.12,98.12,135575
2016-10-03,97.88,98.35,96.05,96.48,96.48,102362
2016-10-04,96.49,97.27,95.19,96.39,96.39,96634
2016-10-05,96.28,96.32,94.2,95.3,95.3,146116
2016-10-06,94.78,96.11,94.3,94.75,94.75,124652
2016-10-07,94.77,95.58,93.67,94.01,94.01,148758
2016-10-10,94.35,94.9,93.97,94.06,94.06,116308
2016-10-11,94.07,94.7,93.84,94.5,94.5,99602
2016-10-12,94.55,94.98,93.7,94.32,94.32,119412
2016-10-13,94.25,94.42,93.05,94.0,94.0,129183
2016-10-14,94.29,94.58,93.5,93.9,93.9,56938
2016-10-17,93.9,94.16,92.06,92.5,92.5,148919
2016-10-18,93.0,94.04,92.63,93.64,93.64,102454
2016-10-19,93.99,93.99,92.2,92.69,92.69,104303
2016-10-20,92.63,92.97,92.0,92.0,92.0,61777
2016-10-21,91.85,93.8,91.54,93.76,93.76,88954
2016-10-24,93.87,93.96,92.1,92.5,92.5,89931
2016-10-25,92.5,94.06,92.31,93.04,93.04,96267
2016-10-26,93.02,93.77,92.5,93.07,93.07,89174
2016-10-27,93.47,95.09,93.19,94.51,94.51,133695
2016-10-28,94.21,94.59,93.11,93.45,93.45,80713
2016-10-31,93.89,93.89,92.0,93.44,93.44,169413
2016-11-01,93.5,94.22,93.1,93.1,93.1,114459
2016-11-02,92.99,93.09,92.0,92.0,92.0,96932
2016-11-03,91.9,92.49,91.37,91.57,91.57,103409
2016-11-07,92.3,93.88,92.17,92.3,92.3,168331
2016-11-08,93.2,94.42,93.09,94.0,94.0,131010
2016-11-09,92.9,96.21,92.9,95.9,95.9,209454
2016-11-10,96.4,104.25,96.4,100.46,100.46,557404
2016-11-11,102.0,103.79,100.52,101.5,101.5,444078
2016-11-14,102.0,104.18,101.24,103.8,103.8,226656
2016-11-15,103.79,105.35,102.29,103.67,103.67,248042
2016-11-16,104.17,105.4,102.12,102.7,102.7,217581
2016-11-17,102.51,103.48,101.5,102.89,102.89,138841
2016-11-18,103.0,103.4,100.72,101.44,101.44,146996
2016-11-21,102.27,102.45,100.55,101.37,101.37,92165
2016-11-22,101.75,103.27,101.15,102.77,102.77,135931
2016-11-23,103.0,104.99,102.94,104.9,104.9,141062
2016-11-24,105.29,105.91,104.0,104.98,104.98,111211
2016-11-25,104.78,105.47,103.7,104.5,104.5,71964
2016-11-28,105.1,105.95,104.7,105.5,105.5,126652
2016-11-29,105.0,105.89,104.19,104.68,104.68,135039
2016-11-30,104.01,105.09,102.8,103.71,103.71,216540
2016-12-01,104.15,106.31,103.9,106.2,106.2,182307
2016-12-02,106.0,107.05,105.32,106.8,106.8,98071
2016-12-05,106.58,109.17,106.54,108.3,108.3,128758
2016-12-06,108.34,109.66,108.08,109.0,109.0,90388
2016-12-07,109.1,111.11,108.6,109.9,109.9,126732
2016-12-08,110.0,110.9,109.01,110.7,110.7,134676
2016-12-09,110.87,111.99,109.03,109.96,109.96,112004
2016-12-12,110.28,110.53,107.16,109.09,109.09,233932
2016-12-13,109.0,109.27,107.2,108.04,108.04,166882
2016-12-14,108.25,108.88,105.07,105.9,105.9,210673
2016-12-15,105.1,106.08,102.14,105.12,105.12,403588
2016-12-16,105.55,105.88,103.63,105.25,105.25,167041
2016-12-19,105.45,105.45,102.37,102.6,102.6,135562
2016-12-20,103.0,104.0,101.7,102.49,102.49,251355
2016-12-21,102.88,103.3,101.5,101.94,101.94,228257
2016-12-22,101.97,102.8,101.65,101.9,101.9,204236
2016-12-23,101.9,102.48,101.05,101.7,101.7,211435
2016-12-26,101.99,102.96,101.33,102.02,102.02,168795
2016-12-27,98.1,99.25,98.0,98.96,98.96,184247
2016-12-28,98.9,99.98,97.74,97.9,97.9,138251
2016-12-29,97.81,99.67,96.65,99.51,99.51,141386
2016-12-30,99.6,101.27,99.35,101.22,101.22,115066
2017-01-03,101.23,103.5,101.23,102.45,102.45,187145
2017-01-04,102.45,102.86,99.9,101.95,101.95,150167
2017-01-05,102.05,102.5,99.18,100.25,100.25,113456
2017-01-06,100.25,100.6,99.37,100.4,100.4,76996
2017-01-09,100.63,101.31,100.38,101.15,101.15,59446
2017-01-10,101.34,103.98,101.16,103.97,103.97,155362
2017-01-11,103.25,104.57,102.81,104.39,104.39,127176
2017-01-12,103.99,104.35,98.32,99.94,99.94,611509
2017-01-13,100.19,100.9,96.42,97.56,97.56,346521
2017-01-16,97.79,98.54,97.02,97.61,97.61,136911
2017-01-17,97.49,97.8,96.0,96.15,96.15,169780
2017-01-18,96.25,96.5,95.1,95.49,95.49,157984
2017-01-19,95.5,96.38,95.15,95.9,95.9,135387
2017-01-20,95.65,95.7,93.41,93.6,93.6,207962
2017-01-23,93.9,94.82,93.26,94.24,94.24,135490
2017-01-24,94.4,95.19,93.55,94.86,94.86,251091
2017-01-25,94.98,95.45,94.42,95.35,95.35,182688
2017-01-26,95.55,98.39,95.4,97.9,97.9,275406
2017-01-27,97.1,98.37,97.0,97.92,97.92,148086
2017-01-30,97.91,98.89,97.1,97.72,97.72,112137
2017-01-31,97.6,98.27,96.22,96.29,96.29,137944
2017-02-01,96.62,98.6,96.46,98.48,98.48,163459
2017-02-02,98.62,102.88,98.23,102.55,102.55,503321
2017-02-03,102.11,102.35,100.0,100.89,100.89,252133
2017-02-06,101.0,101.55,98.8,99.22,99.22,174682
2017-02-07,99.3,101.43,98.8,101.36,101.36,170697
2017-02-08,101.55,102.38,100.51,101.35,101.35,181642
2017-02-09,101.37,101.64,99.4,99.99,99.99,118463
2017-02-10,100.19,100.72,99.02,100.72,100.72,118992
2017-02-13,101.11,101.35,98.05,98.9,98.9,176477
2017-02-14,98.7,99.0,96.83,97.4,97.4,141314
2017-02-15,97.43,99.96,95.74,99.4,99.4,248021
2017-02-16,99.65,100.45,98.3,99.57,99.57,168824
2017-02-17,99.57,99.57,96.8,97.2,97.2,266672
2017-02-20,97.85,97.85,95.2,95.85,95.85,196375
2017-02-21,95.49,96.98,95.05,96.77,96.77,104620
2017-02-22,96.93,96.93,95.23,96.0,96.0,79924
2017-02-24,95.78,95.8,93.5,94.98,94.98,183937
2017-02-27,95.19,95.36,93.0,93.41,93.41,175139
2017-02-28,93.5,93.76,86.97,93.11,93.11,248696
2017-03-01,93.25,94.64,92.81,93.71,93.71,155841
2017-03-02,93.99,95.05,92.65,93.06,93.06,160221
2017-03-03,92.85,93.78,92.03,93.36,93.36,97166
2017-03-06,93.15,94.15,92.32,93.24,93.24,83142
2017-03-07,93.24,93.24,89.8,90.61,90.61,341783
2017-03-09,88.98,89.95,88.0,88.07,88.07,290185
2017-03-10,88.4,89.0,87.01,88.55,88.55,168332
2017-03-13,88.55,90.73,88.18,89.65,89.65,133556
2017-03-14,89.95,91.08,89.67,90.97,90.97,113755
2017-03-15,91.14,91.89,90.05,90.57,90.57,180248
2017-03-16,91.45,92.19,90.01,90.54,90.54,274194
2017-03-17,90.46,92.72,90.27,91.69,91.69,241489
2017-03-20,91.63,92.0,89.89,90.11,90.11,196243
2017-03-21,90.4,91.5,90.0,91.09,91.09,162165
2017-03-22,90.9,91.8,89.2,91.8,91.8,188896
2017-03-23,91.85,92.35,91.08,91.82,91.82,100883
2017-03-24,91.66,92.07,90.5,91.65,91.65,78961
2017-03-27,91.17,91.17,88.65,88.91,88.91,193036
2017-03-28,89.3,90.11,88.85,90.11,90.11,103265
2017-03-29,90.11,90.49,89.31,89.85,89.85,80644
2017-03-30,89.74,90.09,88.85,89.89,89.89,89989
2017-03-31,89.8,89.98,88.39,89.29,89.29,95153
2017-04-03,89.36,90.5,88.65,89.74,89.74,114662
2017-04-04,89.59,90.5,89.46,90.0,90.0,105121
2017-04-05,90.44,91.91,90.21,91.86,91.86,124549
2017-04-06,91.8,91.81,90.91,91.33,91.33,123348
2017-04-07,90.99,91.41,89.35,90.25,90.25,196681
2017-04-10,90.04,90.39,88.85,89.56,89.56,155514
2017-04-11,89.52,90.65,89.39,89.64,89.64,109699
2017-04-12,90.11,90.15,88.75,89.24,89.24,111974
2017-04-13,89.48,89.48,86.84,87.75,87.75,208100
2017-04-14,87.5,88.27,87.08,87.1,87.1,42964
2017-04-17,87.42,88.66,86.5,88.41,88.41,77081
2017-04-18,88.47,88.58,85.51,85.56,85.56,190006
2017-04-19,85.94,86.5,84.92,85.53,85.53,135979
2017-04-20,85.5,86.2,84.71,86.2,86.2,130915
2017-04-21,86.12,86.45,84.62,85.38,85.38,145299
2017-04-24,85.63,87.05,84.67,86.85,86.85,176727
2017-04-25,87.21,89.04,86.15,88.73,88.73,149714
2017-04-26,88.97,89.4,87.21,88.9,88.9,171795
2017-04-27,88.18,89.78,86.77,87.5,87.5,193810
2017-04-28,87.8,88.93,87.4,87.47,87.47,160861
2017-05-02,87.86,89.4,87.7,88.09,88.09,153926
2017-05-03,88.0,88.0,86.75,86.88,86.88,152566
2017-05-04,86.69,87.42,85.76,87.01,87.01,165870
2017-05-05,86.53,87.69,85.66,87.65,87.65,131504
2017-05-10,88.0,88.15,85.71,86.58,86.58,200296
2017-05-11,86.36,86.59,84.78,85.0,85.0,207810
2017-05-12,85.04,85.11,83.52,84.05,84.05,153250
2017-05-15,84.23,85.3,83.51,85.3,85.3,164624
2017-05-16,85.19,85.2,83.65,84.02,84.02,113969
2017-05-17,83.88,84.51,83.6,83.72,83.72,135495
2017-05-18,83.53,84.44,82.48,84.2,84.2,241348
2017-05-19,84.25,84.95,83.05,83.05,83.05,122602
2017-05-22,83.05,83.75,82.51,82.75,82.75,112447
2017-05-23,82.61,83.89,82.09,83.59,83.59,109666
2017-05-24,83.07,83.99,82.92,83.99,83.99,82265
2017-05-25,84.08,84.48,82.27,82.27,82.27,144919
2017-05-26,82.5,82.64,81.65,82.0,82.0,126080
2017-05-29,82.2,82.47,81.43,81.43,81.43,70486
2017-05-30,81.5,81.6,80.35,80.5,80.5,154345
2017-05-31,80.38,80.67,79.02,79.02,79.02,314631
2017-06-01,79.49,79.58,77.5,77.91,77.91,283785
2017-06-02,78.0,78.9,76.77,78.29,78.29,233230
2017-06-05,78.53,79.75,77.91,78.87,78.87,159842
2017-06-06,79.29,79.55,78.0,78.98,78.98,124799
2017-06-07,78.75,79.54,78.54,78.65,78.65,122570
2017-06-08,78.71,80.2,78.71,80.13,80.13,149621
2017-06-09,79.91,81.41,79.89,81.0,81.0,193627
2017-06-13,80.57,81.45,80.22,80.58,80.58,158695
2017-06-14,80.6,81.46,80.59,81.13,81.13,152743
2017-06-15,80.75,81.09,78.62,80.11,80.11,473032
2017-06-16,80.3,81.94,80.3,81.54,81.54,248522
2017-06-19,81.9,82.73,81.62,82.5,82.5,171048
2017-06-20,82.67,83.76,82.31,83.11,83.11,212940
2017-06-21,83.0,83.59,81.73,82.9,82.9,248295
2017-06-22,79.21,79.49,77.91,78.5,78.5,444514
2017-06-23,78.75,80.95,78.26,80.15,80.15,379595
2017-06-26,80.54,81.23,79.91,79.99,79.99,133668
2017-06-27,79.77,81.45,79.67,81.26,81.26,163095
2017-06-28,81.05,82.46,80.75,81.75,81.75,160350
2017-06-29,82.01,82.38,81.31,81.8,81.8,127313
2017-06-30,81.7,82.88,80.68,80.68,80.68,195603
2017-07-03,81.07,82.47,80.9,82.46,82.46,120868
2017-07-04,82.25,82.45,81.61,81.97,81.97,96847
2017-07-05,82.17,82.98,81.65,82.88,82.88,151838
2017-07-06,82.75,83.86,82.75,83.43,83.43,136882
2017-07-07,82.58,84.05,82.4,83.73,83.73,151915
2017-07-10,83.99,85.15,83.82,85.15,85.15,193488
2017-07-11,85.5,85.99,85.1,85.91,85.91,119772
2017-07-12,85.96,86.4,85.12,86.0,86.0,198692
2017-07-13,86.0,86.2,84.2,84.96,84.96,178759
2017-07-14,84.78,84.91,83.91,84.8,84.8,135168
2017-07-17,85.08,85.93,84.5,85.93,85.93,178398
2017-07-18,85.75,86.15,85.32,85.74,85.74,153118
2017-07-19,85.65,86.93,85.58,86.93,86.93,126311
2017-07-20,86.89,87.46,82.6,84.1,84.1,294050
2017-07-21,83.99,84.51,82.91,83.88,83.88,420458
2017-07-24,83.7,85.85,83.7,85.85,85.85,348803
2017-07-25,85.95,87.13,85.73,86.75,86.75,790335
2017-07-26,86.61,87.24,86.12,86.46,86.46,291899
2017-07-27,86.75,88.67,86.55,88.65,88.65,253874
2017-07-28,88.4,88.96,87.18,88.31,88.31,278590
2017-07-31,88.26,89.6,88.26,89.3,89.3,201926
2017-08-01,89.6,90.9,89.11,90.55,90.55,226209
2017-08-02,90.2,91.77,90.2,91.42,91.42,236716
2017-08-03,91.6,91.97,90.44,90.95,90.95,226345
2017-08-04,90.83,91.15,90.1,90.99,90.99,115889
2017-08-07,91.0,92.7,90.99,92.7,92.7,209361
2017-08-08,92.6,92.8,91.31,92.0,92.0,168632
2017-08-09,92.48,92.95,92.1,92.69,92.69,155444
2017-08-10,92.53,92.88,91.33,91.8,91.8,148627
2017-08-11,90.65,90.99,89.2,90.0,90.0,249329
2017-08-14,90.36,91.15,89.84,90.5,90.5,115590
2017-08-15,90.5,90.86,88.4,89.19,89.19,298141
2017-08-16,88.9,88.94,86.16,87.25,87.25,602613
2017-08-17,87.2,88.44,87.02,87.68,87.68,166826
2017-08-18,87.33,89.19,87.01,88.99,88.99,261692
2017-08-21,89.24,90.28,89.1,90.05,90.05,198361
2017-08-22,90.59,90.98,90.25,90.71,90.71,162598
2017-08-23,90.7,91.3,90.54,91.3,91.3,250141
2017-08-24,91.43,92.2,90.97,92.2,92.2,214775
2017-08-25,90.84,92.09,89.23,91.5,91.5,358990
2017-08-28,91.5,92.89,91.05,92.89,92.89,135800
2017-08-29,92.95,94.73,92.21,94.73,94.73,305359
2017-08-30,94.92,96.2,94.1,95.0,95.0,279574
2017-08-31,94.99,98.16,94.71,97.9,97.9,556145
2017-09-01,98.2,99.2,97.07,98.03,98.03,357581
2017-09-04,98.0,98.5,96.74,97.46,97.46,130404
2017-09-05,97.59,97.87,96.5,96.92,96.92,146196
2017-09-06,96.82,98.6,96.81,98.25,98.25,262020
2017-09-07,98.6,98.68,96.6,96.6,96.6,228305
2017-09-08,96.63,98.15,96.12,96.75,96.75,172956
2017-09-11,96.9,97.98,96.01,96.67,96.67,229219
2017-09-12,96.5,98.67,96.44,98.67,98.67,186130
2017-09-13,98.55,98.74,96.5,96.5,96.5,195287
2017-09-14,96.29,96.5,94.7,95.6,95.6,249580
2017-09-15,95.67,95.78,94.27,95.35,95.35,208815
2017-09-18,95.69,96.91,95.35,95.47,95.47,168612
2017-09-19,95.29,96.29,95.25,96.13,96.13,143530
2017-09-20,96.41,96.79,95.32,96.73,96.73,199277
2017-09-21,96.39,97.32,95.71,97.1,97.1,243144
2017-09-22,96.3,96.4,95.03,95.93,95.93,264969
2017-09-25,95.91,96.85,95.24,96.5,96.5,187771
2017-09-26,96.73,97.73,95.94,96.07,96.07,163477
2017-09-27,96.07,97.15,96.0,96.49,96.49,158356
2017-09-28,96.5,96.63,95.82,96.48,96.48,109981
2017-09-29,96.5,99.45,96.45,99.2,99.2,397140
2017-10-02,99.2,101.4,99.04,101.34,101.34,344316
2017-10-03,101.68,102.91,101.45,102.53,102.53,291371
2017-10-04,102.9,103.06,101.35,102.13,102.13,219816
2017-10-05,102.03,103.58,101.71,103.28,103.28,187774
2017-10-06,103.8,104.0,102.86,103.13,103.13,118414
2017-10-09,103.32,104.38,103.32,104.38,104.38,139197
2017-10-10,104.47,104.47,101.8,102.54,102.54,192315
2017-10-11,102.54,103.06,101.52,102.75,102.75,176748
2017-10-12,102.78,102.92,100.68,101.55,101.55,279010
2017-10-13,101.55,104.96,101.55,104.9,104.9,492230
2017-10-16,105.0,108.34,104.9,107.8,107.8,587617
2017-10-17,107.49,107.74,106.5,107.3,107.3,269508
2017-10-18,105.7,109.18,105.3,107.56,107.56,406090
2017-10-19,107.59,108.2,105.27,105.27,105.27,274876
2017-10-20,106.11,107.42,106.04,106.96,106.96,209763
2017-10-23,107.25,107.5,106.0,106.73,106.73,128935
2017-10-24,106.75,107.34,104.92,106.66,106.66,133852
2017-10-25,106.69,106.85,103.5,103.9,103.9,239577
2017-10-26,103.9,105.65,102.89,104.25,104.25,210995
2017-10-27,104.0,105.57,103.83,105.32,105.32,151263
2017-10-30,104.83,106.56,104.2,105.9,105.9,143267
2017-10-31,106.5,107.89,105.92,105.92,105.92,181392
2017-11-01,107.5,110.7,107.4,110.5,110.5,416048
2017-11-02,110.7,114.6,109.22,113.5,113.5,505046
2017-11-03,113.99,117.87,113.47,115.51,115.51,516509
2017-11-07,116.76,119.38,113.18,116.1,116.1,424677
2017-11-08,115.38,115.38,113.54,114.55,114.55,221535
2017-11-09,113.2,115.27,112.2,114.65,114.65,243940
2017-11-10,114.01,115.89,113.64,114.0,114.0,146370
2017-11-13,114.41,115.5,113.6,114.7,114.7,134447
2017-11-14,114.24,115.03,110.8,111.51,111.51,173877
2017-11-15,110.59,111.5,108.03,108.03,108.03,216146
2017-11-16,108.03,111.77,108.03,110.44,110.44,176537
2017-11-17,110.44,110.99,108.0,108.13,108.13,112440
2017-11-20,108.35,110.0,104.1,105.44,105.44,313993
2017-11-21,104.0,107.0,102.12,105.15,105.15,472976
2017-11-22,105.45,107.84,104.31,107.68,107.68,166614
2017-11-23,107.5,107.51,104.85,106.09,106.09,113933
2017-11-24,106.5,107.69,106.16,107.5,107.5,104314
2017-11-27,106.5,106.59,104.5,105.5,105.5,101322
2017-11-28,104.3,104.31,101.25,102.2,102.2,213459
2017-11-29,102.7,103.76,100.82,101.07,101.07,157080
2017-11-30,100.71,101.47,98.76,98.76,98.76,267827
2017-12-01,99.25,100.8,98.9,100.8,100.8,137706
2017-12-04,101.24,102.8,100.3,101.66,101.66,117134
2017-12-05,101.25,101.28,99.31,100.77,100.77,135953
2017-12-06,100.22,101.87,99.36,101.66,101.66,131809
2017-12-07,100.0,101.5,99.69,100.63,100.63,109272
2017-12-08,100.88,101.84,100.24,100.77,100.77,97607
2017-12-11,100.55,104.23,100.35,104.23,104.23,134271
2017-12-12,104.01,107.87,103.8,107.87,107.87,269204
2017-12-13,107.7,107.7,104.4,105.12,105.12,142050
2017-12-14,105.1,106.89,104.77,106.69,106.69,129846
2017-12-15,106.5,107.39,104.42,105.95,105.95,173166
2017-12-18,106.2,107.59,105.12,106.8,106.8,137850
2017-12-19,106.8,106.99,105.3,106.53,106.53,93132
2017-12-20,105.6,107.0,105.6,106.13,106.13,108259
2017-12-21,106.22,107.17,104.51,105.31,105.31,137375
2017-12-22,105.3,107.29,104.03,107.1,107.1,105756
2017-12-25,107.1,107.1,106.2,106.55,106.55,26935
2017-12-26,106.38,106.84,105.3,106.29,106.29,35289
2017-12-27,105.64,107.0,105.0,106.21,106.21,124848
2017-12-28,106.48,107.18,105.86,106.94,106.94,69933
2017-12-29,106.88,108.55,106.08,108.5,108.5,92951
2018-01-03,108.8,113.02,108.8,113.02,113.02,152990
2018-01-04,113.1,116.0,112.69,115.85,115.85,200891
2018-01-05,116.06,116.39,114.56,115.65,115.65,191238
2018-01-09,116.1,117.94,115.9,116.75,116.75,244866
2018-01-10,116.7,116.97,114.82,116.55,116.55,231328
2018-01-11,116.14,118.5,115.4,116.62,116.62,225195
2018-01-12,116.6,117.22,114.81,116.0,116.0,129018
2018-01-15,116.61,117.5,115.8,117.5,117.5,136249
2018-01-16,116.95,117.0,113.2,113.75,113.75,214015
2018-01-17,113.28,114.98,111.35,114.98,114.98,263552
2018-01-18,114.98,116.3,114.16,115.6,115.6,199705
2018-01-19,115.67,116.0,113.84,114.7,114.7,155913
2018-01-22,114.5,115.69,113.9,114.88,114.88,157334
2018-01-23,115.35,115.35,111.06,111.98,111.98,279554
2018-01-24,111.9,113.78,109.65,113.25,113.25,247870
2018-01-25,114.2,115.37,113.5,115.37,115.37,262730
2018-01-26,115.25,115.25,112.21,114.2,114.2,174245
2018-01-29,115.0,117.09,114.21,115.39,115.39,208116
2018-01-30,114.17,115.19,113.66,114.83,114.83,166658
2018-01-31,114.5,116.64,114.04,116.08,116.08,174668
2018-02-01,116.07,117.5,115.47,116.39,116.39,172681
2018-02-02,116.48,116.95,114.0,114.96,114.96,193577
2018-02-05,114.5,116.7,112.5,115.81,115.81,169438
2018-02-06,112.9,114.91,112.65,113.08,113.08,305995
2018-02-07,114.7,115.12,112.05,112.68,112.68,190000
2018-02-08,112.39,112.5,110.2,111.1,111.1,163176
2018-02-09,109.41,113.49,109.06,111.01,111.01,213171
2018-02-12,112.55,112.91,111.22,111.47,111.47,133347
2018-02-13,111.96,115.0,111.22,115.0,115.0,213964
2018-02-14,115.01,117.61,114.6,117.61,117.61,264873
2018-02-15,118.0,119.7,117.6,117.85,117.85,315490
2018-02-16,117.9,117.99,104.22,108.1,108.1,1140685
2018-02-19,108.1,112.81,105.1,111.71,111.71,580491
2018-02-20,111.9,112.44,109.5,110.6,110.6,362250
2018-02-21,110.0,116.4,109.99,113.0,113.0,516332
2018-02-22,112.51,114.0,111.07,113.8,113.8,260419
2018-02-26,115.7,119.26,114.37,118.74,118.74,402976
2018-02-27,118.9,118.98,115.05,115.5,115.5,265654
2018-02-28,115.0,115.0,111.35,111.59,111.59,347007
2018-03-01,110.98,112.78,110.21,111.73,111.73,196345
2018-03-02,111.51,112.49,110.37,112.48,112.48,138150
2018-03-05,112.7,113.94,111.31,111.99,111.99,158462
2018-03-06,112.1,113.96,107.6,111.61,111.61,534687
2018-03-07,111.36,111.76,110.11,111.6,111.6,155791
2018-03-09,111.3,112.87,109.13,110.77,110.77,166640
2018-03-12,111.46,112.09,110.25,111.57,111.57,110478
2018-03-13,110.93,111.47,110.35,111.01,111.01,99039
2018-03-14,110.64,110.79,108.0,108.81,108.81,212369
2018-03-15,108.4,109.33,107.25,108.9,108.9,182542
2018-03-16,108.3,109.93,107.62,109.27,109.27,211891
2018-03-19,109.4,110.21,108.93,109.11,109.11,82011
2018-03-20,109.41,109.66,107.6,109.5,109.5,147443
2018-03-21,109.36,110.44,108.6,109.32,109.32,110234
2018-03-22,109.43,110.67,108.75,110.03,110.03,93711
2018-03-23,109.3,109.98,107.6,109.98,109.98,138654
2018-03-26,109.53,109.53,107.5,107.5,107.5,106859
2018-03-27,108.0,108.45,106.69,107.28,107.28,122646
2018-03-28,106.99,107.82,106.28,106.95,106.95,96600
2018-03-29,107.29,107.95,106.6,107.95,107.95,120855
2018-03-30,107.79,108.0,107.4,107.6,107.6,28302
2018-04-02,107.86,110.11,107.61,108.0,108.0,95784
2018-04-03,108.1,108.74,107.18,108.3,108.3,119362
2018-04-04,108.29,108.87,106.8,107.35,107.35,163314
2018-04-05,107.75,108.19,106.62,107.44,107.44,142517
2018-04-06,106.9,107.53,106.2,107.33,107.33,129463
2018-04-09,106.23,106.25,88.24,91.7,91.7,1298445
2018-04-10,92.41,99.98,91.0,98.1,98.1,704827
2018-04-11,98.1,103.43,96.61,98.88,98.88,412500
2018-04-12,99.04,103.76,96.59,103.76,103.76,421598
2018-04-13,103.66,105.7,102.5,104.9,104.9,319193
2018-04-16,102.57,106.78,97.78,99.0,99.0,579958
2018-04-17,102.9,103.7,100.61,102.29,102.29,280568
2018-04-18,102.55,106.72,102.1,106.72,106.72,369132
2018-04-19,107.5,110.75,105.2,106.85,106.85,419353
2018-04-20,106.8,107.3,105.25,106.15,106.15,130200
2018-04-23,106.06,108.9,104.05,108.75,108.75,333633
2018-04-24,109.1,109.32,107.27,108.6,108.6,127826
2018-04-25,108.0,108.88,107.2,108.03,108.03,126880
2018-04-26,108.0,109.88,107.57,109.88,109.88,177613
2018-04-27,109.8,110.0,107.77,109.89,109.89,140218
2018-04-28,109.15,109.5,108.81,109.49,109.49,22800
2018-04-30,109.64,109.85,108.06,108.14,108.14,78840
2018-05-02,108.34,111.15,108.01,110.4,110.4,149927
2018-05-03,110.1,110.98,108.56,108.56,108.56,129166
2018-05-04,109.04,110.3,108.75,109.96,109.96,107509
2018-05-07,110.45,112.1,110.35,111.5,111.5,99572
2018-05-08,111.52,111.54,108.73,110.94,110.94,226038
2018-05-10,110.52,110.65,106.65,107.3,107.3,346173
2018-05-11,107.6,108.28,106.64,107.29,107.29,113787
2018-05-14,107.53,107.89,106.28,107.78,107.78,117470
2018-05-15,107.78,109.35,106.65,109.15,109.15,207128
2018-05-16,109.0,110.1,107.8,108.0,108.0,170440
2018-05-17,108.34,108.39,107.32,107.9,107.9,195561
2018-05-18,107.96,108.46,107.06,107.32,107.32,130733
2018-05-21,107.54,110.47,107.54,109.22,109.22,170146
2018-05-22,109.2,110.75,108.32,109.98,109.98,138432
2018-05-23,109.34,110.19,108.5,108.5,108.5,124678
2018-05-24,108.86,109.77,108.21,108.8,108.8,90659
2018-05-25,110.0,111.09,109.41,110.9,110.9,191996
2018-05-28,110.52,111.74,110.52,111.7,111.7,51596
2018-05-29,111.68,111.97,110.43,111.44,111.44,105257
2018-05-30,111.43,112.59,110.12,110.66,110.66,171748
2018-05-31,111.0,111.82,110.23,111.11,111.11,246035
2018-06-01,111.42,113.63,110.75,111.5,111.5,166033
2018-06-04,111.97,114.74,111.97,114.74,114.74,116148
2018-06-05,114.8,115.9,114.18,115.51,115.51,97779
2018-06-06,115.44,116.4,114.21,116.4,116.4,131771
2018-06-07,116.14,117.39,115.2,116.44,116.44,103493
2018-06-08,116.4,117.35,113.55,113.55,113.55,182587
2018-06-09,114.0,114.9,113.91,114.84,114.84,17569
2018-06-11,114.58,115.9,113.8,115.0,115.0,54759
2018-06-13,114.9,115.65,112.73,112.75,112.75,140290
2018-06-14,112.68,112.95,110.85,111.61,111.61,135422
2018-06-15,111.73,112.52,110.58,110.66,110.66,188707
2018-06-18,110.5,111.65,110.11,110.51,110.51,99711
2018-06-19,110.28,112.0,108.61,111.26,111.26,185359
2018-06-20,111.47,113.5,111.47,112.43,112.43,176729
2018-06-21,112.5,113.42,112.1,112.24,112.24,113834
2018-06-22,112.7,113.83,112.0,112.22,112.22,121710
2018-06-25,112.02,114.87,112.01,112.85,112.85,126424
2018-06-26,113.05,114.0,112.07,112.22,112.22,60294
2018-06-27,112.07,112.7,110.53,111.0,111.0,229682
2018-06-28,112.6,113.0,110.8,111.15,111.15,160038
2018-06-29,111.71,113.99,111.51,113.99,113.99,160841
2018-07-02,113.49,116.24,113.04,116.0,116.0,159066
2018-07-03,116.23,116.45,114.64,115.4,115.4,106325
2018-07-04,115.5,116.02,114.38,114.58,114.58,110518
2018-07-05,114.79,116.0,113.81,115.66,115.66,241193
2018-07-06,115.6,117.47,115.31,116.98,116.98,149735
2018-07-09,117.5,118.84,116.5,117.99,117.99,181814
2018-07-10,118.07,118.68,116.5,117.25,117.25,174576
2018-07-11,116.48,116.48,112.6,112.6,112.6,355172
2018-07-12,113.5,113.89,112.01,113.59,113.59,207277
2018-07-13,113.49,114.8,113.01,113.98,113.98,298366
2018-07-16,109.28,109.69,106.31,106.8,106.8,283577
2018-07-17,106.76,106.76,104.7,106.1,106.1,183005
2018-07-18,106.21,106.67,104.75,105.74,105.74,192873
2018-07-19,105.6,105.9,102.8,103.5,103.5,162950
2018-07-20,103.5,104.47,101.74,102.55,102.55,178627
2018-07-23,102.78,104.34,102.2,103.14,103.14,99215
2018-07-24,103.53,107.9,103.39,107.6,107.6,281521
2018-07-25,106.99,108.82,105.69,108.45,108.45,149453
2018-07-26,108.7,109.39,107.37,108.27,108.27,146296
2018-07-27,108.0,108.71,106.69,108.48,108.48,107176
2018-07-30,108.15,109.35,107.4,108.66,108.66,98438
2018-07-31,108.5,109.39,107.25,108.82,108.82,136221
2018-08-01,108.79,109.03,107.6,107.82,107.82,80940
2018-08-02,107.46,107.81,105.92,107.0,107.0,125542
2018-08-03,106.69,108.14,105.17,108.14,108.14,110346
2018-08-06,107.81,108.4,106.52,107.7,107.7,77641
2018-08-07,107.8,108.47,107.15,108.3,108.3,84244
2018-08-08,108.3,108.5,106.5,108.3,108.3,183061
2018-08-09,108.2,109.99,107.35,109.99,109.99,276646
2018-08-10,106.0,108.0,104.86,108.0,108.0,438241
2018-08-13,107.5,111.0,107.37,110.05,110.05,295847
2018-08-14,111.05,111.91,109.26,109.9,109.9,246374
2018-08-15,109.72,110.0,108.61,110.0,110.0,251786
2018-08-16,110.0,110.67,108.44,109.01,109.01,143735
2018-08-17,109.28,109.78,107.8,108.21,108.21,152735
2018-08-20,108.61,110.0,108.39,109.5,109.5,154134
2018-08-21,109.74,110.15,108.91,109.3,109.3,120879
2018-08-22,109.46,110.74,108.96,110.74,110.74,199744
2018-08-23,110.33,111.37,109.21,109.5,109.5,149341
2018-08-24,109.32,110.35,109.1,110.15,110.15,93237
2018-08-27,110.3,110.72,109.86,110.72,110.72,66020
2018-08-28,110.62,113.37,110.6,112.5,112.5,279584
2018-08-29,112.5,113.82,112.3,113.38,113.38,127005
2018-08-30,113.79,113.85,112.14,112.62,112.62,136298
2018-08-31,112.4,113.09,111.82,112.2,112.2,124634
2018-09-03,112.23,113.23,112.0,112.87,112.87,63303
2018-09-04,112.7,113.24,111.57,112.5,112.5,92994
2018-09-05,112.35,112.39,111.36,111.36,111.36,94281
2018-09-06,111.55,113.05,111.25,112.06,112.06,101802
2018-09-07,112.09,112.98,111.18,112.0,112.0,100714
2018-09-10,112.2,113.68,112.11,113.65,113.65,113217
2018-09-11,113.33,114.8,112.9,114.56,114.56,176167
2018-09-12,114.49,115.68,114.21,115.65,115.65,115130
2018-09-13,115.61,116.7,115.26,116.37,116.37,99802
2018-09-14,116.5,116.5,115.05,115.25,115.25,92199
2018-09-17,115.2,115.4,113.53,115.4,115.4,116783
2018-09-18,115.2,116.3,115.1,115.87,115.87,106280
2018-09-19,116.0,117.9,115.4,116.51,116.51,225489
2018-09-20,116.6,118.38,115.94,117.05,117.05,277405
2018-09-21,117.4,120.73,117.3,120.73,120.73,331882
2018-09-24,120.65,121.44,117.57,119.16,119.16,218705
2018-09-25,119.0,119.79,118.01,119.57,119.57,166883
2018-09-26,119.57,119.97,118.8,118.86,118.86,105311
2018-09-27,118.75,119.3,117.57,118.3,118.3,325272
2018-09-28,111.7,114.59,111.01,113.88,113.88,319711
2018-10-01,114.3,115.29,112.51,113.07,113.07,157040
2018-10-02,113.39,113.93,111.56,112.29,112.29,124820
2018-10-03,112.01,115.06,112.01,113.65,113.65,168263
2018-10-04,114.1,114.44,113.07,114.16,114.16,100227
2018-10-05,114.09,114.1,112.47,112.92,112.92,89003
2018-10-08,113.28,113.99,112.9,113.21,113.21,78365
2018-10-09,113.42,115.09,113.26,114.03,114.03,89928
2018-10-10,114.2,116.5,113.51,113.76,113.76,183574
2018-10-11,112.2,112.85,111.14,112.53,112.53,180587
2018-10-12,112.9,113.26,111.43,111.7,111.7,150419
2018-10-15,111.5,111.76,110.11,110.88,110.88,169603
2018-10-16,110.99,112.64,110.55,112.64,112.64,135591
2018-10-17,112.66,114.7,112.54,114.3,114.3,110894
2018-10-18,114.23,114.23,112.57,113.6,113.6,107482
2018-10-19,113.67,114.86,112.85,113.78,113.78,140920
2018-10-22,114.0,115.8,112.8,112.91,112.91,136901
2018-10-23,112.75,112.89,110.61,110.61,110.61,129644
2018-10-24,111.11,112.3,110.25,110.25,110.25,168742
2018-10-25,109.98,110.75,108.7,109.02,109.02,191301
2018-10-26,108.71,109.14,105.7,106.5,106.5,203007
2018-10-29,106.39,107.7,105.55,106.79,106.79,97835
2018-10-30,106.57,107.67,106.11,107.02,107.02,110161
2018-10-31,107.49,110.0,107.4,110.0,110.0,154248
2018-11-01,109.5,112.5,109.1,112.5,112.5,188803
2018-11-02,112.61,114.7,112.35,114.7,114.7,284532
2018-11-06,114.3,115.88,113.22,115.65,115.65,134997
2018-11-07,115.42,116.95,114.61,116.95,116.95,149226
2018-11-08,116.63,117.5,115.71,116.98,116.98,121490
2018-11-09,116.33,116.93,115.3,116.89,116.89,169263
2018-11-12,117.0,117.05,115.95,116.08,116.08,74889
2018-11-13,116.1,117.17,115.6,116.08,116.08,96614
2018-11-14,115.73,116.85,115.21,116.83,116.83,93587
2018-11-15,116.92,118.69,116.33,117.01,117.01,135387
2018-11-16,117.44,118.12,115.78,117.14,117.14,117392
2018-11-19,117.2,118.49,116.91,117.46,117.46,106234
2018-11-20,117.1,117.6,115.95,117.42,117.42,103815
2018-11-21,116.89,118.4,116.61,118.2,118.2,111062
2018-11-22,118.2,119.0,117.5,118.76,118.76,105446
2018-11-23,118.49,119.84,117.88,119.54,119.54,129948
2018-11-26,119.54,120.26,116.17,119.59,119.59,214972
2018-11-27,119.55,123.79,119.47,123.79,123.79,260687
2018-11-28,123.51,127.95,123.21,127.7,127.7,247852
2018-11-29,127.81,129.7,126.51,126.91,126.91,219933
2018-11-30,126.7,127.89,125.53,127.38,127.38,233490
2018-12-03,127.88,129.92,127.02,128.17,128.17,132646
2018-12-04,127.97,128.87,124.72,126.66,126.66,205111
2018-12-05,125.71,128.2,124.79,128.2,128.2,143467
2018-12-06,127.11,127.74,125.72,126.99,126.99,92203
2018-12-07,127.2,127.54,126.5,127.45,127.45,96898
2018-12-10,127.0,128.11,126.22,126.3,126.3,101237
2018-12-11,126.3,127.83,125.31,127.38,127.38,120684
2018-12-12,127.99,129.34,127.03,128.9,128.9,130243
2018-12-13,129.02,132.32,128.75,132.2,132.2,203228
2018-12-14,132.19,132.2,130.54,131.6,131.6,101435
2018-12-17,131.11,134.9,131.11,133.49,133.49,144401
2018-12-18,132.1,133.24,131.33,132.12,132.12,135896
2018-12-19,132.29,132.29,129.41,131.25,131.25,154270
2018-12-20,131.0,132.17,129.05,132.17,132.17,169667
2018-12-21,131.6,131.77,129.13,130.14,130.14,157198
2018-12-24,129.97,130.1,127.21,127.83,127.83,61743
2018-12-25,127.01,127.02,124.61,125.55,125.55,58631
2018-12-26,125.62,128.93,125.62,128.67,128.67,69071
2018-12-27,129.96,129.96,128.16,128.89,128.89,99165
2018-12-28,129.53,131.55,128.94,130.73,130.73,83656
2018-12-29,131.31,131.31,129.51,130.39,130.39,18666
2019-01-03,129.78,130.43,128.51,129.93,129.93,63500
2019-01-04,130.21,130.75,129.34,130.7,130.7,57889
2019-01-08,130.94,131.28,130.3,131.28,131.28,79771
2019-01-09,131.75,133.17,131.63,132.29,132.29,90514
2019-01-10,132.35,133.43,131.37,133.43,133.43,106387
2019-01-11,133.53,135.45,133.08,134.37,134.37,129198
2019-01-14,133.55,134.35,132.77,133.89,133.89,86132
2019-01-15,134.0,134.61,132.23,133.89,133.89,140167
2019-01-16,133.87,133.87,131.42,131.8,131.8,83212
2019-01-17,132.0,133.09,130.69,132.82,132.82,144099
2019-01-18,133.34,133.79,132.11,133.59,133.59,86962
2019-01-21,133.75,133.75,133.09,133.53,133.53,46764
2019-01-22,133.17,133.38,132.33,133.06,133.06,105402
2019-01-23,133.19,134.02,132.56,133.78,133.78,108996
2019-01-24,133.65,134.44,132.85,133.69,133.69,114448
2019-01-25,133.75,134.72,132.72,133.12,133.12,123274
2019-01-28,133.15,133.36,130.61,130.89,130.89,104404
2019-01-29,131.0,132.6,130.01,132.6,132.6,117525
2019-01-30,132.59,136.39,131.92,136.39,136.39,236099
2019-01-31,136.65,139.0,135.96,135.96,135.96,227174
2019-02-01,136.0,137.58,135.0,135.34,135.34,133178
2019-02-04,135.34,136.26,134.8,135.0,135.0,76455
2019-02-05,135.7,136.94,135.0,135.88,135.88,89284
2019-02-06,135.9,137.88,135.86,136.9,136.9,117511
2019-02-07,136.8,137.16,135.64,136.5,136.5,91653
2019-02-08,136.08,137.38,135.84,137.32,137.32,66037
2019-02-11,137.2,137.88,136.84,137.02,137.02,91234
2019-02-12,137.54,137.9,137.2,137.8,137.8,85666
2019-02-13,137.98,137.98,135.42,135.52,135.52,97090
2019-02-14,134.68,137.58,134.68,137.4,137.4,128354
2019-02-15,137.52,138.88,136.76,137.5,137.5,135615
2019-02-18,137.5,137.5,135.56,136.6,136.6,97459
2019-02-19,136.68,138.0,135.84,138.0,138.0,106316
2019-02-20,138.2,142.58,138.04,142.5,142.5,218195
2019-02-21,142.6,142.6,139.64,140.52,140.52,132272
2019-02-22,140.5,141.82,139.96,141.22,141.22,94813
2019-02-25,141.4,146.06,141.4,145.94,145.94,245286
2019-02-26,145.78,146.58,143.7,144.2,144.2,202346
2019-02-27,144.4,145.3,141.82,143.02,143.02,127092
2019-02-28,143.0,143.22,140.9,141.14,141.14,177201
2019-03-01,141.74,142.4,140.66,141.0,141.0,102022
2019-03-04,141.16,141.16,137.88,137.94,137.94,162320
2019-03-05,137.2,138.04,136.32,137.7,137.7,114161
2019-03-06,138.32,145.26,138.32,144.42,144.42,318763
2019-03-07,144.5,145.96,143.5,144.42,144.42,241602
2019-03-11,143.7,144.34,140.46,141.0,141.0,342661
2019-03-12,142.26,144.68,141.76,143.8,143.8,262723
2019-03-13,137.8,140.02,137.56,138.5,138.5,1373068
2019-03-14,138.72,140.0,138.5,139.52,139.52,367362
2019-03-15,139.9,142.26,139.9,142.26,142.26,297592
2019-03-18,142.26,143.0,141.04,142.84,142.84,249663
2019-03-19,143.1,144.2,142.5,143.5,143.5,233372
2019-03-20,143.92,144.34,142.26,143.16,143.16,244040
2019-03-21,143.16,143.5,141.56,142.9,142.9,220577
2019-03-22,143.0,143.28,141.76,142.8,142.8,155512
2019-03-25,142.24,143.36,141.06,142.8,142.8,173100
2019-03-26,143.34,144.0,142.4,143.0,143.0,245623
2019-03-27,141.0,141.54,137.76,138.74,138.74,442842
2019-03-28,138.46,138.98,134.02,134.36,134.36,375900
2019-03-29,134.56,137.3,134.2,137.2,137.2,217769
2019-04-01,137.2,140.64,137.12,139.94,139.94,168977
2019-04-02,139.98,141.94,139.9,141.6,141.6,185077
2019-04-03,142.0,142.9,140.7,141.86,141.86,233583
2019-04-04,141.72,142.88,141.24,142.88,142.88,130839
2019-04-05,142.8,144.0,142.66,143.32,143.32,160356
2019-04-08,143.4,144.2,142.58,143.48,143.48,94575
2019-04-09,143.48,144.16,142.58,144.0,144.0,131574
2019-04-10,143.92,145.28,143.32,144.4,144.4,96599
2019-04-11,144.48,144.48,141.52,142.3,142.3,107842
2019-04-12,142.3,144.58,141.72,144.18,144.18,115388
2019-04-15,144.18,144.38,143.26,143.92,143.92,56811
2019-04-16,144.06,146.0,143.54,145.58,145.58,144893
2019-04-17,145.3,146.3,144.76,146.0,146.0,90210
2019-04-18,146.0,146.0,143.82,145.1,145.1,113999
2019-04-19,144.84,145.48,144.74,145.1,145.1,23758
2019-04-22,145.5,145.88,145.24,145.28,145.28,23662
2019-04-23,145.28,145.44,143.34,144.3,144.3,84440
2019-04-24,144.28,144.44,141.98,143.16,143.16,105596
2019-04-25,142.88,144.8,141.82,144.7,144.7,122181
2019-04-26,144.48,147.26,143.82,147.2,147.2,137838
2019-04-29,146.8,147.96,144.5,144.9,144.9,79816
2019-04-30,145.4,145.4,142.12,143.42,143.42,155974
2019-05-02,143.16,143.2,142.0,142.8,142.8,63089
2019-05-03,143.0,143.8,142.0,142.38,142.38,100897
2019-05-06,141.9,144.0,140.8,144.0,144.0,84374
2019-05-07,143.6,144.38,141.52,141.52,141.52,118566
2019-05-08,141.6,142.0,140.9,141.08,141.08,144960
2019-05-10,140.98,141.34,138.68,139.22,139.22,123254
2019-05-13,139.0,140.64,138.96,139.7,139.7,115260
2019-05-14,140.6,141.64,139.3,139.54,139.54,127003
2019-05-15,139.8,140.14,138.0,138.0,138.0,134528
2019-05-16,138.3,138.98,135.6,135.6,135.6,132025
2019-05-17,135.98,137.8,135.68,135.9,135.9,118662
2019-05-20,136.1,136.34,133.52,133.58,133.58,156682
2019-05-21,134.0,135.98,134.0,135.48,135.48,168817
2019-05-22,135.5,138.84,135.24,137.82,137.82,159960
2019-05-23,137.52,137.52,134.66,135.2,135.2,140682
2019-05-24,135.64,137.24,135.64,136.02,136.02,107275
2019-05-27,136.48,137.26,136.42,137.1,137.1,36823
2019-05-28,137.58,138.46,136.38,136.4,136.4,281547
2019-05-29,136.6,137.66,136.5,137.08,137.08,118416
2019-05-30,137.5,137.62,136.36,137.0,137.0,121323
2019-05-31,136.7,137.18,136.1,137.18,137.18,146326
2019-06-03,137.04,138.08,136.76,137.7,137.7,128218
2019-06-04,137.56,138.18,137.0,137.96,137.96,190569
2019-06-05,138.0,138.18,136.94,137.72,137.72,156504
2019-06-06,137.72,138.5,137.28,138.5,138.5,150923
2019-06-07,138.9,139.4,137.7,138.02,138.02,194939
2019-06-10,138.3,138.52,135.16,138.52,138.52,404887
2019-06-11,138.66,143.92,138.08,143.04,143.04,326304
2019-06-13,143.54,146.76,143.42,146.76,146.76,224066
2019-06-14,146.0,147.36,145.64,146.02,146.02,128458
2019-06-17,145.96,147.0,144.58,145.06,145.06,121266
2019-06-18,145.06,147.5,145.04,147.5,147.5,147049
2019-06-19,147.7,148.68,146.54,148.68,148.68,184590
2019-06-20,143.0,143.1,141.12,142.24,142.24,332840
2019-06-21,142.38,144.26,141.8,141.8,141.8,268112
2019-06-24,142.18,143.32,141.8,142.72,142.72,80951
2019-06-25,142.44,142.56,138.7,140.6,140.6,152956
2019-06-26,140.2,141.98,140.2,141.48,141.48,115469
2019-06-27,141.48,141.9,140.16,141.68,141.68,80314
2019-06-28,141.72,143.74,141.14,143.08,143.08,105438
2019-07-01,143.5,144.52,142.08,142.36,142.36,102008
2019-07-02,142.3,144.2,141.4,144.2,144.2,109210
2019-07-03,143.62,145.24,143.24,144.32,144.32,115920
2019-07-04,143.7,144.56,142.62,142.8,142.8,90254
2019-07-05,142.92,144.5,142.4,144.5,144.5,101201
2019-07-08,143.88,144.3,143.12,143.66,143.66,64111
2019-07-09,143.56,144.0,142.54,142.92,142.92,84789
2019-07-10,143.08,144.14,141.06,142.7,142.7,136616
2019-07-11,143.14,143.18,140.86,141.46,141.46,73271
2019-07-12,141.22,141.98,140.3,141.94,141.94,51841
2019-07-15,142.64,142.84,141.34,142.66,142.66,52839
2019-07-16,142.1,144.46,141.9,144.4,144.4,127211
2019-07-17,144.04,146.88,143.54,144.8,144.8,135347
2019-07-18,144.52,147.7,144.32,147.7,147.7,188174
2019-07-19,147.7,152.18,147.42,149.02,149.02,230709
2019-07-22,149.5,149.64,146.52,146.52,146.52,99953
2019-07-23,146.8,147.98,145.74,146.68,146.68,85032
2019-07-24,147.38,147.38,145.34,146.48,146.48,78683
2019-07-25,146.42,146.42,145.08,145.9,145.9,105295
2019-07-26,145.9,145.9,143.4,143.92,143.92,186563
2019-07-29,143.96,145.44,143.8,144.16,144.16,65460
2019-07-30,144.5,145.1,143.26,145.1,145.1,97139
2019-07-31,145.02,146.96,144.24,146.46,146.46,109089
2019-08-01,145.82,146.28,143.82,144.48,144.48,91505
2019-08-02,143.4,145.32,142.62,143.2,143.2,127956
2019-08-05,143.3,143.66,140.72,141.92,141.92,168590
2019-08-06,142.06,145.3,141.96,144.82,144.82,165452
2019-08-07,144.54,148.2,144.22,147.0,147.0,191697
2019-08-08,148.42,151.36,148.42,150.84,150.84,325201
2019-08-09,150.4,151.8,147.9,148.0,148.0,179733
2019-08-12,148.0,150.8,147.18,150.24,150.24,182642
2019-08-13,149.82,151.4,148.5,148.58,148.58,161466
2019-08-14,148.88,149.84,147.32,148.04,148.04,141560
2019-08-15,148.48,149.56,147.52,149.24,149.24,151243
2019-08-16,149.78,150.14,146.52,146.52,146.52,130367
2019-08-19,147.2,148.84,147.04,147.58,147.58,110333
2019-08-20,148.38,151.9,147.8,151.5,151.5,230916
2019-08-21,151.88,151.88,150.52,151.2,151.2,127368
2019-08-22,151.44,155.0,150.56,154.6,154.6,238959
2019-08-23,154.72,155.58,153.82,153.82,153.82,157237
2019-08-26,152.6,154.66,152.32,153.4,153.4,117676
2019-08-27,153.8,154.44,152.68,153.86,153.86,248236
2019-08-28,154.5,154.68,153.5,154.3,154.3,257618
2019-08-29,154.8,155.86,154.34,155.58,155.58,189931
2019-08-30,155.48,162.5,155.22,160.88,160.88,757684
2019-09-02,162.5,165.88,162.5,165.0,165.0,366664
2019-09-03,165.0,165.88,162.6,163.4,163.4,250675
2019-09-04,164.48,165.44,164.0,165.0,165.0,162851
2019-09-05,165.5,165.72,161.9,163.9,163.9,221273
2019-09-06,164.0,164.0,161.14,161.98,161.98,155239
2019-09-09,162.18,162.3,159.34,159.4,159.4,174599
2019-09-10,159.6,160.0,158.06,159.44,159.44,185697
2019-09-11,159.54,160.5,158.58,160.04,160.04,191094
2019-09-12,160.1,160.62,158.02,159.5,159.5,207615
2019-09-13,159.64,159.64,156.5,156.5,156.5,175111
2019-09-16,156.86,158.66,154.98,158.46,158.46,195133
2019-09-17,158.02,159.38,157.36,158.3,158.3,132418
2019-09-18,158.26,161.0,157.88,161.0,161.0,149903
2019-09-19,161.0,161.48,159.08,159.54,159.54,159671
2019-09-20,159.88,161.28,159.08,161.28,161.28,131404
2019-09-23,161.1,163.5,160.94,163.08,163.08,161246
2019-09-24,163.2,163.28,160.76,160.96,160.96,131085
2019-09-25,160.9,162.72,160.22,162.72,162.72,125095
2019-09-26,163.0,164.26,162.46,163.88,163.88,110627
2019-09-27,164.0,165.64,163.46,164.68,164.68,116188
2019-09-30,165.3,166.96,164.56,166.86,166.86,181392
2019-10-01,167.38,167.5,164.92,167.2,167.2,151765
2019-10-02,167.2,167.22,165.7,166.7,166.7,163279
2019-10-03,166.5,167.16,165.02,166.02,166.02,188585
2019-10-04,158.26,159.4,157.84,158.94,158.94,174522
2019-10-07,158.94,161.74,158.22,160.48,160.48,159249
2019-10-08,160.02,160.62,159.02,160.3,160.3,102244
2019-10-09,160.34,162.64,160.06,161.04,161.04,167833
2019-10-10,161.06,161.88,160.02,161.4,161.4,115085
2019-10-11,161.42,161.62,160.26,160.78,160.78,90645
2019-10-14,160.3,160.8,159.08,159.4,159.4,100874
2019-10-15,159.0,160.34,158.34,160.22,160.22,127726
2019-10-16,160.88,161.92,160.24,161.56,161.56,112887
2019-10-17,161.52,161.9,160.52,161.7,161.7,86758
2019-10-18,161.6,162.74,160.9,162.5,162.5,84205
2019-10-21,162.5,163.44,161.52,163.06,163.06,82409
2019-10-22,162.84,165.3,160.82,164.62,164.62,306316
2019-10-23,165.0,165.44,163.72,165.44,165.44,92973
2019-10-24,165.42,171.3,164.9,171.3,171.3,199042
2019-10-25,171.5,172.9,169.52,172.0,172.0,185156
2019-10-28,172.0,184.0,172.0,177.14,177.14,473057
2019-10-29,177.56,179.5,175.04,179.48,179.48,195041
2019-10-30,179.0,181.92,178.3,181.92,181.92,193096
2019-10-31,182.42,183.36,177.8,178.88,178.88,244270
2019-11-01,178.98,182.2,177.2,181.86,181.86,196446
2019-11-05,182.0,182.44,179.8,181.4,181.4,114110
2019-11-06,181.02,183.04,180.04,183.04,183.04,178622
2019-11-07,185.0,187.36,183.04,187.06,187.06,294082
2019-11-08,187.76,187.98,184.02,185.2,185.2,185053
2019-11-11,185.02,186.38,179.94,181.12,181.12,318654
2019-11-12,180.22,180.88,175.3,176.42,176.42,330909
2019-11-13,176.0,176.12,173.64,174.22,174.22,183983
2019-11-14,173.9,177.7,172.3,174.26,174.26,235993
2019-11-15,174.5,177.26,174.5,176.8,176.8,137495
2019-11-18,176.92,178.38,173.18,173.58,173.58,236018
2019-11-19,172.52,176.36,172.12,175.92,175.92,190906
2019-11-20,175.4,176.46,173.82,176.46,176.46,111228
2019-11-21,176.34,177.44,175.02,176.58,176.58,126398
2019-11-22,176.0,177.58,174.14,174.76,174.76,144022
2019-11-25,175.0,175.68,172.6,173.44,173.44,150323
2019-11-26,173.56,174.82,172.2,172.4,172.4,294792
2019-11-27,172.3,173.2,171.06,172.12,172.12,101906
2019-11-28,171.88,172.7,165.08,171.72,171.72,151293
2019-11-29,171.04,171.52,170.0,170.46,170.46,107488
2019-12-02,170.2,172.4,169.1,170.94,170.94,214750
2019-12-03,171.22,174.6,170.66,173.04,173.04,222003
2019-12-04,173.04,174.46,172.0,172.46,172.46,120291
2019-12-05,173.18,176.32,172.62,176.22,176.22,169577
2019-12-06,176.48,180.48,176.36,180.48,180.48,221275
2019-12-09,180.56,184.68,180.06,184.2,184.2,201556
2019-12-10,184.4,184.78,180.24,184.78,184.78,207787
2019-12-11,184.82,187.12,183.76,186.78,186.78,196400
2019-12-12,187.2,191.58,186.64,189.28,189.28,272946
2019-12-13,189.88,194.94,189.4,194.74,194.74,276159
2019-12-16,195.0,199.78,194.18,197.22,197.22,319268
2019-12-17,197.5,197.96,194.12,195.04,195.04,290111
2019-12-18,195.0,196.26,192.22,196.26,196.26,275874
2019-12-19,196.1,198.5,196.0,197.96,197.96,209622
2019-12-20,198.14,199.26,197.58,197.76,197.76,157717
2019-12-23,196.76,197.48,194.9,196.76,196.76,187227
2019-12-24,196.28,196.8,195.24,196.3,196.3,88870
2019-12-25,196.8,198.9,193.78,198.9,198.9,114177
2019-12-26,193.46,193.56,191.06,192.2,192.2,193910
2019-12-27,192.02,193.5,192.02,192.92,192.92,110995
2019-12-30,193.24,193.88,191.02,191.02,191.02,124532
2020-01-03,192.4,194.72,191.4,194.48,194.48,131051
2020-01-06,194.62,196.2,193.72,195.88,195.88,96811
2020-01-08,195.84,198.5,194.68,198.5,198.5,139570
2020-01-09,198.6,199.06,196.42,198.38,198.38,173503
2020-01-10,198.3,199.06,196.68,198.78,198.78,104750
2020-01-13,199.2,203.8,198.5,203.62,203.62,234749
2020-01-14,204.02,205.46,199.18,200.0,200.0,288599
2020-01-15,200.4,204.58,200.12,203.96,203.96,230589
2020-01-16,205.24,209.0,204.24,209.0,209.0,208562
2020-01-17,209.0,215.38,208.38,215.24,215.24,350024
2020-01-20,217.96,221.0,216.5,218.5,218.5,270709
2020-01-21,217.5,217.68,214.5,214.5,214.5,180180
2020-01-22,216.0,216.86,211.76,213.1,213.1,198071
2020-01-23,213.1,216.22,210.1,211.46,211.46,203209
2020-01-24,212.06,215.52,211.5,211.88,211.88,154267
2020-01-27,209.38,211.68,208.2,211.0,211.0,222224
2020-01-28,211.42,214.16,210.04,212.82,212.82,197248
2020-01-29,213.74,214.68,212.0,212.3,212.3,190616
2020-01-30,211.28,212.4,208.7,208.8,208.8,165825
2020-01-31,210.84,211.86,205.84,208.0,208.0,195058
2020-02-03,207.18,207.78,203.66,204.1,204.1,225292
2020-02-04,205.4,211.24,205.4,208.98,208.98,398839
2020-02-05,210.68,214.0,208.7,213.16,213.16,304157
2020-02-06,215.02,216.66,212.3,212.4,212.4,211770
2020-02-07,211.18,213.62,210.54,212.0,212.0,199490
2020-02-10,213.34,214.56,211.62,214.42,214.42,184448
2020-02-11,215.58,219.42,214.8,219.1,219.1,186679
2020-02-12,219.6,219.94,217.54,219.66,219.66,161456
2020-02-13,219.16,220.0,214.7,215.1,215.1,234826
2020-02-14,215.5,216.28,212.04,215.3,215.3,151091
2020-02-17,216.12,218.18,215.62,217.9,217.9,96350
2020-02-18,217.8,219.46,217.02,218.18,218.18,143826
2020-02-19,221.3,226.98,221.3,225.2,225.2,312185
2020-02-20,226.0,226.22,221.8,223.42,223.42,235282
2020-02-21,222.0,224.34,221.84,222.2,222.2,119480
2020-02-25,217.02,220.88,215.5,215.54,215.54,278760
2020-02-26,215.02,222.0,213.22,218.26,218.26,394548
2020-02-27,217.0,220.28,211.6,212.38,212.38,344212
2020-02-28,207.1,211.18,199.6,202.5,202.5,641310
2020-03-02,206.5,209.94,196.6,201.6,201.6,526810
2020-03-03,205.68,209.4,203.0,207.14,207.14,363884
2020-03-04,206.7,208.98,205.02,207.56,207.56,243363
2020-03-05,208.7,209.98,205.24,207.8,207.8,257397
2020-03-06,204.76,218.86,197.14,217.62,217.62,812696
2020-03-10,211.0,236.56,205.0,212.3,212.3,898046
2020-03-11,217.18,224.74,200.66,202.38,202.38,597040
2020-03-12,197.7,200.0,177.76,185.0,185.0,850059
2020-03-13,181.94,195.88,176.52,180.38,180.38,776903
2020-03-16,182.0,182.18,160.14,170.9,170.9,706409
2020-03-17,168.9,174.18,162.24,171.8,171.8,616208
2020-03-18,168.52,169.16,155.0,155.0,155.0,590262
2020-03-19,156.0,162.98,142.0,162.52,162.52,789106
2020-03-20,168.38,177.32,163.12,163.58,163.58,715550
2020-03-23,157.2,165.8,152.78,162.4,162.4,450423
2020-03-24,173.36,199.84,171.0,190.28,190.28,1223350
2020-03-25,196.0,203.5,185.22,199.3,199.3,865514
2020-03-26,203.0,203.0,190.0,201.0,201.0,499255
2020-03-27,201.0,202.74,190.2,193.06,193.06,459509
2020-03-30,191.0,195.2,187.96,194.62,194.62,286741
2020-03-31,197.88,199.0,191.62,195.18,195.18,430178
2020-04-01,191.28,192.44,188.3,189.52,189.52,273411
2020-04-02,194.2,194.92,185.66,189.98,189.98,466083
2020-04-03,189.0,192.6,187.56,190.32,190.32,246728
2020-04-06,192.02,195.9,190.8,195.9,195.9,248124
2020-04-07,198.3,201.32,196.16,197.8,197.8,378180
2020-04-08,195.92,201.64,195.04,201.64,201.64,299632
2020-04-09,203.5,212.54,202.84,211.38,211.38,354186
2020-04-10,209.1,209.98,205.3,206.5,206.5,136845
2020-04-13,206.5,208.98,199.8,201.0,201.0,188661
2020-04-14,203.02,208.72,202.46,207.02,207.02,262152
2020-04-15,205.66,207.32,193.8,196.46,196.46,341963
2020-04-16,198.0,200.34,193.0,195.2,195.2,348517
2020-04-17,199.1,199.36,196.06,197.18,197.18,199965
2020-04-20,197.42,201.12,196.08,200.36,200.36,151454
2020-04-21,197.36,199.24,185.2,192.4,192.4,427040
2020-04-22,190.0,197.9,189.38,196.14,196.14,313052
2020-04-23,199.0,204.86,195.16,202.16,202.16,317503
2020-04-24,200.7,205.2,198.7,201.5,201.5,272259
2020-04-27,203.0,204.7,199.12,200.34,200.34,192937
2020-04-28,200.66,203.3,198.74,200.54,200.54,259085
2020-04-29,201.8,208.48,200.3,205.96,205.96,234624
2020-04-30,207.9,208.76,203.06,204.78,204.78,227644
2020-05-04,202.36,202.92,198.66,201.26,201.26,192882
2020-05-05,203.0,204.52,199.58,200.34,200.34,145273
2020-05-06,201.28,203.34,199.2,199.4,199.4,207039
2020-05-07,199.86,203.24,199.62,202.24,202.24,251864
2020-05-08,203.2,203.7,201.3,201.44,201.44,128791
2020-05-12,203.5,211.26,202.76,210.16,210.16,416096
2020-05-13,209.12,209.74,206.5,207.62,207.62,228747
2020-05-14,206.98,208.62,200.0,201.04,201.04,285821
2020-05-15,203.76,207.54,202.06,202.06,202.06,239403
2020-05-18,206.5,215.0,205.5,214.74,214.74,354714
2020-05-19,215.52,219.7,213.6,219.2,219.2,349061
2020-05-20,219.2,231.58,218.02,229.52,229.52,419784
2020-05-21,229.52,231.5,224.52,225.36,225.36,373584
2020-05-22,218.0,223.88,215.24,220.02,220.02,344113
2020-05-25,220.0,224.18,217.86,223.94,223.94,187051
2020-05-26,226.2,228.4,220.34,221.18,221.18,226211
2020-05-27,220.98,226.8,217.24,221.1,221.1,313626
2020-05-28,222.72,226.14,221.88,225.44,225.44,243647
2020-05-29,224.76,224.78,220.12,221.1,221.1,333257
2020-06-01,223.78,224.12,218.26,220.26,220.26,235072
2020-06-02,221.2,223.6,219.12,222.2,222.2,293054
2020-06-03,223.98,223.98,217.0,218.24,218.24,377419
2020-06-04,215.1,216.14,197.38,200.0,200.0,1704387
2020-06-05,201.0,208.16,199.5,204.0,204.0,1205826
2020-06-08,205.0,208.44,201.5,205.02,205.02,498469
2020-06-09,205.2,206.42,201.02,202.48,202.48,283853
2020-06-10,203.04,203.6,198.7,202.4,202.4,416696
2020-06-11,199.48,200.0,191.34,194.82,194.82,817247
2020-06-15,191.88,191.88,187.12,190.58,190.58,468993
2020-06-16,193.6,199.12,193.0,194.72,194.72,443775
2020-06-17,195.46,196.32,191.74,192.56,192.56,285786
2020-06-18,192.56,192.56,187.8,189.26,189.26,371562
2020-06-19,190.5,194.14,189.2,190.04,190.04,393392
2020-06-22,189.8,191.5,186.44,191.22,191.22,245623
2020-06-23,190.12,197.5,190.12,196.36,196.36,369226
2020-06-25,194.02,198.92,192.34,198.5,198.5,352108
2020-06-26,198.94,201.42,195.46,196.78,196.78,272371
2020-06-29,196.0,196.0,189.86,191.96,191.96,451927
2020-06-30,191.9,192.38,186.5,187.84,187.84,454814
2020-07-02,187.0,188.98,185.3,187.54,187.54,370186
2020-07-03,187.54,191.18,187.26,190.0,190.0,238636
2020-07-06,192.02,193.78,178.96,182.6,182.6,872985
2020-07-07,179.52,187.1,179.26,185.74,185.74,526365
2020-07-08,186.18,190.36,185.7,189.7,189.7,350906
2020-07-09,190.02,190.78,184.22,185.96,185.96,417504
2020-07-10,184.66,187.12,184.02,185.5,185.5,234251
2020-07-13,184.5,185.22,179.02,179.46,179.46,508191
2020-07-14,178.72,178.9,173.5,178.26,178.26,545214
2020-07-15,178.62,181.94,176.92,179.78,179.78,344271
2020-07-16,178.38,182.22,177.28,181.12,181.12,255040
2020-07-17,181.2,183.78,181.02,183.5,183.5,196249
2020-07-20,183.5,184.64,181.42,183.94,183.94,227940
2020-07-21,184.3,186.86,183.2,183.8,183.8,358249
2020-07-22,184.0,184.0,180.78,182.34,182.34,283860
2020-07-23,182.94,189.78,182.36,187.24,187.24,468996
2020-07-24,187.0,190.94,184.88,190.6,190.6,360960
2020-07-27,191.96,197.96,191.28,197.9,197.9,421498
2020-07-28,198.0,198.26,195.1,196.18,196.18,257074
2020-07-29,196.18,199.32,194.02,198.08,198.08,310938
2020-07-30,197.0,198.08,195.1,196.2,196.2,261390
2020-07-31,196.82,199.24,195.3,196.5,196.5,202215
2020-08-03,196.06,201.28,194.56,200.18,200.18,284199
2020-08-04,200.7,204.14,199.36,203.98,203.98,265632
2020-08-05,204.5,209.44,203.9,208.86,208.86,352402
2020-08-06,209.2,210.0,207.12,208.42,208.42,225282
2020-08-07,207.8,208.0,202.32,204.38,204.38,292938
2020-08-10,204.0,206.98,202.96,206.12,206.12,211014
2020-08-11,205.7,208.34,203.52,204.26,204.26,423761
2020-08-12,204.18,208.22,203.08,207.7,207.7,335358
2020-08-13,207.9,211.36,206.78,209.3,209.3,385986
2020-08-14,208.64,209.3,206.1,207.86,207.86,173887
2020-08-17,208.5,210.98,205.4,207.1,207.1,289274
2020-08-18,206.9,209.18,205.04,207.98,207.98,214398
2020-08-19,207.52,208.2,204.5,205.0,205.0,286291
2020-08-20,204.4,204.4,198.08,199.88,199.88,439094
2020-08-21,200.48,201.34,195.7,199.42,199.42,310171
2020-08-24,200.48,201.72,198.18,200.0,200.0,214052
2020-08-25,200.5,201.3,196.92,198.3,198.3,189389
2020-08-26,198.04,200.7,196.0,199.76,199.76,269592
2020-08-27,200.0,200.2,196.02,196.7,196.7,249050
2020-08-28,197.12,197.7,193.0,193.64,193.64,285183
2020-08-31,194.42,196.72,192.5,193.94,193.94,402696
2020-09-01,194.5,199.44,193.32,199.3,199.3,379657
2020-09-02,199.68,202.38,195.26,199.16,199.16,642620
2020-09-03,199.16,201.42,197.86,198.38,198.38,276757
2020-09-04,198.12,200.04,196.28,199.24,199.24,269139
2020-09-07,199.1,200.52,198.14,200.06,200.06,116644
2020-09-08,200.5,201.78,196.8,198.9,198.9,285593
2020-09-09,198.42,199.0,196.02,197.08,197.08,172050
2020-09-10,197.04,198.04,193.78,195.28,195.28,250528
2020-09-11,195.0,195.2,191.74,193.54,193.54,309456
2020-09-14,194.46,196.2,194.1,194.92,194.92,245148
2020-09-15,195.02,197.76,194.5,196.34,196.34,470620
2020-09-16,195.7,195.88,190.86,192.7,192.7,687266
2020-09-17,191.68,194.98,190.54,193.7,193.7,373103
2020-09-18,194.32,195.12,192.52,193.0,193.0,263142
2020-09-21,192.76,193.36,185.42,186.94,186.94,449898
2020-09-22,186.9,188.68,184.9,187.58,187.58,291365
2020-09-23,187.5,192.86,186.82,188.6,188.6,328750
2020-09-24,187.8,188.8,185.92,187.8,187.8,258004
2020-09-25,188.5,189.3,185.56,188.88,188.88,224679
2020-09-28,189.0,190.1,187.16,188.26,188.26,178182
2020-09-29,188.0,188.68,185.7,188.0,188.0,171856
2020-09-30,187.16,189.16,186.48,187.62,187.62,158029
2020-10-01,188.5,189.42,187.08,187.26,187.26,149732
2020-10-02,186.98,189.16,184.2,188.4,188.4,286641
2020-10-05,189.04,192.88,187.68,192.82,192.82,320850
2020-10-06,193.0,194.8,187.46,187.82,187.82,363433
2020-10-07,188.08,189.0,185.54,186.54,186.54,261206
2020-10-08,186.64,189.96,185.62,189.24,189.24,203877
2020-10-09,189.88,194.88,188.2,194.5,194.5,410354
2020-10-12,194.0,198.22,192.84,195.34,195.34,323827
2020-10-13,195.68,198.18,194.4,196.04,196.04,250932
2020-10-14,196.58,198.8,195.8,197.92,197.92,165700
2020-10-15,197.32,197.86,195.0,196.8,196.8,206074
2020-10-16,196.74,198.26,196.04,196.82,196.82,219166
2020-10-19,197.02,199.88,196.72,198.58,198.58,224030
2020-10-20,199.2,202.76,198.32,201.92,201.92,318773
2020-10-21,202.0,203.68,197.54,198.28,198.28,289889
2020-10-22,197.88,198.5,195.04,196.72,196.72,251576
2020-10-23,197.16,199.66,195.4,198.38,198.38,198873
2020-10-26,197.8,198.38,194.2,195.14,195.14,280464
2020-10-27,195.02,195.26,191.0,191.5,191.5,293322
2020-10-28,191.04,192.1,184.0,185.48,185.48,377209
2020-10-29,187.0,190.82,184.86,189.98,189.98,253387
2020-10-30,188.98,191.12,186.54,188.64,188.64,234711
2020-11-02,188.92,193.74,187.34,193.34,193.34,225672
2020-11-03,193.6,195.98,191.5,195.12,195.12,347173
2020-11-05,196.12,198.18,195.26,196.84,196.84,267176
2020-11-06,196.7,202.0,195.84,201.38,201.38,341673
2020-11-09,203.48,208.88,202.72,205.9,205.9,558981
2020-11-10,206.2,207.88,203.12,206.26,206.26,361480
2020-11-11,206.6,207.58,203.82,205.1,205.1,328004
2020-11-12,205.0,206.1,204.02,204.48,204.48,154165
2020-11-13,205.3,205.38,201.56,204.86,204.86,247144
2020-11-16,206.0,208.32,205.8,207.8,207.8,242439
2020-11-17,207.72,207.9,204.2,206.02,206.02,214306
2020-11-18,205.7,208.5,204.8,207.2,207.2,193063
2020-11-19,207.0,207.88,206.06,206.6,206.6,169828
2020-11-20,206.4,207.84,205.68,207.34,207.34,114727
2020-11-23,207.64,210.94,207.64,210.28,210.28,342647
2020-11-24,211.0,215.92,210.5,215.78,215.78,279916
2020-11-25,215.5,216.3,212.48,214.6,214.6,260985
2020-11-26,215.0,216.6,214.5,215.7,215.7,203314
2020-11-27,216.04,218.52,214.58,217.2,217.2,215054
2020-11-30,216.38,218.4,213.18,214.76,214.76,407664
2020-12-01,215.76,220.64,215.52,219.08,219.08,372752
2020-12-02,219.02,229.96,218.64,229.06,229.06,566725
2020-12-03,229.38,232.2,227.2,231.36,231.36,372246
2020-12-04,231.5,234.0,228.1,231.88,231.88,304778
2020-12-07,231.46,233.48,229.52,230.84,230.84,185994
2020-12-08,230.92,230.92,225.52,228.42,228.42,263926
2020-12-09,228.0,234.26,227.86,231.7,231.7,256129
2020-12-10,231.86,240.5,231.0,240.48,240.48,392713
2020-12-11,240.84,244.88,238.28,240.56,240.56,401829
2020-12-14,241.22,244.68,238.12,239.44,239.44,277172
2020-12-15,239.0,240.0,233.82,236.92,236.92,243395
2020-12-16,235.96,237.72,232.6,233.78,233.78,227105
2020-12-17,234.3,239.8,233.12,234.72,234.72,372410
2020-12-18,234.98,235.74,230.1,234.38,234.38,341673
2020-12-21,233.54,236.42,229.38,234.0,234.0,335995
2020-12-22,232.8,239.48,231.86,237.6,237.6,264654
2020-12-23,232.0,235.96,231.42,233.86,233.86,221917
2020-12-24,233.8,234.42,231.26,232.2,232.2,108829
2020-12-25,232.18,233.72,231.52,233.4,233.4,48444
2020-12-28,233.88,237.3,233.72,236.2,236.2,136335
2020-12-29,237.0,238.48,235.08,235.28,235.28,155817
2020-12-30,236.4,237.94,233.52,236.82,236.82,122370
2021-01-04,238.2,245.84,238.12,243.14,243.14,267047
2021-01-05,243.04,246.98,241.16,246.76,246.76,211539
2021-01-06,246.6,250.88,245.9,250.24,250.24,239292
2021-01-08,256.08,267.08,255.52,265.44,265.44,621784
2021-01-11,263.0,271.44,260.08,262.9,262.9,597993
2021-01-12,264.6,266.2,256.36,259.34,259.34,390870
2021-01-13,259.34,261.42,254.3,259.76,259.76,256299
2021-01-14,259.04,265.4,257.28,264.32,264.32,318172
2021-01-15,261.54,263.32,256.12,257.96,257.96,233413
2021-01-18,257.0,259.8,254.58,258.74,258.74,216668
2021-01-19,260.0,261.9,257.28,258.26,258.26,193506
2021-01-20,259.5,266.54,258.14,265.5,265.5,242917
2021-01-21,267.82,269.36,260.6,265.38,265.38,329399
2021-01-22,263.78,263.78,256.7,261.72,261.72,338659
2021-01-25,263.0,264.24,257.4,259.82,259.82,261504
2021-01-26,257.52,260.24,256.14,257.68,257.68,179508
2021-01-27,259.0,259.18,248.26,249.96,249.96,423721
2021-01-28,248.82,252.8,247.76,252.3,252.3,280564
2021-01-29,250.5,251.12,242.5,243.64,243.64,354521
2021-02-01,245.88,249.48,244.38,248.66,248.66,288509
2021-02-02,249.94,251.94,246.82,247.7,247.7,222485
2021-02-03,248.2,254.88,245.64,253.12,253.12,318413
2021-02-04,253.5,258.62,252.4,257.66,257.66,285893
2021-02-05,258.2,259.4,248.28,254.78,254.78,601830
2021-02-08,254.78,258.2,254.66,258.04,258.04,207758
2021-02-09,258.34,259.9,252.26,254.58,254.58,285889
2021-02-10,253.76,257.4,250.28,253.42,253.42,308827
2021-02-11,253.66,256.94,251.0,254.32,254.32,212661
2021-02-12,253.88,254.44,248.78,253.9,253.9,227908
2021-02-15,254.36,263.7,254.36,263.28,263.28,303494
2021-02-16,263.7,265.2,259.72,262.08,262.08,284086
2021-02-17,261.82,266.82,261.3,264.88,264.88,300735
2021-02-18,265.28,268.24,263.32,267.02,267.02,321684
2021-02-19,266.42,282.24,265.3,281.3,281.3,576662
2021-02-20,278.68,280.0,267.3,270.88,270.88,495926
2021-02-22,269.0,270.38,258.0,261.56,261.56,1026319
2021-02-24,258.02,263.08,242.24,248.46,248.46,1030385
2021-02-25,248.0,251.32,232.0,232.04,232.04,1718063
2021-02-26,230.82,238.7,227.6,235.02,235.02,1087035
2021-03-01,237.78,243.92,233.28,242.68,242.68,740109
2021-03-02,241.88,243.78,235.5,237.74,237.74,579228
2021-03-03,238.12,239.32,231.56,233.04,233.04,727473
2021-03-04,231.52,231.8,221.32,221.72,221.72,1096690
2021-03-05,223.16,224.5,218.66,223.48,223.48,777434
2021-03-09,223.42,232.48,222.7,229.54,229.54,802826
2021-03-10,228.46,235.58,227.14,231.64,231.64,590705
2021-03-11,233.28,234.56,230.92,233.96,233.96,408840
2021-03-12,234.48,237.5,232.24,237.46,237.46,407833
2021-03-15,237.3,244.98,237.3,241.14,241.14,618546
2021-03-16,240.84,241.38,222.76,228.46,228.46,1627466
2021-03-17,228.2,231.0,223.04,228.78,228.78,809215
2021-03-18,229.6,232.4,225.02,225.96,225.96,634176
2021-03-19,226.0,229.0,224.32,226.86,226.86,364317
2021-03-22,226.9,227.94,224.92,227.66,227.66,202295
2021-03-23,226.98,227.7,222.1,222.38,222.38,385657
2021-03-24,222.0,222.56,212.14,213.26,213.26,994648
2021-03-25,212.6,214.74,209.74,212.52,212.52,519680
2021-03-26,213.6,222.36,213.14,222.06,222.06,600725
2021-03-29,222.22,235.4,222.22,231.16,231.16,1240474
2021-03-30,232.5,234.98,227.84,231.72,231.72,532021
2021-03-31,232.84,238.44,231.82,237.04,237.04,652244
2021-04-01,238.04,241.36,236.5,237.76,237.76,486770
2021-04-02,238.94,239.44,237.4,238.6,238.6,136955
2021-04-05,239.0,239.12,233.62,237.36,237.36,291564
2021-04-06,238.0,238.78,231.72,231.8,231.8,380921
2021-04-07,230.3,238.2,228.52,236.02,236.02,545222
2021-04-08,236.7,239.8,235.8,239.24,239.24,378770
2021-04-09,239.24,245.68,238.02,244.1,244.1,1018068
2021-04-12,244.0,255.78,242.46,254.32,254.32,958864
2021-04-13,255.38,256.78,251.2,253.84,253.84,497190
2021-04-14,254.7,255.24,247.9,248.86,248.86,395273
2021-04-15,247.5,251.98,245.62,251.12,251.12,447158
2021-04-16,251.9,255.36,251.24,254.8,254.8,343326
2021-04-19,255.46,256.5,251.86,252.4,252.4,270607
2021-04-20,252.62,254.58,250.22,252.02,252.02,347344
2021-04-21,253.26,254.3,250.38,253.08,253.08,299617
2021-04-22,253.3,259.0,252.62,256.9,256.9,478523
2021-04-23,257.5,259.32,255.9,257.7,257.7,321638
2021-04-26,258.0,264.76,257.64,264.44,264.44,432685
2021-04-27,264.98,270.38,259.0,269.52,269.52,953978
2021-04-28,269.98,271.8,260.78,263.26,263.26,605894
2021-04-29,264.44,266.5,260.8,263.34,263.34,332875
2021-04-30,262.38,264.58,255.9,257.32,257.32,470031
2021-05-04,258.28,263.98,258.0,262.02,262.02,319208
2021-05-05,263.0,266.86,262.32,266.46,266.46,242275
2021-05-06,266.98,269.08,264.9,268.24,268.24,284179
2021-05-07,268.68,271.74,268.28,270.0,270.0,292769
2021-05-10,270.9,273.5,269.46,270.46,270.46,238636
2021-05-11,270.0,273.5,268.24,273.38,273.38,338030
2021-05-12,273.9,275.8,272.04,272.66,272.66,304199
2021-05-13,273.22,274.18,269.3,273.88,273.88,314425
2021-05-14,274.86,275.4,271.2,273.9,273.9,166036
2021-05-17,274.02,274.86,270.64,273.52,273.52,221781
2021-05-18,274.0,275.7,273.04,273.52,273.52,189074
2021-05-19,273.5,273.74,268.08,271.1,271.1,310746
2021-05-20,271.6,272.18,269.02,271.56,271.56,175291
2021-05-21,271.34,272.36,269.4,270.64,270.64,179407
2021-05-24,271.4,272.2,268.1,269.82,269.82,197803
2021-05-25,270.2,270.64,266.16,267.3,267.3,271163
2021-05-26,267.8,269.98,266.6,269.86,269.86,222691
2021-05-27,269.86,270.32,266.72,269.94,269.94,375453
2021-05-28,270.64,272.98,268.66,271.34,271.34,355211
2021-05-31,262.58,266.0,262.2,264.04,264.04,257224
2021-06-01,265.2,268.46,264.56,267.5,267.5,198936
2021-06-02,267.0,269.48,266.46,269.44,269.44,185952
2021-06-03,269.72,270.3,264.38,266.3,266.3,249236
2021-06-04,266.2,266.32,263.0,264.0,264.0,218620
2021-06-07,263.1,264.24,262.02,262.46,262.46,188756
2021-06-08,262.0,262.9,259.6,260.72,260.72,208488
2021-06-09,260.72,265.6,259.22,265.02,265.02,259612
2021-06-10,264.98,265.18,261.2,261.92,261.92,172210
2021-06-11,262.24,263.46,260.42,261.78,261.78,148672
2021-06-14,262.0,264.56,261.8,263.14,263.14,95555
2021-06-15,263.08,264.48,260.18,260.54,260.54,136476
2021-06-16,260.22,260.22,256.52,256.64,256.64,282828
2021-06-17,255.5,256.14,248.2,249.7,249.7,530860
2021-06-18,249.0,251.18,246.78,250.0,250.0,370346
2021-06-21,249.76,253.88,247.54,253.72,253.72,252143
2021-06-22,254.4,254.82,249.14,250.78,250.78,211658
2021-06-23,251.64,254.66,249.5,253.36,253.36,260549
2021-06-24,253.88,253.88,237.86,243.58,243.58,690867
2021-06-25,244.02,247.96,241.82,247.34,247.34,231782
2021-06-28,247.52,250.84,247.0,249.48,249.48,172389
2021-06-29,248.9,249.06,244.0,247.02,247.02,216145
2021-06-30,247.08,250.18,244.8,248.12,248.12,260692
2021-07-01,248.12,249.48,245.1,246.12,246.12,175388
2021-07-02,246.12,250.8,244.94,250.14,250.14,198160
2021-07-05,250.9,252.24,247.38,249.24,249.24,167698
2021-07-06,249.48,249.5,244.0,244.62,244.62,241787
2021-07-07,244.98,249.5,244.62,246.58,246.58,177381
2021-07-08,247.38,247.6,243.12,245.14,245.14,235460
2021-07-09,244.8,249.4,244.28,247.8,247.8,212555
2021-07-12,248.1,251.9,246.24,251.12,251.12,220349
2021-07-13,251.32,257.28,249.88,256.62,256.62,321867
2021-07-14,256.5,258.48,253.0,257.34,257.34,248944
2021-07-15,257.12,259.5,255.24,256.24,256.24,210519
2021-07-16,257.62,257.62,251.14,252.48,252.48,193730
2021-07-19,251.26,252.5,247.8,250.46,250.46,240667
2021-07-20,251.5,253.9,249.16,251.38,251.38,168463
2021-07-21,251.08,252.82,249.12,250.5,250.5,116640
2021-07-22,251.4,251.74,248.48,250.8,250.8,112322
2021-07-23,251.32,252.0,249.0,249.9,249.9,129976
2021-07-26,248.5,251.84,248.06,251.8,251.8,123652
2021-07-27,251.26,256.26,249.72,254.32,254.32,290674
2021-07-28,254.52,257.78,253.8,256.9,256.9,183816
2021-07-29,257.64,258.1,248.86,251.78,251.78,542880
2021-07-30,250.9,253.32,249.5,253.18,253.18,248990
2021-08-02,254.0,255.8,252.22,252.9,252.9,146846
2021-08-03,253.38,256.0,252.34,255.82,255.82,154292
2021-08-04,255.82,257.46,253.32,254.46,254.46,149437
2021-08-05,254.08,256.0,253.14,254.96,254.96,147324
2021-08-06,255.8,255.86,250.8,251.02,251.02,136641
2021-08-09,250.98,251.28,246.84,248.7,248.7,244563
2021-08-10,249.02,250.4,245.04,246.5,246.5,246776
2021-08-11,246.5,247.36,244.72,245.28,245.28,178658
2021-08-12,246.46,248.14,245.3,247.0,247.0,163428
2021-08-13,246.8,247.38,244.14,244.6,244.6,106597
2021-08-16,244.04,245.54,242.1,244.26,244.26,180039
2021-08-17,244.0,247.86,243.62,245.72,245.72,196306
2021-08-18,247.0,247.0,241.22,241.46,241.46,170794
2021-08-19,240.84,241.9,236.0,237.36,237.36,293138
2021-08-20,237.3,238.78,234.8,235.5,235.5,232002
2021-08-23,237.66,238.96,235.9,238.58,238.58,177105
2021-08-24,239.92,240.92,236.6,240.66,240.66,178841
2021-08-25,240.6,240.72,237.98,239.32,239.32,124541
2021-08-26,238.5,240.14,236.8,237.12,237.12,146891
2021-08-27,237.46,239.9,236.9,239.86,239.86,125267
2021-08-30,240.16,243.98,239.98,242.66,242.66,165111
2021-08-31,243.96,245.62,239.54,240.32,240.32,271845
2021-09-01,241.2,242.5,238.8,242.28,242.28,198107
2021-09-02,241.56,242.0,238.68,238.8,238.8,248124
2021-09-03,239.3,244.9,239.3,244.42,244.42,314419
2021-09-06,245.08,247.84,245.0,246.58,246.58,212258
2021-09-07,246.6,246.84,242.96,243.76,243.76,140720
2021-09-08,243.04,244.74,241.34,242.6,242.6,223978
2021-09-09,242.02,243.08,239.78,239.8,239.8,185592
2021-09-10,241.0,245.44,240.6,245.08,245.08,186099
2021-09-13,245.54,247.1,243.3,244.92,244.92,232597
2021-09-14,244.1,244.28,239.0,240.44,240.44,302250
2021-09-15,240.0,241.2,236.82,239.78,239.78,278893
2021-09-16,239.1,239.72,232.96,234.84,234.84,416906
2021-09-17,234.32,238.2,229.7,232.56,232.56,638905
2021-09-20,230.5,231.62,224.9,225.1,225.1,385467
2021-09-21,226.06,229.4,225.12,226.62,226.62,226329
2021-09-22,227.84,231.7,227.24,231.5,231.5,201842
2021-09-23,233.0,233.82,227.44,230.96,230.96,366490
2021-09-24,231.2,232.56,227.76,228.56,228.56,206448
2021-09-27,229.38,229.84,226.0,227.12,227.12,162629
2021-09-28,227.3,227.72,223.02,223.24,223.24,273134
2021-09-29,223.0,226.4,221.5,222.18,222.18,386106
2021-09-30,222.5,222.9,215.86,218.3,218.3,423927
2021-10-01,217.0,222.22,216.24,221.22,221.22,235515
2021-10-04,220.9,221.36,215.42,216.36,216.36,216292
2021-10-05,215.48,218.7,211.8,218.18,218.18,387070
2021-10-06,218.14,218.14,212.74,215.24,215.24,285877
2021-10-07,215.8,224.1,215.54,222.72,222.72,465287
2021-10-08,225.0,227.68,223.74,227.66,227.66,360164
2021-10-11,228.9,232.44,225.76,226.44,226.44,482215
2021-10-12,225.76,227.68,223.0,225.28,225.28,196207
2021-10-13,226.0,227.72,223.28,227.18,227.18,265861
2021-10-14,228.2,230.0,226.5,229.28,229.28,318354
2021-10-15,229.58,231.24,227.62,231.08,231.08,244716
2021-10-18,231.02,231.78,229.74,231.2,231.2,151550
2021-10-19,232.0,237.0,231.66,236.72,236.72,344876
2021-10-20,237.0,237.0,231.9,235.3,235.3,266936
2021-10-21,234.94,235.18,231.48,232.1,232.1,167267
2021-10-22,232.1,233.0,228.0,228.64,228.64,186593
2021-10-25,229.64,230.7,226.5,230.24,230.24,168546
2021-10-26,230.14,231.36,226.88,226.88,226.88,162867
2021-10-27,226.36,226.46,221.7,222.5,222.5,296248
2021-10-28,222.58,224.88,220.1,223.62,223.62,242931
2021-10-29,223.02,223.16,219.74,221.7,221.7,195174
2021-11-01,221.8,224.0,221.6,223.96,223.96,171418
2021-11-02,223.6,224.88,220.72,221.34,221.34,147179
2021-11-03,221.3,221.92,218.74,220.38,220.38,146261
2021-11-05,220.2,220.22,215.6,216.64,216.64,218867
2021-11-08,217.64,219.62,216.62,218.72,218.72,179141
2021-11-09,218.72,225.38,218.04,221.88,221.88,289073
2021-11-10,222.32,225.2,216.0,216.94,216.94,304501
2021-11-11,217.34,220.94,217.32,220.5,220.5,190832
2021-11-12,220.5,223.2,217.56,221.0,221.0,251803
2021-11-15,220.02,224.74,219.0,223.58,223.58,249959
2021-11-16,224.04,231.26,224.04,226.26,226.26,501616
2021-11-17,227.68,228.98,223.54,225.32,225.32,247847
2021-11-18,225.22,226.4,221.78,222.92,222.92,238149
2021-11-19,223.88,224.94,218.72,221.44,221.44,273845
2021-11-22,221.38,224.54,214.0,218.5,218.5,530192
2021-11-23,218.36,224.48,212.76,224.0,224.0,421947
2021-11-24,224.62,225.26,219.68,221.82,221.82,251923
2021-11-25,222.2,223.78,219.68,221.28,221.28,112233
2021-11-26,217.5,218.98,214.0,215.6,215.6,332835
2021-11-29,218.4,219.98,214.42,216.86,216.86,261991
2021-11-30,213.9,217.6,212.8,215.38,215.38,415126
2021-12-01,219.98,222.8,217.08,219.52,219.52,317814
2021-12-02,219.12,221.74,218.68,221.1,221.1,224169
2021-12-03,222.0,222.3,217.78,218.26,218.26,151573
2021-12-06,218.98,220.44,215.62,218.86,218.86,153710
2021-12-07,219.0,220.38,217.34,219.2,219.2,163783
2021-12-08,219.72,221.88,218.64,218.88,218.88,264488
2021-12-09,219.98,221.08,217.04,220.06,220.06,171185
2021-12-10,220.16,220.54,218.0,218.88,218.88,128356
2021-12-13,219.38,220.2,208.32,208.5,208.5,349787
2021-12-14,208.5,212.98,188.54,209.58,209.58,650571
2021-12-15,209.58,213.26,207.3,212.96,212.96,301821
2021-12-16,214.2,217.46,211.84,213.1,213.1,363333
2021-12-17,212.8,218.48,210.54,217.38,217.38,329662
2021-12-20,216.08,217.38,213.34,216.44,216.44,215335
2021-12-21,216.98,218.82,215.5,216.62,216.62,210789
2021-12-22,216.62,219.24,216.22,218.34,218.34,187528
2021-12-23,218.3,220.2,217.5,218.72,218.72,191362
2021-12-24,218.1,219.18,216.5,218.24,218.24,107428
2021-12-27,219.0,225.5,218.54,225.28,225.28,215858
2021-12-28,226.0,229.3,225.1,226.42,226.42,239964
2021-12-29,226.5,228.34,225.34,226.28,226.28,165375
2021-12-30,226.28,229.24,225.9,229.0,229.0,181185
2022-01-03,229.98,234.5,229.62,233.78,233.78,195400
2022-01-04,234.0,234.5,231.32,233.14,233.14,201976
2022-01-05,232.66,236.2,226.04,230.1,230.1,331791
2022-01-06,229.4,233.88,228.5,232.8,232.8,201080
2022-01-10,234.98,237.3,233.74,235.08,235.08,331349
2022-01-11,235.1,237.94,234.2,237.34,237.34,428761
2022-01-12,237.02,240.82,235.34,240.4,240.4,541879
2022-01-13,227.0,233.36,222.5,228.36,228.36,896743
2022-01-14,228.0,230.44,221.9,226.48,226.48,571577
2022-01-17,227.0,227.56,215.52,218.2,218.2,417280
2022-01-18,218.38,219.3,197.06,206.94,206.94,989092
2022-01-19,207.04,221.88,198.0,220.24,220.24,765089
2022-01-20,221.46,226.66,217.82,223.0,223.0,470678
2022-01-21,220.0,224.36,216.82,221.0,221.0,443509
2022-01-24,221.98,222.4,204.72,212.5,212.5,737719
2022-01-25,212.74,216.3,208.58,214.66,214.66,425526
2022-01-26,214.0,223.1,210.7,217.88,217.88,457164
2022-01-27,217.0,225.64,214.42,220.66,220.66,428523
2022-01-28,221.0,223.64,219.58,220.82,220.82,250898
2022-01-31,220.0,224.94,216.62,219.16,219.16,311456
2022-02-01,220.0,221.28,216.22,219.48,219.48,238136
2022-02-02,219.6,220.34,214.68,216.7,216.7,260598
2022-02-03,216.48,217.5,212.2,213.92,213.92,190119
2022-02-04,214.4,217.7,212.34,214.0,214.0,203390
2022-02-07,214.02,217.2,212.5,215.8,215.8,137064
2022-02-08,215.8,224.48,214.7,223.72,223.72,320978
2022-02-09,224.5,228.3,223.24,226.74,226.74,316957
2022-02-10,226.7,228.72,222.52,224.54,224.54,307612
2022-02-11,224.5,225.22,215.26,216.88,216.88,336955
2022-02-14,216.58,221.94,212.64,220.82,220.82,381293
2022-02-15,221.44,225.1,220.0,223.24,223.24,277735
2022-02-16,223.24,225.6,220.2,223.04,223.04,273628
2022-02-17,223.3,223.4,216.48,217.74,217.74,292855
2022-02-18,218.78,221.0,213.04,214.5,214.5,299689
2022-02-21,214.5,219.22,181.58,192.52,192.52,1003501
2022-02-22,192.38,213.06,188.0,211.5,211.5,1127953
2022-02-24,190.32,198.22,145.0,182.0,182.0,827202
2022-02-25,185.64,206.4,185.64,190.52,190.52,469789
2022-03-24,210.34,237.0,208.12,209.9,209.9,313933
2022-03-25,213.04,219.32,205.72,210.7,210.7,107412
2022-03-28,210.7,210.7,205.64,208.5,208.5,78765
2022-03-29,208.5,209.7,195.0,200.28,200.28,134735
2022-03-30,204.5,208.4,201.0,204.62,204.62,58726
2022-03-31,205.5,211.0,204.66,209.74,209.74,101431
2022-04-01,210.76,217.34,209.84,215.0,215.0,116048
2022-04-04,217.48,225.82,211.5,217.5,217.5,79607
2022-04-05,216.16,217.44,202.14,209.86,209.86,76180
2022-04-06,209.82,215.0,206.0,211.5,211.5,47779
2022-04-07,212.58,214.16,207.0,210.5,210.5,39437
2022-04-08,210.6,212.02,206.64,211.12,211.12,42417
2022-04-11,211.96,213.92,209.0,210.06,210.06,32278
2022-04-12,210.06,211.84,208.16,209.9,209.9,37228
2022-04-13,209.0,209.84,207.2,207.94,207.94,18909
2022-04-14,208.0,208.48,198.3,200.04,200.04,42975
2022-04-15,200.04,203.0,196.0,202.4,202.4,44704
2022-04-18,203.12,205.0,197.72,198.86,198.86,26620
2022-04-19,198.88,200.84,192.88,196.76,196.76,49131
2022-04-20,197.06,205.9,194.5,205.9,205.9,66096
2022-04-21,205.7,205.7,198.3,204.54,204.54,56470
2022-04-22,203.0,203.0,196.52,197.0,197.0,70627
2022-04-25,201.88,202.0,197.08,199.0,199.0,54059
2022-04-26,199.0,210.88,199.0,209.94,209.94,66266
2022-04-27,209.88,212.84,207.1,212.72,212.72,57687
2022-04-28,213.0,214.86,209.0,210.0,210.0,53737
2022-04-29,210.0,215.64,210.0,215.5,215.5,52202
2022-05-04,215.5,216.0,213.0,213.52,213.52,36162
2022-05-05,215.02,215.5,213.58,215.44,215.44,21552
2022-05-06,215.0,218.5,214.3,217.66,217.66,43077
2022-05-11,217.46,217.48,210.5,213.3,213.3,55959
2022-05-12,213.0,214.2,210.5,212.38,212.38,35515
2022-05-13,213.0,214.1,211.04,212.0,212.0,21884
2022-05-16,212.64,214.18,212.1,213.64,213.64,28478
2022-05-17,213.72,214.88,213.4,213.48,213.48,48171
2022-05-18,213.56,217.0,213.5,214.16,214.16,46836
2022-05-19,214.5,214.92,212.12,213.0,213.0,24378
2022-05-20,213.02,214.0,206.5,207.0,207.0,64363
2022-05-23,206.5,207.48,197.08,198.0,198.0,74265
2022-05-24,198.82,202.22,196.0,200.1,200.1,59184
2022-05-25,201.0,202.46,199.06,200.8,200.8,27012
2022-05-26,201.46,205.0,200.72,201.98,201.98,56925
2022-05-27,202.0,204.5,200.5,201.62,201.62,53243
2022-05-30,202.22,202.86,199.36,201.32,201.32,46033
2022-05-31,201.32,202.0,200.02,201.9,201.9,37712
2022-06-01,202.52,204.28,200.7,204.16,204.16,37658
2022-06-02,204.3,205.0,199.54,201.54,201.54,69430
2022-06-03,202.0,204.8,201.06,203.14,203.14,58922
2022-06-06,203.2,207.2,202.5,202.94,202.94,56776
2022-06-07,203.0,203.7,198.1,202.0,202.0,55936
2022-06-08,202.0,202.62,200.52,201.34,201.34,49493
2022-06-09,201.4,203.48,199.0,203.1,203.1,86579
2022-06-10,193.5,195.54,192.66,194.9,194.9,95767
2022-06-14,193.98,193.98,190.02,191.02,191.02,51259
2022-06-15,191.02,191.56,188.18,190.4,190.4,68979
2022-06-16,190.4,194.78,189.72,193.7,193.7,69646
2022-06-17,193.68,193.68,191.0,191.94,191.94,38612
2022-06-20,191.9,192.24,190.44,191.8,191.8,46260
2022-06-21,191.78,192.18,188.2,188.2,188.2,53423
2022-06-22,188.0,189.4,186.0,189.4,189.4,58880
2022-06-23,188.9,192.3,186.52,191.0,191.0,69725
2022-06-24,190.9,191.98,187.4,189.34,189.34,38312
2022-06-27,188.66,188.86,184.5,185.86,185.86,75438
2022-06-28,185.86,185.88,181.12,182.52,182.52,73929
2022-06-29,182.14,182.5,175.6,176.52,176.52,130081
2022-06-30,177.0,179.44,170.14,174.0,174.0,139501
2022-07-01,174.0,177.42,170.0,171.0,171.0,91572
2022-07-04,170.5,173.5,168.4,170.24,170.24,66778
2022-07-05,172.02,178.22,158.26,167.0,167.0,268584
2022-07-06,165.0,169.8,162.82,164.52,164.52,89864
2022-07-07,164.6,166.96,163.2,165.5,165.5,52066
2022-07-08,166.0,168.0,165.16,167.2,167.2,38231
2022-07-11,166.98,168.98,161.12,162.7,162.7,52507
2022-07-12,162.0,162.54,159.0,159.22,159.22,53999
2022-07-13,159.52,160.2,150.6,152.0,152.0,126660
2022-07-14,152.9,154.8,150.0,153.02,153.02,111162
2022-07-15,153.9,156.26,151.6,156.0,156.0,76027
2022-07-18,158.98,158.98,151.02,152.82,152.82,80494
2022-07-19,152.5,153.0,148.0,149.14,149.14,78102
2022-07-20,149.3,150.5,148.54,150.5,150.5,50140
2022-07-21,150.12,150.84,146.26,148.0,148.0,71852
2022-07-22,148.08,149.8,146.0,147.3,147.3,86712
2022-07-25,148.62,148.62,146.8,147.94,147.94,90743
2022-07-26,148.5,158.76,148.38,158.5,158.5,173656
2022-07-27,158.56,162.7,153.68,156.4,156.4,205706
2022-07-28,157.4,158.66,153.16,155.0,155.0,118616
2022-07-29,154.0,162.3,153.26,161.5,161.5,138550
2022-08-01,162.0,163.88,155.74,155.9,155.9,123364
2022-08-02,155.9,156.46,151.16,151.4,151.4,120336
2022-08-03,151.4,154.34,147.52,147.54,147.54,146107
2022-08-04,147.44,148.68,146.06,147.1,147.1,100134
2022-08-05,147.24,148.2,143.0,143.94,143.94,109273
2022-08-08,147.9,147.9,144.5,144.58,144.58,63990
2022-08-09,144.82,151.74,143.72,151.5,151.5,95289
2022-08-10,151.48,153.38,148.22,149.7,149.7,120068
2022-08-11,150.22,151.6,148.36,149.08,149.08,60394
2022-08-12,149.0,149.6,147.2,148.26,148.26,42094
2022-08-15,148.2,151.42,147.02,151.42,151.42,70749
2022-08-16,151.42,154.9,151.02,154.44,154.44,75389
2022-08-17,154.9,155.98,151.62,153.7,153.7,61564
2022-08-18,153.48,153.88,150.6,151.6,151.6,53861
2022-08-19,151.6,153.56,149.8,153.3,153.3,49696
2022-08-22,152.96,155.42,152.68,154.3,154.3,72342
2022-08-23,154.3,157.88,153.28,155.92,155.92,92705
2022-08-24,156.0,156.66,153.8,154.58,154.58,48693
2022-08-25,154.6,155.98,153.02,153.84,153.84,57593
2022-08-26,154.34,154.36,152.02,153.92,153.92,40783
2022-08-29,153.9,156.04,153.4,155.94,155.94,41285
2022-08-30,155.94,157.66,154.2,156.5,156.5,79530
2022-08-31,157.5,161.4,157.04,161.4,161.4,114195
2022-09-01,161.64,166.7,159.1,166.0,166.0,110924
2022-09-02,165.08,169.78,165.08,167.46,167.46,106161
2022-09-05,167.7,170.0,164.32,170.0,170.0,68877
2022-09-06,170.02,172.24,164.5,166.04,166.04,127188
2022-09-07,166.18,167.48,162.22,162.22,162.22,70050
2022-09-08,162.3,163.98,160.8,162.44,162.44,61415
2022-09-09,162.5,167.42,162.46,167.4,167.4,64175
2022-09-12,167.4,169.6,165.68,167.56,167.56,61868
2022-09-13,168.0,168.1,164.0,164.32,164.32,52581
2022-09-14,164.2,164.38,159.5,162.14,162.14,157874
2022-09-15,162.2,164.44,161.52,162.12,162.12,121007
2022-09-16,162.0,163.9,160.28,162.28,162.28,80271
2022-09-19,162.58,162.94,159.54,160.16,160.16,91417
2022-09-20,159.8,160.54,150.5,152.6,152.6,250224
2022-09-21,145.6,151.3,140.96,147.76,147.76,199285
2022-09-22,147.52,151.34,147.02,147.94,147.94,95435
2022-09-23,148.22,148.3,141.06,141.48,141.48,140731
2022-09-26,140.0,140.0,123.6,128.5,128.5,281982
2022-09-27,131.0,134.0,128.0,132.78,132.78,124675
2022-09-28,132.34,133.72,127.5,129.3,129.3,104895
2022-09-29,129.98,132.0,120.12,123.38,123.38,214600
2022-09-30,123.88,127.88,119.44,124.58,124.58,205755
2022-10-03,124.58,132.5,122.9,131.86,131.86,124794
2022-10-04,132.4,133.0,127.14,129.56,129.56,116589
2022-10-05,129.32,129.32,123.18,125.16,125.16,149842
2022-10-06,125.2,126.4,123.42,124.0,124.0,85992
2022-10-07,123.5,123.5,119.0,119.32,119.32,96109
2022-10-10,116.0,125.08,115.0,125.0,125.0,167419
2022-10-11,124.98,129.38,122.5,127.94,127.94,120463
2022-10-12,128.6,130.36,124.62,126.98,126.98,101538
2022-10-13,126.68,128.88,125.24,126.16,126.16,71997
2022-10-14,126.5,126.88,123.4,126.4,126.4,66312
2022-10-17,126.46,132.7,126.32,132.46,132.46,104565
2022-10-18,133.4,135.3,129.7,132.22,132.22,138848
2022-10-19,131.7,132.7,127.5,130.18,130.18,113025
2022-10-20,130.5,132.46,129.4,130.84,130.84,103923
2022-10-21,130.7,131.84,128.0,131.6,131.6,112478
2022-10-24,132.02,133.92,130.26,131.52,131.52,131517
2022-10-25,131.62,135.5,130.64,134.7,134.7,121921
2022-10-26,135.0,136.5,129.9,131.36,131.36,206039
2022-10-27,131.56,133.8,130.5,132.66,132.66,160038
2022-10-28,132.02,135.66,130.92,135.48,135.48,165253
2022-10-31,136.0,138.3,134.26,137.58,137.58,158543
2022-11-01,138.0,138.48,135.7,136.24,136.24,69335
2022-11-02,136.4,136.8,132.5,134.04,134.04,69717
2022-11-03,134.1,134.94,132.6,134.06,134.06,64061
2022-11-07,135.42,140.9,134.94,140.7,140.7,131430
2022-11-08,140.94,141.44,138.3,139.68,139.68,104613
2022-11-09,139.5,141.38,135.72,137.2,137.2,131376
2022-11-10,137.58,140.7,136.52,140.44,140.44,101022
2022-11-11,140.5,147.64,140.5,147.64,147.64,211967
2022-11-14,148.4,155.0,146.84,154.56,154.56,219660
2022-11-15,155.0,155.0,145.4,149.84,149.84,238854
2022-11-16,150.38,154.2,149.68,152.24,152.24,129062
2022-11-17,152.0,153.2,147.74,149.46,149.46,117647
2022-11-18,149.38,150.18,146.62,149.86,149.86,97475
2022-11-21,149.7,149.94,144.74,146.54,146.54,135595
2022-11-22,146.12,148.9,145.42,148.02,148.02,114637
2022-11-23,148.08,148.8,146.7,147.52,147.52,75555
2022-11-24,147.6,148.44,146.9,147.66,147.66,49639
2022-11-25,147.66,147.66,145.7,146.32,146.32,50594
2022-11-28,145.58,146.92,144.78,145.7,145.7,82724
2022-11-29,146.06,147.44,143.14,144.64,144.64,109404
2022-11-30,144.62,144.84,142.18,143.84,143.84,81997
2022-12-01,143.98,147.0,143.06,146.5,146.5,116381
2022-12-02,146.66,146.7,144.04,144.84,144.84,78047
2022-12-05,145.2,149.78,144.3,148.24,148.24,131599
2022-12-06,148.6,149.48,146.56,147.18,147.18,91024
2022-12-07,147.0,150.98,145.56,150.38,150.38,129920
2022-12-08,150.8,151.5,147.9,148.86,148.86,108861
2022-12-09,149.0,150.66,148.2,149.4,149.4,81228
2022-12-12,149.4,150.0,147.0,147.6,147.6,78297
2022-12-13,147.86,149.98,147.14,149.24,149.24,86562
2022-12-14,149.3,150.48,147.1,147.18,147.18,88131
2022-12-15,146.48,146.9,142.2,142.8,142.8,171267
2022-12-16,142.7,145.88,141.3,144.98,144.98,98072
2022-12-19,144.98,148.8,143.4,146.52,146.52,127266
2022-12-20,146.04,149.32,146.04,148.16,148.16,92242
2022-12-21,148.98,149.8,147.16,148.7,148.7,83837
2022-12-22,148.72,150.84,148.06,149.58,149.58,88908
2022-12-23,149.58,149.58,148.12,149.04,149.04,39410
2022-12-26,149.46,150.9,149.06,150.5,150.5,56222
2022-12-27,150.76,153.2,150.6,152.82,152.82,98781
2022-12-28,152.02,153.48,151.0,151.4,151.4,69882
2022-12-29,151.2,152.8,150.12,152.42,152.42,44166
2022-12-30,152.46,153.0,151.6,153.0,153.0,42216
2023-01-03,153.46,155.5,153.18,155.2,155.2,44503
2023-01-04,155.5,156.82,155.1,155.74,155.74,40812
2023-01-05,155.9,155.9,153.24,153.4,153.4,39304
2023-01-06,153.4,154.9,152.5,154.38,154.38,36054
2023-01-09,154.38,155.58,152.88,153.7,153.7,55382
2023-01-10,153.02,153.48,152.02,153.24,153.24,35102
2023-01-11,153.34,154.78,153.2,154.1,154.1,40572
2023-01-12,153.82,155.88,152.74,154.4,154.4,63802
2023-01-13,154.38,154.4,152.8,153.34,153.34,57354
2023-01-16,153.7,155.7,153.4,154.88,154.88,72297
2023-01-17,154.96,156.4,152.5,152.94,152.94,88577
2023-01-18,152.94,153.98,151.7,153.16,153.16,65334
2023-01-19,153.1,153.5,151.02,152.0,152.0,47957
2023-01-20,152.1,152.44,150.16,151.54,151.54,48598
2023-01-23,146.98,149.96,145.8,149.8,149.8,139258
2023-01-24,150.02,150.84,147.24,147.76,147.76,95630
2023-01-25,147.6,149.54,146.3,148.82,148.82,84182
2023-01-26,149.04,149.42,146.92,148.0,148.0,65531
2023-01-27,148.0,150.88,147.2,150.32,150.32,93490
2023-01-30,150.36,152.0,150.36,151.5,151.5,58518
2023-01-31,151.8,153.1,150.34,151.44,151.44,65002
2023-02-01,151.48,153.0,150.8,152.58,152.58,66565
2023-02-02,152.9,153.86,151.1,151.64,151.64,57173
2023-02-03,151.44,151.56,149.2,149.9,149.9,73552
2023-02-06,150.18,150.18,148.4,149.42,149.42,102955
2023-02-07,149.54,150.0,148.02,149.6,149.6,80472
2023-02-08,149.62,151.38,148.16,148.52,148.52,90138
2023-02-09,148.78,149.98,148.14,149.18,149.18,68526
2023-02-10,148.9,149.38,146.22,148.4,148.4,130208
2023-02-13,148.4,149.86,147.94,148.92,148.92,50960
2023-02-14,148.7,149.52,147.6,147.6,147.6,51179
2023-02-15,147.56,148.44,144.02,145.0,145.0,110582
2023-02-16,145.98,147.38,143.16,143.98,143.98,87232
2023-02-17,143.5,145.1,142.82,144.78,144.78,52750
2023-02-20,144.78,146.28,142.6,145.4,145.4,59861
2023-02-21,145.88,147.3,145.34,147.1,147.1,51520
2023-02-22,147.4,147.92,144.44,144.74,144.74,63106
2023-02-24,144.72,145.3,143.5,143.9,143.9,51427
2023-02-27,143.74,145.98,143.18,145.78,145.78,64664
2023-02-28,146.24,146.28,144.18,144.98,144.98,50525
2023-03-01,145.2,148.0,144.62,147.34,147.34,77509
2023-03-02,147.18,147.34,144.6,145.1,145.1,68563
2023-03-03,145.1,145.84,144.5,145.62,145.62,32816
2023-03-06,145.96,146.5,145.0,145.6,145.6,67473
2023-03-07,145.8,147.84,145.22,146.76,146.76,75736
2023-03-09,146.76,147.6,145.02,145.86,145.86,78141
2023-03-10,145.5,146.6,144.7,145.76,145.76,43693
2023-03-13,146.1,147.2,145.04,145.54,145.54,51419
2023-03-14,145.38,146.08,145.1,145.56,145.56,40696
2023-03-15,145.56,145.92,143.7,144.64,144.64,52754
2023-03-16,144.78,145.36,143.0,144.42,144.42,78817
2023-03-17,144.92,146.16,143.34,145.6,145.6,82971
2023-03-20,145.74,150.44,144.82,150.44,150.44,148583
2023-03-21,150.5,151.08,148.12,148.64,148.64,80632
2023-03-22,148.64,150.2,147.5,149.7,149.7,60285
2023-03-23,150.2,150.4,149.0,149.32,149.32,52586
2023-03-24,149.02,150.96,149.02,150.8,150.8,57801
2023-03-27,150.96,152.0,150.9,151.84,151.84,70854
2023-03-28,152.02,152.9,151.02,151.86,151.86,53345
2023-03-29,151.92,152.06,149.02,150.84,150.84,82882
2023-03-30,150.84,150.84,149.04,150.24,150.24,45192
2023-03-31,150.5,150.56,149.1,150.1,150.1,48393
2023-04-03,150.28,151.5,150.28,150.84,150.84,61198
2023-04-04,151.08,153.5,150.86,152.14,152.14,97117
2023-04-05,152.2,152.4,150.5,152.0,152.0,63321
2023-04-06,152.02,154.88,152.0,153.8,153.8,119950
2023-04-07,154.44,154.8,153.5,154.3,154.3,61396
2023-04-10,154.6,156.06,154.0,155.0,155.0,80635
2023-04-11,155.48,156.72,153.14,153.6,153.6,108009
2023-04-12,153.6,154.76,151.8,154.04,154.04,69551
2023-04-13,154.14,154.76,153.08,154.04,154.04,48087
2023-04-14,154.48,158.9,153.8,157.86,157.86,235196
2023-04-17,158.88,159.94,157.7,159.0,159.0,102042
2023-04-18,159.48,159.68,157.12,159.08,159.08,96948
2023-04-19,159.04,161.04,157.9,159.18,159.18,152444
2023-04-20,159.16,159.48,157.28,158.02,158.02,94889
2023-04-21,157.4,159.7,154.2,157.98,157.98,134644
2023-04-24,157.96,158.5,156.0,157.0,157.0,80604
2023-04-25,157.0,157.0,155.0,155.38,155.38,67386
2023-04-26,155.88,155.88,153.02,153.3,153.3,107861
2023-04-27,153.3,153.88,152.02,153.7,153.7,151079
2023-04-28,153.68,153.7,145.6,145.72,145.72,468546
2023-05-02,145.06,146.84,143.0,145.42,145.42,314025
2023-05-03,145.52,146.82,144.0,144.4,144.4,177531
2023-05-04,144.7,145.74,143.8,144.7,144.7,78894
2023-05-05,144.8,145.42,143.28,143.52,143.52,67997
2023-05-08,143.46,143.96,142.02,142.18,142.18,50273
2023-05-10,142.4,146.88,142.02,146.04,146.04,120081
2023-05-11,146.5,147.54,143.4,144.76,144.76,131390
2023-05-12,144.84,146.42,143.82,145.44,145.44,84453
2023-05-15,146.5,147.96,145.5,147.68,147.68,94367
2023-05-16,148.16,148.48,146.2,147.62,147.62,63808
2023-05-17,147.62,148.5,146.82,147.78,147.78,55399
2023-05-18,147.82,149.32,147.0,147.36,147.36,66996
2023-05-19,146.94,147.4,145.2,147.3,147.3,72821
2023-05-22,147.4,147.84,145.8,146.02,146.02,38625
2023-05-23,146.2,146.84,145.26,146.48,146.48,55576
2023-05-24,146.4,147.58,145.64,146.96,146.96,53631
2023-05-25,147.36,147.36,145.5,145.62,145.62,48575
2023-05-26,145.62,147.28,145.52,146.7,146.7,52811
2023-05-29,146.84,147.96,145.62,146.54,146.54,66642
2023-05-30,145.86,147.5,145.26,145.74,145.74,64190
2023-05-31,145.38,145.88,144.0,145.8,145.8,52560
2023-06-01,146.2,146.38,144.8,145.76,145.76,45569
2023-06-02,146.28,147.94,145.8,147.82,147.82,61335
2023-06-05,148.02,151.82,147.06,147.64,147.64,138172
2023-06-06,147.66,148.14,145.16,146.44,146.44,93684
2023-06-07,146.52,147.16,145.8,146.28,146.28,42766
2023-06-08,146.28,147.6,145.84,147.38,147.38,33575
2023-06-09,147.84,150.74,147.5,148.4,148.4,90487
2023-06-13,148.5,150.98,148.5,150.94,150.94,68521
2023-06-14,151.08,152.88,150.0,150.52,150.52,112853
2023-06-15,150.52,153.44,150.06,152.86,152.86,111985
2023-06-16,153.1,154.34,151.78,153.62,153.62,81204
2023-06-19,153.48,155.48,153.3,155.1,155.1,101992
2023-06-20,155.1,155.1,152.0,153.32,153.32,81065
2023-06-21,153.32,154.46,152.0,153.06,153.06,71954
2023-06-22,153.16,153.4,151.22,151.78,151.78,47088
2023-06-23,151.76,152.8,149.38,149.88,149.88,72317
2023-06-26,150.52,152.0,147.62,148.62,148.62,106430
2023-06-27,149.02,149.44,146.92,148.42,148.42,128947
2023-06-28,149.2,149.88,148.76,149.34,149.34,92839
2023-06-29,149.62,150.62,147.86,148.82,148.82,104237
2023-06-30,149.26,149.46,146.7,147.26,147.26,120764
2023-07-03,148.34,148.7,146.06,147.02,147.02,137293
2023-07-04,147.3,148.4,146.54,147.44,147.44,113403
2023-07-05,148.24,149.16,147.48,148.68,148.68,115400
2023-07-06,149.3,152.9,149.28,151.62,151.62,260625
2023-07-07,152.08,152.4,150.24,150.8,150.8,80615
2023-07-10,152.3,153.38,151.02,152.64,152.64,126679
2023-07-11,152.78,153.02,151.8,153.02,153.02,69045
2023-07-12,153.12,155.14,152.6,154.54,154.54,105875
2023-07-13,154.98,156.98,153.36,155.4,155.4,192072
2023-07-14,155.32,155.5,153.76,155.04,155.04,77456
2023-07-17,154.38,158.18,154.04,157.74,157.74,146897
2023-07-18,157.8,163.44,157.2,163.36,163.36,239740
2023-07-19,163.48,168.8,161.0,165.46,165.46,290628
2023-07-20,166.22,166.22,158.5,159.04,159.04,282228
2023-07-21,159.0,162.48,158.82,160.82,160.82,173110
2023-07-24,161.98,162.82,158.84,161.26,161.26,171356
2023-07-25,161.36,163.2,160.5,162.6,162.6,105846
2023-07-26,162.7,163.74,161.08,161.7,161.7,111109
2023-07-27,161.9,163.44,161.8,161.9,161.9,78541
2023-07-28,161.9,162.96,161.52,162.36,162.36,81465
2023-07-31,163.0,167.3,162.94,167.12,167.12,204243
2023-08-01,168.0,171.24,166.76,170.0,170.0,256835
2023-08-02,169.8,169.8,165.2,165.6,165.6,301025
2023-08-03,165.6,166.76,162.5,166.5,166.5,207015
2023-08-04,166.5,168.74,162.72,163.38,163.38,246691
2023-08-07,163.5,165.38,160.1,161.54,161.54,168218
2023-08-08,161.5,162.74,158.62,161.06,161.06,158528
2023-08-09,161.06,162.42,160.12,161.92,161.92,96196
2023-08-10,162.22,164.94,162.22,164.64,164.64,106262
2023-08-11,164.7,165.8,163.7,164.6,164.6,92587
2023-08-14,165.58,168.52,161.9,162.8,162.8,221914
2023-08-15,161.98,165.06,160.4,161.7,161.7,143947
2023-08-16,162.0,162.9,158.3,159.08,159.08,154406
2023-08-17,160.0,160.98,157.0,159.24,159.24,153473
2023-08-18,159.42,162.84,157.48,161.98,161.98,139737
2023-08-21,162.78,163.34,160.72,162.62,162.62,91646
2023-08-22,163.08,163.98,161.7,162.7,162.7,93445
2023-08-23,163.0,163.4,159.36,160.1,160.1,150788
2023-08-24,160.0,161.48,159.64,160.82,160.82,102795
2023-08-25,160.82,161.46,159.8,161.44,161.44,66705
2023-08-28,162.02,168.42,161.94,167.8,167.8,259126
2023-08-29,167.98,168.48,165.22,166.28,166.28,146648
2023-08-30,166.28,168.5,165.06,166.8,166.8,107444
2023-08-31,166.82,169.7,166.54,168.32,168.32,137407
2023-09-01,168.8,169.46,167.38,167.86,167.86,78140
2023-09-04,168.5,171.68,168.16,171.12,171.12,151599
2023-09-05,171.38,172.4,169.04,170.6,170.6,135911
2023-09-06,170.6,170.72,168.68,169.0,169.0,85028
2023-09-07,169.0,171.96,163.76,164.66,164.66,307678
2023-09-08,164.98,165.04,161.7,163.2,163.2,141974
2023-09-11,163.0,163.76,161.44,162.5,162.5,133294
2023-09-12,163.38,165.48,162.76,164.7,164.7,138696
2023-09-13,165.28,166.0,163.12,163.92,163.92,62993
2023-09-14,163.92,163.92,160.26,163.0,163.0,116590
2023-09-15,163.02,165.5,162.66,164.36,164.36,104381
2023-09-18,165.0,165.4,162.4,163.08,163.08,92279
2023-09-19,162.4,163.54,159.5,159.98,159.98,137973
2023-09-20,160.02,165.0,158.96,161.9,161.9,163271
2023-09-21,161.48,163.6,159.58,160.18,160.18,158764
2023-09-22,159.8,161.2,158.26,159.92,159.92,118739
2023-09-25,160.0,160.42,158.5,158.72,158.72,54169
2023-09-26,158.7,160.96,157.3,159.46,159.46,112316
2023-09-27,160.0,160.92,159.2,160.74,160.74,58409
2023-09-28,160.9,163.92,160.3,163.04,163.04,106837
2023-09-29,163.28,163.28,160.34,161.88,161.88,91381
2023-10-02,162.44,163.48,161.5,161.72,161.72,46201
2023-10-03,161.72,161.86,160.12,161.68,161.68,43988
2023-10-04,161.12,162.7,160.3,160.3,160.3,70268
2023-10-05,161.0,161.86,160.04,161.72,161.72,59549
2023-10-06,161.74,162.76,160.56,162.68,162.68,61742
2023-10-09,162.5,164.2,161.88,162.56,162.56,77842
2023-10-10,162.58,163.12,161.56,162.94,162.94,42328
2023-10-11,163.2,164.2,160.34,161.26,161.26,76350
2023-10-12,160.94,163.3,160.08,162.78,162.78,60861
2023-10-13,162.84,163.48,162.16,162.84,162.84,36679
2023-10-16,163.26,164.7,162.9,164.32,164.32,69829
2023-10-17,164.6,165.48,163.78,165.2,165.2,73934
2023-10-18,165.34,165.38,163.08,164.72,164.72,84470
2023-10-19,164.18,168.5,164.02,167.88,167.88,112166
2023-10-20,169.2,174.84,168.06,171.22,171.22,372170
2023-10-23,172.0,173.0,168.52,171.08,171.08,190408
2023-10-24,171.1,172.66,169.54,171.96,171.96,85612
2023-10-25,171.98,175.34,170.8,174.6,174.6,120964
2023-10-26,174.66,177.76,172.5,172.5,172.5,199786
2023-10-27,172.6,175.98,171.0,175.06,175.06,213709
2023-10-30,175.6,178.88,175.3,175.72,175.72,160279
2023-10-31,175.5,176.4,173.52,175.74,175.74,107614
2023-11-01,175.9,178.28,175.3,178.04,178.04,69255
2023-11-02,178.0,181.86,177.68,180.78,180.78,217308
2023-11-03,181.58,183.36,178.16,178.98,178.98,360938
2023-11-06,179.9,180.02,176.0,177.64,177.64,144212
2023-11-07,177.88,178.14,176.0,176.9,176.9,92209
2023-11-08,176.88,177.44,174.12,174.6,174.6,155743
2023-11-09,174.6,174.94,172.9,174.12,174.12,97343
2023-11-10,174.04,174.1,172.62,173.44,173.44,97274
2023-11-13,173.46,175.7,172.94,174.1,174.1,93529
2023-11-14,174.0,174.36,171.12,171.78,171.78,111450
2023-11-15,171.78,172.1,169.08,171.36,171.36,112272
2023-11-16,171.1,172.4,169.84,170.08,170.08,67011
2023-11-17,169.9,172.36,168.5,171.68,171.68,80309
2023-11-20,171.64,173.34,170.12,170.98,170.98,49991
2023-11-21,170.8,172.5,170.16,172.5,172.5,58494
2023-11-22,172.82,174.36,171.5,172.18,172.18,68714
2023-11-23,172.2,173.86,171.68,173.04,173.04,61821
2023-11-24,173.5,174.0,170.5,170.96,170.96,69721
2023-11-27,170.96,172.4,170.24,170.52,170.52,64085
2023-11-28,170.62,171.12,168.76,170.56,170.56,77436
2023-11-29,170.72,170.72,169.1,169.22,169.22,46549
2023-11-30,169.22,169.5,166.8,167.36,167.36,78108
2023-12-01,167.24,168.46,166.16,166.46,166.46,62349
2023-12-04,166.44,168.24,166.1,166.68,166.68,72435
2023-12-05,167.12,168.6,166.76,168.04,168.04,69628
2023-12-06,168.2,168.9,164.04,164.12,164.12,91147
2023-12-07,164.74,169.68,163.84,169.12,169.12,127989
2023-12-08,169.38,172.4,167.5,167.76,167.76,89198
2023-12-11,168.22,168.3,166.0,166.6,166.6,59780
2023-12-12,166.6,167.98,164.2,164.78,164.78,85850
2023-12-13,164.04,167.2,163.44,166.0,166.0,75366
2023-12-14,166.8,167.56,165.82,166.46,166.46,56309
2023-12-15,166.56,169.98,166.56,169.88,169.88,124484
2023-12-18,170.02,172.46,169.54,171.5,171.5,118119
2023-12-19,172.0,172.34,170.3,172.02,172.02,75589
2023-12-20,172.0,173.46,170.6,171.14,171.14,120208
2023-12-21,171.4,171.4,169.0,170.82,170.82,116056
2023-12-22,171.06,171.5,170.08,171.22,171.22,110719
2023-12-25,170.74,171.86,169.2,171.3,171.3,224046
2023-12-26,163.6,164.34,162.9,163.6,163.6,241265
2023-12-27,164.0,164.16,162.82,163.1,163.1,102528
2023-12-28,163.1,163.2,161.52,161.56,161.56,76532
2023-12-29,161.52,162.4,161.5,161.72,161.72,43692
2024-01-03,161.64,163.7,161.4,163.56,163.56,34733
2024-01-04,163.6,163.94,162.74,162.96,162.96,28257
2024-01-05,163.02,163.3,162.18,162.8,162.8,21158
2024-01-08,163.5,165.5,162.6,164.26,164.26,45032
2024-01-09,164.5,165.02,163.22,163.84,163.84,49999
2024-01-10,164.0,164.56,163.52,163.76,163.76,57351
2024-01-11,164.12,164.24,160.72,162.76,162.76,160309
2024-01-12,162.96,163.12,161.7,162.34,162.34,60738
2024-01-15,162.34,163.5,161.74,162.26,162.26,76288
2024-01-16,162.24,162.7,161.36,161.92,161.92,55230
2024-01-17,161.9,163.0,161.4,162.02,162.02,85474
2024-01-18,162.14,162.4,161.42,161.56,161.56,40011
2024-01-19,161.56,161.74,160.5,160.52,160.52,53610
2024-01-22,160.82,161.3,160.16,160.76,160.76,52747
2024-01-23,160.76,161.98,160.44,160.78,160.78,57947
2024-01-24,160.82,161.74,158.38,160.02,160.02,105594
2024-01-25,160.02,160.48,159.02,159.86,159.86,75807
2024-01-26,159.86,160.8,159.64,160.56,160.56,58514
2024-01-29,160.9,161.4,159.96,160.26,160.26,78220
2024-01-30,160.26,161.1,159.2,160.36,160.36,101223
2024-01-31,160.82,160.82,159.4,159.46,159.46,78085
2024-02-01,159.46,160.2,159.1,159.92,159.92,74228
2024-02-02,159.92,159.92,159.2,159.5,159.5,56293
2024-02-05,159.5,159.7,159.16,159.5,159.5,55016
2024-02-06,159.56,160.48,159.12,159.44,159.44,64979
2024-02-07,159.4,160.42,159.38,159.6,159.6,86017
2024-02-08,159.6,159.74,157.3,157.42,157.42,109476
2024-02-09,157.42,158.1,155.7,157.28,157.28,170301
2024-02-12,157.3,157.72,154.22,155.46,155.46,147206
2024-02-13,155.5,155.96,153.66,153.8,153.8,102963
2024-02-14,154.12,154.68,151.24,151.86,151.86,153647
2024-02-15,152.18,152.32,150.06,151.72,151.72,164082
2024-02-16,151.9,152.92,150.1,150.36,150.36,152081
2024-02-19,150.4,150.86,148.46,149.24,149.24,125779
2024-02-20,149.24,149.58,144.28,144.8,144.8,255581
2024-02-21,144.8,145.76,143.28,144.38,144.38,177810
2024-02-22,144.94,145.56,143.3,143.72,143.72,109236
2024-02-26,145.2,147.46,144.66,147.44,147.44,111504
2024-02-27,147.4,147.4,144.8,145.14,145.14,95955
2024-02-28,145.44,146.34,144.82,146.02,146.02,87519
2024-02-29,146.44,147.22,145.54,145.68,145.68,83187
2024-03-01,146.0,146.2,144.86,146.02,146.02,67207
2024-03-04,146.1,150.16,146.1,150.08,150.08,189422
2024-03-05,150.06,150.06,148.32,149.46,149.46,109695
2024-03-06,149.54,151.34,148.64,150.84,150.84,155469
2024-03-07,150.9,151.82,150.26,150.98,150.98,88331
2024-03-11,151.46,152.28,149.74,150.28,150.28,139984
2024-03-12,150.2,150.78,148.6,150.28,150.28,83587
2024-03-13,150.68,151.68,149.5,149.98,149.98,87604
2024-03-14,150.0,151.5,149.02,150.18,150.18,108426
2024-03-15,150.2,151.2,149.86,150.7,150.7,59683
2024-03-18,151.06,151.5,149.5,149.64,149.64,97411
2024-03-19,149.6,150.0,147.08,147.76,147.76,143613
2024-03-20,147.76,148.84,145.16,148.04,148.04,136510
2024-03-21,148.42,150.52,146.84,149.3,149.3,156630
2024-03-22,149.3,149.98,147.62,147.98,147.98,152192
2024-03-25,148.0,152.7,146.88,151.38,151.38,159192
2024-03-26,151.56,153.14,150.16,151.36,151.36,121607
2024-03-27,151.64,153.22,151.24,153.0,153.0,98836
2024-03-28,153.3,153.58,151.2,152.08,152.08,75421
2024-03-29,152.5,152.5,151.0,151.1,151.1,69301
2024-04-01,151.2,152.08,150.48,150.54,150.54,61520
2024-04-08,152.5,156.38,152.12,152.96,152.96,22218400
2024-04-09,152.62,164.0,152.54,164.0,164.0,57201890
2024-04-10,164.0,165.8,161.1,163.3,163.3,35830020
2024-04-11,163.56,164.6,160.3,161.48,161.48,14837680
2024-04-12,162.0,167.48,161.64,164.8,164.8,34549580
2024-04-15,164.8,164.98,160.42,162.34,162.34,24510040
2024-04-16,162.04,162.3,158.24,158.92,158.92,19759020
2024-04-17,158.4,160.38,158.4,159.42,159.42,8986270
2024-04-18,159.42,160.76,157.44,158.62,158.62,5677860
2024-04-19,158.62,160.4,158.4,158.66,158.66,7120120
2024-04-22,158.4,160.88,157.64,159.3,159.3,9169860
2024-04-23,159.4,159.74,156.4,156.58,156.58,9062310
2024-04-24,156.5,157.84,155.14,155.82,155.82,7821080
2024-04-25,155.5,158.0,155.28,157.52,157.52,5805770
2024-04-26,157.56,157.86,155.0,156.54,156.54,5167340
2024-04-27,156.9,157.0,155.8,156.04,156.04,3348480
2024-04-29,156.22,156.9,153.9,155.16,155.16,4601850
2024-04-30,155.2,155.26,153.12,153.9,153.9,2887140
2024-05-02,153.9,156.88,153.68,154.48,154.48,5687970
2024-05-03,154.34,155.38,153.4,154.4,154.4,5298790
2024-05-06,154.4,156.8,153.1,155.8,155.8,8655310
2024-05-07,155.8,156.46,153.7,154.44,154.44,5892320
2024-05-08,154.44,154.7,153.5,153.82,153.82,4694100
2024-05-10,153.96,154.64,152.46,152.78,152.78,6042260
2024-05-13,152.78,152.9,151.58,152.04,152.04,5795720
2024-05-14,152.06,152.66,151.82,152.48,152.48,6625530
2024-05-15,152.6,152.98,151.04,152.68,152.68,8989780
2024-05-16,152.74,153.78,152.22,152.6,152.6,8655950
2024-05-17,152.9,157.3,152.6,156.3,156.3,27934490
2024-05-20,157.5,159.44,151.52,151.88,151.88,18596160
2024-05-21,151.6,153.38,148.12,148.92,148.92,23763240
2024-05-22,149.0,153.0,148.0,150.0,150.0,17931440
2024-05-23,149.96,155.76,146.7,154.06,154.06,45476250
2024-05-24,154.06,157.7,151.5,153.04,153.04,25458600
2024-05-27,153.04,153.88,148.62,149.8,149.8,14149960
2024-05-28,149.82,152.1,148.82,149.62,149.62,11347550
2024-05-29,149.6,153.04,149.26,152.0,152.0,7013290
2024-05-30,152.3,153.0,145.32,146.5,146.5,10653000
2024-05-31,146.4,147.94,138.14,139.98,139.98,16224310
2024-06-03,140.9,142.64,133.76,138.52,138.52,18412190
2024-06-04,138.54,143.02,136.4,140.8,140.8,14225020
2024-06-05,141.36,141.76,138.1,139.24,139.24,8079360
2024-06-06,139.26,141.8,138.72,141.8,141.8,6697570
2024-06-07,141.84,145.36,140.6,143.28,143.28,10190370
2024-06-10,143.42,143.96,138.12,139.14,139.14,7008820
2024-06-11,138.66,140.54,136.94,138.86,138.86,13275380
2024-06-13,135.48,140.18,132.62,139.18,139.18,9501670
2024-06-14,139.5,141.6,138.3,140.3,140.3,5618010
2024-06-17,140.7,140.86,138.52,138.54,138.54,4875850
2024-06-18,138.62,139.6,135.76,136.26,136.26,7221330
2024-06-19,135.92,136.26,130.6,134.0,134.0,13025050
2024-06-20,134.04,136.66,130.4,136.32,136.32,37105090
2024-06-21,136.6,138.88,133.7,134.0,134.0,9661210
2024-06-24,134.0,134.7,130.2,130.24,130.24,6876280
2024-06-25,130.24,131.82,128.2,131.18,131.18,14615210
2024-06-26,131.54,132.42,130.4,130.8,130.8,7654700
2024-06-27,130.82,131.26,129.0,129.32,129.32,8164620
2024-06-28,129.04,130.44,129.0,129.92,129.92,3937260
2024-07-01,130.0,132.66,128.84,132.5,132.5,10159430
2024-07-02,132.5,135.28,131.3,134.38,134.38,12622780
2024-07-03,134.98,135.52,132.22,132.66,132.66,12081330
2024-07-04,132.98,133.54,129.9,130.38,130.38,8414170
2024-07-05,130.5,134.46,129.6,134.34,134.34,9428990
2024-07-08,134.34,135.0,132.16,132.52,132.52,8092480
2024-07-09,132.52,133.08,128.52,129.14,129.14,7917220
2024-07-10,129.7,129.7,124.02,124.3,124.3,15489150
2024-07-11,124.68,126.88,124.58,126.1,126.1,13802910
2024-07-12,125.74,126.46,123.64,125.26,125.26,14387230
2024-07-15,125.22,125.84,122.24,122.76,122.76,7308020
2024-07-16,123.34,127.08,122.6,126.1,126.1,10423730
2024-07-17,126.6,127.44,124.24,125.26,125.26,8788200
2024-07-18,125.36,129.36,124.42,128.3,128.3,9013780
2024-07-19,128.94,129.5,127.2,128.5,128.5,12152820
2024-07-22,129.0,130.46,128.36,129.88,129.88,6304550
2024-07-23,130.0,130.34,127.62,128.08,128.08,5417480
2024-07-24,129.0,131.92,127.9,130.86,130.86,10355280
2024-07-25,130.46,131.1,129.28,129.56,129.56,4500390
2024-07-26,129.5,131.58,124.76,126.46,126.46,14251010
2024-07-29,126.08,127.98,124.5,125.2,125.2,7246500
2024-07-30,125.26,128.0,124.0,127.92,127.92,8866400
2024-07-31,128.18,130.72,127.0,130.16,130.16,6106570
2024-08-01,130.22,130.56,128.12,128.64,128.64,3661320
2024-08-02,128.6,128.86,127.28,128.0,128.0,3475450
2024-08-05,126.0,126.62,122.92,123.92,123.92,10357170
2024-08-06,124.22,125.78,124.22,124.88,124.88,4586030
2024-08-07,125.28,125.88,122.4,124.6,124.6,10413560
2024-08-08,124.9,125.52,122.64,122.88,122.88,5874700
2024-08-09,122.88,124.44,122.5,123.46,123.46,3485140
2024-08-12,123.0,126.08,122.62,125.7,125.7,6213060
2024-08-13,125.3,129.54,125.1,127.82,127.82,11204340
2024-08-14,127.84,128.42,125.38,125.76,125.76,7540300
2024-08-15,125.72,126.2,124.66,125.0,125.0,3062090
2024-08-16,125.02,127.8,124.22,125.88,125.88,5138590
2024-08-19,126.0,127.32,124.0,126.0,126.0,8437770
2024-08-20,125.96,126.2,124.02,124.18,124.18,5617010
2024-08-21,124.0,124.9,120.56,121.44,121.44,13780990
2024-08-22,121.38,122.28,117.0,118.9,118.9,12536220
2024-08-23,118.74,119.06,109.7,113.04,113.04,32476810
2024-08-26,114.26,118.48,114.24,118.44,118.44,13888710
2024-08-27,118.44,118.44,111.56,112.9,112.9,20180700
2024-08-28,112.82,113.34,110.04,112.1,112.1,16375610
2024-08-29,112.1,113.2,108.7,111.34,111.34,14500390
2024-08-30,112.04,112.06,104.62,108.58,108.58,22684910
2024-09-02,108.0,109.86,102.12,103.12,103.12,18182150
2024-09-03,103.18,107.5,102.24,104.02,104.02,18487270
2024-09-04,104.5,107.0,103.1,106.72,106.72,13677770
2024-09-05,107.24,107.28,104.06,104.88,104.88,12165030
2024-09-06,104.86,107.16,104.5,107.04,107.04,7663410
2024-09-09,107.28,108.9,105.86,108.1,108.1,13453150
2024-09-10,108.5,108.88,104.9,105.96,105.96,8895020
2024-09-11,105.96,106.38,103.06,103.6,103.6,11498620
2024-09-12,103.8,104.18,100.26,101.5,101.5,13896150
2024-09-13,101.28,102.88,99.0,102.62,102.62,20049430
2024-09-16,102.82,106.46,102.76,106.44,106.44,11682170
2024-09-17,106.58,107.0,104.78,106.82,106.82,9348380
2024-09-18,106.76,107.96,106.1,106.22,106.22,13642520
2024-09-19,106.32,111.42,105.72,111.2,111.2,26038020
2024-09-20,111.22,112.94,109.06,109.42,109.42,21763930
2024-09-23,110.3,110.76,108.6,110.34,110.34,15336740
2024-09-24,111.0,116.0,110.06,115.22,115.22,31469730
2024-09-25,115.86,118.2,112.54,114.02,114.02,38585390
2024-09-26,114.0,116.82,113.34,115.48,115.48,24466590
2024-09-27,115.68,116.46,112.68,115.4,115.4,34610030
2024-09-30,115.8,117.66,113.04,113.04,113.04,19369170
2024-10-01,112.76,113.96,109.92,110.6,110.6,30705600
2024-10-02,110.64,111.5,107.62,107.84,107.84,23646560
2024-10-03,107.84,107.98,105.0,106.46,106.46,30183310
2024-10-04,106.8,108.0,106.5,106.96,106.96,11583130
2024-10-07,107.0,107.38,104.62,106.22,106.22,19627980
2024-10-08,105.88,107.0,104.9,106.4,106.4,10445690
2024-10-09,106.36,106.82,103.36,103.82,103.82,19387680
2024-10-10,103.84,104.46,103.16,103.48,103.48,14764430
2024-10-11,103.5,103.86,101.5,101.56,101.56,16185450
2024-10-14,101.56,105.74,100.3,105.5,105.5,34081820
2024-10-15,105.5,108.78,104.5,108.5,108.5,33499330
2024-10-16,108.44,109.98,105.82,106.82,106.82,40731890
2024-10-17,106.7,107.24,103.54,104.2,104.2,26579390
2024-10-18,104.1,105.8,102.74,104.26,104.26,29980090
2024-10-21,104.4,107.58,104.1,106.14,106.14,22161340
2024-10-22,106.4,107.9,105.52,105.82,105.82,25320210
2024-10-23,105.5,107.44,103.68,104.16,104.16,22799730
2024-10-24,104.08,105.7,103.26,105.12,105.12,16360910
2024-10-25,105.2,106.28,100.5,101.34,101.34,28885680
2024-10-28,100.5,101.6,94.22,96.1,96.1,46073070
2024-10-29,96.1,100.7,95.08,99.74,99.74,28831080
2024-10-30,100.0,100.42,97.04,97.54,97.54,19603210
2024-10-31,97.06,99.46,96.76,99.0,99.0,20639200
2024-11-01,99.4,100.0,97.22,99.16,99.16,18711470
2024-11-02,99.0,100.88,98.32,100.8,100.8,7061470
2024-11-05,100.8,105.0,100.28,104.2,104.2,21128940
2024-11-06,105.5,108.48,105.1,105.9,105.9,36581760
2024-11-07,105.78,110.48,104.66,109.42,109.42,38567780
2024-11-08,109.02,112.4,108.08,111.58,111.58,41605700
2024-11-11,112.38,113.26,110.64,112.64,112.64,28602310
2024-11-12,112.38,114.84,111.12,113.5,113.5,27300060
2024-11-13,113.22,115.8,112.7,112.98,112.98,38609690
2024-11-14,112.98,114.6,110.56,111.68,111.68,22584130
2024-11-15,111.52,115.5,111.28,115.16,115.16,19906940
2024-11-18,112.2,115.8,111.7,114.46,114.46,35026610
2024-11-19,114.64,116.1,109.52,111.0,111.0,39994590
2024-11-20,111.2,112.0,106.0,108.28,108.28,29177360
2024-11-21,108.3,109.78,106.6,109.32,109.32,29964420
2024-11-22,109.48,109.96,106.76,108.52,108.52,24628480
2024-11-25,108.5,108.8,103.1,103.94,103.94,22360820
2024-11-26,103.6,106.5,101.86,104.08,104.08,26895910
2024-11-27,104.4,111.4,102.74,110.96,110.96,45817670
2024-11-28,111.42,112.24,108.08,110.08,110.08,33233240
2024-11-29,110.62,114.0,109.68,112.96,112.96,23186570
2024-12-02,113.16,114.9,112.72,114.1,114.1,17187230
2024-12-03,113.96,114.34,109.3,110.4,110.4,22921070
2024-12-04,110.88,110.88,104.1,104.2,104.2,30705620
2024-12-05,104.6,108.7,102.8,108.16,108.16,33511420
2024-12-06,108.16,109.84,106.72,107.8,107.8,24489420
2024-12-09,108.5,109.0,106.38,106.86,106.86,21160630
2024-12-10,106.9,106.9,103.5,103.6,103.6,23476000
2024-12-11,103.6,104.84,101.5,104.1,104.1,23604160
2024-12-12,104.36,104.54,100.1,100.3,100.3,23815140
2024-12-13,100.28,102.2,99.68,99.9,99.9,20063730
2024-12-16,98.2,99.1,95.3,95.9,95.9,32093630
2024-12-17,96.04,96.7,94.8,94.98,94.98,22758560
2024-12-18,95.38,95.86,93.04,95.66,95.66,25839530
2024-12-19,95.9,99.16,95.0,95.7,95.7,45552700
2024-12-20,95.7,105.96,95.7,105.08,105.08,53274670
2024-12-23,107.0,108.4,104.0,105.0,105.0,53047870
2024-12-24,105.0,106.9,103.78,104.96,104.96,37285330
2024-12-25,104.7,108.72,103.54,108.0,108.0,42665540
2024-12-26,108.48,111.1,106.54,109.66,109.66,48210720
2024-12-27,109.92,111.66,109.26,111.04,111.04,21210260
2024-12-28,111.48,114.4,111.1,113.8,113.8,24511230
2024-12-30,114.54,115.8,114.36,115.5,115.5,16450590
2025-01-03,115.7,115.8,111.82,112.68,112.68,10306740
2025-01-06,112.38,113.82,110.66,113.42,113.42,9577910
2025-01-08,113.6,114.34,112.82,114.0,114.0,6827610
2025-01-09,114.0,114.82,111.02,111.8,111.8,18700190
2025-01-10,111.92,116.5,111.02,116.26,116.26,30019800
2025-01-13,116.9,120.22,116.8,118.38,118.38,39084140
2025-01-14,118.42,120.82,117.44,119.98,119.98,24648890
2025-01-15,119.98,121.22,117.16,119.46,119.46,26289270
2025-01-16,119.8,120.76,118.4,119.12,119.12,20477000
2025-01-17,119.4,125.0,118.7,124.88,124.88,36137150
2025-01-20,126.4,128.86,123.2,123.4,123.4,40312850
2025-01-21,124.4,124.66,121.34,124.56,124.56,20094130
2025-01-22,125.0,127.28,121.94,123.74,123.74,24584330
2025-01-23,123.68,125.0,121.58,124.96,124.96,14828320
2025-01-24,125.2,127.98,123.0,124.14,124.14,29745030
2025-01-27,124.7,124.98,118.74,119.46,119.46,23334450
2025-01-28,119.3,121.94,117.12,121.2,121.2,30176910
2025-01-29,121.22,123.0,120.84,121.78,121.78,14893220
2025-01-30,121.78,123.24,121.6,122.76,122.76,13351190
2025-01-31,122.7,124.6,119.54,121.18,121.18,24647190
2025-02-03,121.0,121.0,117.02,118.3,118.3,24785600
2025-02-04,118.3,120.0,116.5,117.16,117.16,17713020
2025-02-05,117.12,121.0,116.02,120.4,120.4,23750850
2025-02-06,120.8,123.0,120.08,121.5,121.5,21595940
2025-02-07,121.86,123.62,120.48,122.28,122.28,21759600
2025-02-10,122.3,127.0,119.0,120.82,120.82,99953840
2025-02-11,120.6,122.1,119.62,121.12,121.12,36308370
2025-02-12,121.2,128.0,119.24,127.26,127.26,61397220
2025-02-13,127.34,129.94,123.5,128.1,128.1,49133510
2025-02-14,129.0,133.98,125.0,131.5,131.5,71277920
2025-02-17,134.0,139.0,132.64,138.2,138.2,57217780
2025-02-18,138.6,138.8,133.2,134.6,134.6,36446900
2025-02-19,134.8,139.0,132.68,138.52,138.52,28700070
2025-02-20,139.06,139.68,136.0,137.74,137.74,25642640
2025-02-21,138.0,140.3,135.14,137.18,137.18,27906160
2025-02-24,137.58,147.26,135.72,146.94,146.94,56679800
2025-02-25,147.2,150.14,141.3,143.04,143.04,111298520
2025-02-26,145.02,145.14,136.54,138.02,138.02,43200150
2025-02-27,138.34,139.26,134.2,134.34,134.34,38502380
2025-02-28,134.36,141.0,133.52,140.32,140.32,47182680
2025-03-01,140.5,140.76,139.58,139.92,139.92,528330
2025-03-02,140.06,140.32,138.5,139.04,139.04,1111330
2025-03-03,139.04,139.42,133.04,135.92,135.92,45749040
2025-03-04,136.08,142.26,136.08,140.92,140.92,47783880
2025-03-05,141.16,142.0,136.62,136.98,136.98,34532590
2025-03-06,137.0,138.64,134.14,136.46,136.46,22005120
2025-03-07,136.46,139.2,133.02,135.7,135.7,27918390
2025-03-10,136.4,137.5,134.42,137.14,137.14,27175260
2025-03-11,137.38,138.88,135.06,135.72,135.72,24234320
2025-03-12,135.82,136.42,133.8,134.0,134.0,14993010
2025-03-13,133.8,135.5,128.16,131.9,131.9,51653030
2025-03-14,132.0,132.46,129.0,130.54,130.54,28175460
2025-03-15,130.92,131.8,130.86,131.2,131.2,690760
2025-03-16,131.2,132.28,130.68,131.96,131.96,2175110
2025-03-17,132.0,134.68,131.58,134.06,134.06,29416160
2025-03-18,134.46,136.4,131.5,132.08,132.08,42256390
2025-03-19,132.1,133.16,130.22,132.04,132.04,17796760
2025-03-20,132.04,133.04,129.46,131.16,131.16,24120920
2025-03-21,131.0,132.34,128.58,129.8,129.8,18916750
2025-03-24,129.78,129.78,125.32,125.88,125.88,19710160
2025-03-25,126.0,130.0,123.22,129.58,129.58,28991740
2025-03-26,129.7,130.52,124.5,125.8,125.8,22155510
2025-03-27,126.0,126.3,122.5,122.98,122.98,23942460
2025-03-28,123.0,124.1,120.5,121.56,121.56,27845450
2025-03-29,120.7,121.28,119.42,119.42,119.42,3104970
2025-03-30,119.42,119.98,119.42,119.42,119.42,1177640
2025-03-31,119.0,124.5,118.42,123.3,123.3,23239080
2025-04-01,123.3,125.3,120.12,120.8,120.8,26638310
2025-04-02,120.54,121.98,117.52,120.1,120.1,31937130
2025-04-03,120.2,121.8,114.02,116.42,116.42,34705210
2025-04-04,118.0,118.0,110.5,110.9,110.9,42757440
2025-04-05,108.8,111.0,108.68,110.7,110.7,4545980
2025-04-06,110.26,112.6,109.82,111.94,111.94,5139510
2025-04-07,109.7,113.66,102.68,111.32,111.32,60087170
2025-04-08,112.0,113.98,105.66,106.8,106.8,29746380
2025-04-09,106.6,117.3,105.52,116.08,116.08,67859580
2025-04-10,115.98,116.84,112.72,114.4,114.4,33033480
2025-04-11,114.14,117.5,113.98,117.1,117.1,22568590
2025-04-12,117.22,118.98,117.22,118.38,118.38,2618140
2025-04-13,118.38,118.96,118.06,118.56,118.56,1712030
2025-04-14,118.7,118.7,113.18,114.5,114.5,18252380
2025-04-15,114.6,115.7,111.48,112.2,112.2,20560130
2025-04-16,112.0,114.58,110.2,113.04,113.04,24949190
2025-04-17,113.5,116.02,112.3,115.56,115.56,21862320
2025-04-18,113.3,114.44,110.8,111.62,111.62,28037380
2025-04-21,112.9,114.96,112.24,113.92,113.92,15095590
2025-04-22,114.5,118.3,112.64,116.7,116.7,29501310
2025-04-23,117.36,117.48,112.66,114.44,114.44,23851670
2025-04-24,114.2,116.28,113.16,113.84,113.84,15308950
2025-04-25,114.18,117.76,114.06,117.7,117.7,20210340
2025-04-26,118.0,120.36,117.84,118.42,118.42,5763280
2025-04-27,118.78,119.5,118.7,119.48,119.48,1154790
2025-04-28,119.48,120.0,116.5,117.3,117.3,20196230
2025-04-29,117.5,117.54,112.7,113.62,113.62,15263770
2025-04-30,113.04,115.2,111.34,114.38,114.38,25856500
2025-05-02,114.0,114.1,108.56,109.0,109.0,14570650
2025-05-03,109.0,109.76,108.36,109.26,109.26,1391480
2025-05-04,109.26,110.04,109.0,109.4,109.4,1175420
2025-05-05,109.24,109.82,106.5,107.26,107.26,16295220
2025-05-06,107.76,109.58,106.56,107.7,107.7,13387030
2025-05-07,107.9,109.8,107.26,108.86,108.86,12124810
2025-05-08,108.98,111.88,108.86,111.6,111.6,11037050
2025-05-10,111.94,112.16,111.2,111.8,111.8,1652500
2025-05-11,113.0,114.5,112.5,112.88,112.88,3288000
2025-05-12,113.2,114.64,112.74,114.48,114.48,13489100
2025-05-13,114.56,114.98,112.72,112.98,112.98,13230140
2025-05-14,112.82,114.72,110.58,110.6,110.6,13636550
2025-05-15,111.12,111.8,108.98,110.52,110.52,13478020
2025-05-16,110.52,111.2,107.74,110.6,110.6,12244100
2025-05-17,110.6,112.6,110.22,112.3,112.3,1735140
2025-05-18,112.7,113.0,112.1,112.7,112.7,1922200
2025-05-19,112.5,112.84,109.6,109.92,109.92,12277630
2025-05-20,110.38,110.6,107.04,107.82,107.82,10917360
2025-05-21,107.98,108.1,105.02,105.56,105.56,15437630
2025-05-22,105.56,106.3,103.54,105.02,105.02,19692580
2025-05-23,105.02,105.34,103.1,103.68,103.68,8905940
2025-05-26,103.66,103.66,99.0,100.04,100.04,17999910
2025-05-27,100.04,101.9,98.5,101.34,101.34,15851390
2025-05-28,101.64,107.58,101.34,107.2,107.2,23651150
2025-05-29,107.26,107.4,104.5,104.84,104.84,13092710
2025-05-30,104.5,106.96,104.1,106.42,106.42,14139890
2025-05-31,106.44,108.18,106.4,107.08,107.08,1383310
2025-06-01,106.78,106.78,103.24,103.24,103.24,4240570
2025-06-02,103.3,106.46,103.02,105.68,105.68,13031300
2025-06-03,105.68,110.42,105.68,110.4,110.4,17815500
2025-06-04,110.4,113.36,109.58,111.38,111.38,29168310
2025-06-05,111.38,112.4,109.02,109.82,109.82,14332730
2025-06-06,109.5,112.86,108.2,108.2,108.2,25141690
2025-06-07,108.2,108.72,108.2,108.48,108.48,532450
2025-06-08,108.48,108.68,107.1,107.68,107.68,1040710
2025-06-09,107.8,111.2,106.6,110.7,110.7,32359310
2025-06-10,111.0,111.92,105.62,106.24,106.24,37370160
2025-06-11,106.38,108.46,104.56,106.8,106.8,23136040
2025-06-13,107.04,108.14,104.82,105.5,105.5,7713420
2025-06-14,105.52,106.3,105.5,106.16,106.16,1240270
2025-06-15,106.32,106.66,105.42,106.18,106.18,1037710
2025-06-16,106.18,106.22,104.1,104.42,104.42,11121300
2025-06-17,104.6,107.98,103.66,107.52,107.52,16389770
2025-06-18,107.52,108.6,106.26,107.28,107.28,12430340
2025-06-19,107.38,108.36,105.0,106.72,106.72,15862850
2025-06-20,106.98,107.2,104.48,104.5,104.5,9068350
2025-06-23,104.7,105.3,102.7,103.9,103.9,14308720
2025-06-24,103.96,105.26,103.22,104.98,104.98,12891790
2025-06-25,105.2,107.5,105.02,107.18,107.18,14962880
2025-06-26,107.62,110.68,107.3,110.4,110.4,29917830
2025-06-27,110.5,111.58,109.56,111.58,111.58,29920600
2025-06-28,111.78,111.96,111.2,111.4,111.4,961120
2025-06-29,111.28,111.6,111.06,111.06,111.06,1050370
2025-06-30,111.28,112.62,109.78,111.22,111.22,28623560
2025-07-01,111.42,112.82,110.0,110.48,110.48,28611490
2025-07-02,110.7,112.46,110.2,112.02,112.02,22139480
2025-07-03,112.0,112.7,108.82,109.4,109.4,31165150
2025-07-04,109.38,110.5,108.08,109.48,109.48,17264540
2025-07-05,109.68,109.7,109.22,109.38,109.38,208420
2025-07-06,109.38,109.38,108.74,109.02,109.02,329880
2025-07-07,109.02,109.1,106.36,106.4,106.4,13620190
2025-07-08,106.38,107.7,103.1,103.72,103.72,26470470
2025-07-09,103.72,104.7,102.2,104.16,104.16,27255480
2025-07-10,104.22,105.42,103.12,104.42,104.42,13092960
2025-07-11,104.6,104.88,101.08,101.5,101.5,17065580
2025-07-12,101.96,102.44,101.5,102.0,102.0,887360
2025-07-13,101.98,102.18,100.86,101.74,101.74,1395090
2025-07-14,101.58,109.52,100.62,109.26,109.26,51537570
2025-07-15,109.52,110.9,108.76,110.1,110.1,29616940
2025-07-16,110.1,112.3,109.04,110.04,110.04,32044850
2025-07-17,110.36,111.18,108.46,108.68,108.68,17973090
2025-07-18,108.68,115.44,108.1,115.36,115.36,50155960
2025-07-19,115.36,118.84,114.8,117.3,117.3,8765640
2025-07-20,118.18,118.46,117.02,117.4,117.4,2589590
2025-07-21,117.0,118.14,114.74,116.54,116.54,31277080
2025-07-22,116.46,120.1,115.46,119.5,119.5,28885100
2025-07-23,119.52,120.76,117.42,118.24,118.24,23881490
2025-07-24,118.18,119.38,117.48,118.26,118.26,17217360
2025-07-25,118.46,118.9,113.2,114.68,114.68,30439060
2025-07-26,114.68,114.9,114.06,114.46,114.46,685470
2025-07-27,114.44,114.6,114.0,114.3,114.3,457380
2025-07-28,114.08,117.68,113.42,117.0,117.0,45130920
2025-07-29,117.06,123.32,116.14,122.9,122.9,75496420
2025-07-30,122.9,123.2,119.16,119.46,119.46,34012110
2025-07-31,119.76,121.6,117.82,120.86,120.86,29053530
2025-08-01,121.38,121.9,118.7,120.12,120.12,14524970
2025-08-04,119.54,121.96,118.42,120.68,120.68,14248820
2025-08-05,121.04,122.36,120.12,122.16,122.16,11836210
2025-08-06,122.4,126.48,119.7,123.7,123.7,37809550
2025-08-07,123.7,127.8,122.92,125.5,125.5,37266360
2025-08-08,126.0,128.8,124.1,128.3,128.3,20464710
2025-08-11,130.0,130.96,126.9,128.1,128.1,30705820
2025-08-12,128.2,128.68,126.54,128.2,128.2,12096860
2025-08-13,128.32,129.5,127.58,128.2,128.2,13315860
2025-08-14,127.72,131.64,127.08,131.46,131.46,25471320
2025-08-15,131.64,132.64,130.1,130.58,130.58,26485210
2025-08-16,128.84,128.84,126.6,126.98,126.98,6220990
2025-08-17,127.02,127.18,126.6,126.6,126.6,1579670
2025-08-18,126.38,131.4,125.44,129.88,129.88,21130310
2025-08-19,130.02,131.0,127.8,128.34,128.34,17584330
2025-08-20,128.34,129.08,125.3,125.72,125.72,12848720
2025-08-21,125.72,126.12,121.5,121.8,121.8,22046210
2025-08-22,121.96,124.52,120.98,122.94,122.94,15463050
2025-08-23,123.02,123.3,122.92,123.1,123.1,305490
2025-08-24,123.1,123.38,121.94,122.12,122.12,630270
2025-08-25,121.88,123.66,120.0,123.42,123.42,12455480
2025-08-26,123.5,125.16,121.86,122.96,122.96,10236960
2025-08-27,123.0,127.54,122.16,127.1,127.1,17141350
2025-08-28,127.16,127.16,123.84,124.32,124.32,15706360
2025-08-29,124.52,125.78,124.0,125.44,125.44,8749820
2025-08-30,125.44,125.68,125.04,125.18,125.18,403460
2025-08-31,125.2,125.9,125.18,125.48,125.48,567190
2025-09-01,125.54,126.58,122.7,123.2,123.2,7441570
2025-09-02,123.18,123.86,121.22,123.36,123.36,11377110
2025-09-03,123.3,125.3,122.08,124.88,124.88,9821960
2025-09-04,124.96,125.7,123.34,124.7,124.7,11231580
2025-09-05,124.8,126.24,123.5,126.0,126.0,10554290
2025-09-06,126.0,126.32,125.7,126.14,126.14,321620
2025-09-07,126.0,127.0,126.0,126.6,126.6,859260
2025-09-08,126.5,129.28,125.66,129.18,129.18,13595130
2025-09-09,129.28,130.5,128.64,130.2,130.2,18752630
2025-09-10,130.1,131.76,128.5,129.66,129.66,21523820
2025-09-11,129.66,130.32,127.5,129.44,129.44,19281990
2025-09-12,129.7,130.02,124.0,124.04,124.04,35548180
2025-09-13,124.2,124.5,123.32,123.42,123.42,1180130
2025-09-14,123.44,124.62,123.0,124.6,124.6,1035960
2025-09-15,124.4,125.04,122.44,123.56,123.56,15037630
2025-09-16,123.7,125.12,121.38,124.12,124.12,17434070
2025-09-17,124.46,126.36,122.5,126.3,126.3,11720530
2025-09-18,126.4,126.7,122.7,122.88,122.88,20667790
2025-09-19,122.88,124.48,119.06,119.28,119.28,23014240
2025-09-22,119.4,122.32,117.42,121.8,121.8,22541230
2025-09-23,121.7,123.9,118.08,119.34,119.34,22833810
2025-09-24,119.4,123.7,117.66,123.7,123.7,20348270
2025-09-25,123.82,123.86,120.1,120.56,120.56,14939840
2025-09-26,120.6,123.68,119.84,122.78,122.78,16976630
2025-09-27,122.78,123.8,122.6,123.56,123.56,891990
2025-09-28,123.54,123.72,122.88,122.9,122.9,492130
2025-09-29,123.0,127.2,122.66,125.96,125.96,46155010
2025-09-30,125.96,125.98,122.42,123.88,123.88,22833480
2025-10-01,123.98,124.58,120.46,121.1,121.1,15295860
2025-10-02,121.22,122.12,120.2,121.4,121.4,15221890
2025-10-03,121.5,122.7,119.5,120.08,120.08,12249780
2025-10-04,120.0,120.64,118.02,118.66,118.66,2671140
2025-10-05,118.68,120.2,118.3,120.14,120.14,1188690
2025-10-06,120.4,124.66,119.32,124.02,124.02,19252860
2025-10-07,124.0,126.0,123.04,125.96,125.96,26754760
2025-10-08,125.94,126.76,121.0,121.86,121.86,36517380
2025-10-09,122.46,130.5,120.0,128.68,128.68,77439860
2025-10-10,129.0,129.78,125.5,125.64,125.64,41786980
2025-10-11,125.48,126.24,124.96,126.24,126.24,1260300
2025-10-12,126.2,126.9,125.52,126.6,126.6,1158170
2025-10-13,126.84,129.8,126.72,129.04,129.04,42791870
2025-10-14,129.04,129.34,125.78,126.56,126.56,30608660
2025-10-15,126.7,127.9,125.0,125.22,125.22,21567760
2025-10-16,126.08,135.0,124.58,134.34,134.34,51869050
2025-10-17,134.3,134.32,130.8,131.52,131.52,32810870
2025-10-18,132.34,133.68,131.94,133.24,133.24,2612390
2025-10-19,133.28,133.62,132.3,132.88,132.88,1437770
2025-10-20,133.2,133.9,131.8,133.54,133.54,13660620
2025-10-21,133.68,133.68,126.52,128.0,128.0,36004060
2025-10-22,128.1,130.86,125.7,127.3,127.3,21988170
2025-10-23,126.0,128.38,125.5,127.36,127.36,18521680
2025-10-24,127.42,128.36,125.0,126.18,126.18,15606790
2025-10-27,125.8,126.0,118.22,118.5,118.5,28347576
2025-10-28,118.42,123.3,117.9,122.6,122.6,25199660
2025-10-29,122.58,125.9,122.18,125.3,125.3,22874910
2025-10-30,125.3,126.72,124.42,126.7,126.7,16330990
2025-10-31,126.36,126.7,123.52,123.94,123.94,11621130
2025-11-01,123.92,125.5,123.88,125.12,125.12,3362380
2025-11-03,125.34,127.38,125.18,127.0,127.0,4260620
2025-11-05,126.94,126.94,124.36,125.02,125.02,10686430
2025-11-06,124.72,125.44,123.82,124.74,124.74,5531470
2025-11-07,124.3,127.5,123.66,126.52,126.52,9359250
2025-11-08,126.52,126.7,126.2,126.34,126.34,441670
2025-11-09,126.34,126.98,126.2,126.98,126.98,496920
2025-11-10,127.0,127.72,125.82,126.56,126.56,9226000
2025-11-11,126.56,128.1,126.0,126.82,126.82,12876870
2025-11-12,126.96,127.28,123.92,124.7,124.7,15541950
2025-11-13,124.7,126.3,124.04,125.38,125.38,10535760
2025-11-14,125.38,125.74,122.66,123.9,123.9,7258620
2025-11-15,123.9,124.1,123.74,123.84,123.84,246810
2025-11-16,123.9,124.08,123.38,123.48,123.48,424750
2025-11-17,123.1,124.38,122.24,123.02,123.02,8041610
2025-11-18,123.3,127.7,122.38,127.0,127.0,21962450
2025-11-19,127.4,131.94,126.42,129.8,129.8,27813210
2025-11-20,129.82,134.5,128.72,133.38,133.38,19808590
2025-11-21,133.32,133.86,130.22,132.62,132.62,19349510
2025-11-24,132.62,134.36,128.74,129.8,129.8,20853250
2025-11-25,129.7,133.34,128.8,132.34,132.34,17867370
2025-11-26,132.64,132.64,130.88,131.36,131.36,5116640
2025-11-27,131.5,132.12,126.9,127.86,127.86,16781380
2025-11-28,128.08,131.4,127.54,130.96,130.96,10777430
2025-11-29,130.86,131.18,130.36,130.76,130.76,451090
2025-11-30,130.62,131.54,130.46,131.48,131.48,978190
2025-12-01,131.7,132.24,130.02,131.1,131.1,10576910
2025-12-02,131.26,131.78,130.42,130.96,130.96,10272730
2025-12-03,129.6,130.14,128.1,129.96,129.96,15771220
2025-12-04,130.0,130.66,128.9,128.94,128.94,7912390
2025-12-05,128.9,134.5,128.9,134.02,134.02,24123770
2025-12-08,134.0,135.52,133.0,133.02,133.02,19235930
2025-12-09,133.1,138.88,132.74,137.8,137.8,31312190
2025-12-10,137.98,138.12,135.56,136.9,136.9,16534620
2025-12-11,136.9,139.44,135.84,136.36,136.36,22972410
2025-12-12,136.4,138.5,135.6,136.78,136.78,18289030
2025-12-13,136.8,137.36,136.38,136.82,136.82,1148530
2025-12-14,136.82,136.98,136.02,136.12,136.12,877530
2025-12-15,137.08,139.46,136.16,139.0,139.0,17239880
2025-12-16,139.2,141.24,138.44,140.48,140.48,17542630
2025-12-17,140.5,141.48,139.2,140.44,140.44,15036180
2025-12-18,140.48,143.44,140.02,142.68,142.68,28855610
2025-12-19,142.78,144.58,141.0,142.2,142.2,24671850
2025-12-20,142.2,142.54,142.06,142.28,142.28,473940
2025-12-21,142.3,142.64,141.88,141.98,141.98,502520
2025-12-22,142.02,144.2,141.94,143.42,143.42,29617610
2025-12-23,143.58,148.12,143.48,148.08,148.08,35146210
2025-12-24,148.34,148.6,144.6,145.72,145.72,35143490
2025-12-25,145.62,147.54,144.64,147.16,147.16,16335290
2025-12-26,147.4,149.92,147.3,149.34,149.34,13274380
