Date,Open,High,Low,Close,Adj Close,Volume
2011-12-15,141.55,143.24,136.92,141.96,141.96,8513790
2011-12-16,145.12,150.93,141.1,150.93,150.93,7568290
2011-12-19,148.53,149.87,145.12,146.0,146.0,4108780
2011-12-20,146.0,146.75,142.43,146.0,146.0,3236100
2011-12-21,146.19,147.29,141.5,141.79,141.79,3028690
2011-12-22,142.5,148.0,141.24,147.98,147.98,8098420
2011-12-23,148.5,155.29,145.66,151.67,151.67,14831250
2011-12-26,152.05,155.5,150.59,151.66,151.66,9862750
2011-12-27,152.5,152.5,148.68,151.5,151.5,3273370
2011-12-28,151.47,152.89,147.55,149.49,149.49,2007920
2011-12-29,145.08,152.13,145.08,151.62,151.62,3837700
2011-12-30,152.5,154.98,151.15,152.2,152.2,2952710
2012-01-03,153.5,155.43,151.85,153.5,153.5,3862200
2012-01-04,154.0,154.4,151.77,153.77,153.77,1975400
2012-01-05,153.4,155.17,152.6,153.32,153.32,2721630
2012-01-06,154.15,154.97,152.62,154.01,154.01,1326010
2012-01-09,152.25,154.41,152.15,154.0,154.0,1444610
2012-01-10,154.01,155.79,153.23,153.5,153.5,3827390
2012-01-11,152.7,154.48,149.0,150.12,150.12,3526060
2012-01-12,151.0,155.0,149.53,153.85,153.85,4776620
2012-01-13,154.01,154.9,153.01,153.84,153.84,3963210
2012-01-16,153.47,153.83,151.23,152.5,152.5,2753630
2012-01-17,149.23,154.98,149.23,153.36,153.36,4260660
2012-01-18,154.05,154.45,152.05,153.65,153.65,3308570
2012-01-19,153.65,155.0,151.37,152.08,152.08,3717100
2012-01-20,151.1,153.17,147.51,148.4,148.4,5896730
2012-01-23,149.0,150.4,147.84,148.7,148.7,5555920
2012-01-24,148.5,150.2,146.55,147.7,147.7,5582660
2012-01-25,148.51,149.35,147.05,148.0,148.0,4283860
2012-01-26,149.0,150.25,147.82,148.58,148.58,4269030
2012-01-27,149.0,150.4,147.73,148.0,148.0,3058760
2012-01-30,148.0,149.11,144.56,146.76,146.76,3723520
2012-01-31,146.77,149.59,146.11,149.0,149.0,3851400
2012-02-01,148.51,154.1,147.84,152.0,152.0,8032970
2012-02-02,154.5,154.5,150.71,151.91,151.91,4052220
2012-02-03,152.0,154.75,151.52,154.65,154.65,5463620
2012-02-06,154.65,154.99,152.15,153.8,153.8,4543700
2012-02-07,153.8,153.81,151.16,152.41,152.41,2078370
2012-02-08,152.61,153.75,151.9,152.63,152.63,3119230
2012-02-09,152.63,153.09,149.12,149.99,149.99,3051550
2012-02-10,149.95,151.2,148.61,149.48,149.48,3356520
2012-02-13,150.2,152.0,150.02,151.52,151.52,2273850
2012-02-14,152.52,153.24,150.3,150.51,150.51,1977560
2012-02-15,151.5,153.1,150.51,151.01,151.01,2900380
2012-02-16,149.9,151.8,149.73,151.8,151.8,1293330
2012-02-17,152.1,152.38,149.95,150.52,150.52,2358060
2012-02-20,151.0,152.0,151.0,151.5,151.5,1284420
2012-02-21,151.7,151.8,148.75,149.51,149.51,1407180
2012-02-22,149.5,151.2,146.0,146.36,146.36,2404530
2012-02-24,147.75,148.9,146.0,148.28,148.28,4737260
2012-02-27,149.0,150.0,147.1,147.3,147.3,2828520
2012-02-28,143.76,148.45,143.76,144.85,144.85,2563410
2012-02-29,145.5,147.2,145.11,147.0,147.0,3027710
2012-03-01,147.0,147.0,145.35,146.87,146.87,2240290
2012-03-02,147.5,148.1,146.48,147.7,147.7,2327680
2012-03-05,147.8,148.98,147.1,148.57,148.57,2286370
2012-03-06,148.14,148.32,143.7,145.01,145.01,3237580
2012-03-07,145.03,145.99,142.72,143.4,143.4,3666010
2012-03-11,144.3,144.5,143.8,144.14,144.14,1673770
2012-03-12,144.6,146.14,143.77,145.5,145.5,3332140
2012-03-13,146.44,146.7,145.5,145.58,145.58,2192220
2012-03-14,146.55,149.89,146.16,148.54,148.54,6051830
2012-03-15,148.52,151.6,148.01,150.02,150.02,13070050
2012-03-16,151.46,152.0,148.27,151.97,151.97,7640250
2012-03-19,152.0,152.2,147.5,149.09,149.09,5849680
2012-03-20,148.23,150.28,147.35,149.25,149.25,4059020
2012-03-21,149.64,150.1,148.83,149.53,149.53,2724420
2012-03-22,149.6,149.97,146.65,147.2,147.2,4111500
2012-03-23,148.16,148.75,145.5,148.44,148.44,3644870
2012-03-26,151.7,151.7,147.54,147.99,147.99,2583290
2012-03-27,148.57,148.78,145.85,147.2,147.2,2057200
2012-03-28,147.27,147.44,144.5,145.86,145.86,2999300
2012-03-29,144.0,145.9,141.5,143.08,143.08,3333160
2012-03-30,143.61,146.1,143.48,143.73,143.73,3216360
2012-04-02,145.37,146.6,144.5,144.7,144.7,3586700
2012-04-03,146.0,147.27,145.25,146.4,146.4,3525820
2012-04-04,145.61,145.61,140.2,141.52,141.52,4890440
2012-04-05,142.0,143.1,140.43,142.35,142.35,2401560
2012-04-06,142.5,143.29,140.02,140.15,140.15,1482410
2012-04-09,141.42,144.24,140.0,142.49,142.49,4489820
2012-04-10,142.4,143.0,140.72,141.25,141.25,2491280
2012-04-11,140.87,142.33,140.41,141.45,141.45,2922130
2012-04-12,141.67,141.94,139.4,139.99,139.99,2122590
2012-04-13,139.82,141.08,138.12,139.0,139.0,4823530
2012-04-16,138.86,139.98,137.1,137.1,137.1,2402920
2012-04-17,138.13,138.22,134.0,135.09,135.09,5003370
2012-04-18,136.02,136.95,134.23,136.25,136.25,2588210
2012-04-19,136.0,139.64,136.0,137.7,137.7,4202480
2012-04-20,137.41,139.39,136.63,138.7,138.7,1837900
2012-04-23,138.68,138.87,136.0,136.0,136.0,2585390
2012-04-24,136.0,137.39,135.0,135.13,135.13,2111320
2012-04-25,135.95,136.39,134.25,134.5,134.5,1866200
2012-04-26,135.29,135.42,132.75,133.42,133.42,2132180
2012-04-27,133.5,135.11,132.17,134.71,134.71,5143960
2012-04-28,138.14,138.14,134.83,136.66,136.66,2452170
2012-05-02,132.71,135.19,132.5,134.3,134.3,4298160
2012-05-03,134.04,135.3,132.5,132.5,132.5,1495790
2012-05-04,131.96,133.45,124.6,127.0,127.0,6627000
2012-05-05,126.55,128.31,124.55,125.56,125.56,1306310
2012-05-07,124.0,125.17,119.68,124.54,124.54,2779090
2012-05-08,124.14,125.8,122.48,125.56,125.56,1633790
2012-05-10,126.0,129.98,126.0,128.99,128.99,4239750
2012-05-11,128.19,129.37,126.25,128.0,128.0,1838900
2012-05-12,123.1,127.46,123.1,126.7,126.7,1406220
2012-05-14,126.0,126.5,122.72,123.74,123.74,3067130
2012-05-15,124.0,125.0,122.14,124.56,124.56,5068370
2012-05-16,123.64,123.98,119.81,123.88,123.88,6457350
2012-05-17,124.5,125.0,120.25,123.97,123.97,3672200
2012-05-18,119.85,126.8,119.82,121.0,121.0,7109400
2012-05-21,122.0,122.09,120.14,122.09,122.09,3652650
2012-05-22,122.21,123.04,117.56,118.23,118.23,4563710
2012-05-23,117.76,117.76,113.25,114.5,114.5,4985760
2012-05-24,114.48,118.0,112.62,115.0,115.0,4202570
2012-05-25,114.55,116.5,114.12,115.85,115.85,2122740
2012-05-28,117.53,117.99,113.85,113.91,113.91,2311480
2012-05-29,115.02,116.94,112.75,116.4,116.4,5085010
2012-05-30,115.51,116.5,112.51,112.55,112.55,4268270
2012-05-31,112.53,113.7,105.0,105.44,105.44,14689560
2012-06-01,106.2,108.6,105.22,106.99,106.99,7226180
2012-06-04,105.5,108.6,105.23,107.81,107.81,3628290
2012-06-05,108.5,108.86,106.97,107.0,107.0,2871590
2012-06-06,108.0,110.0,105.86,108.1,108.1,4056820
2012-06-07,108.81,110.1,107.0,108.89,108.89,4448340
2012-06-08,108.0,110.0,106.18,109.71,109.71,4259380
2012-06-09,110.0,112.25,110.0,111.35,111.35,1976550
2012-06-13,111.35,114.0,111.05,113.8,113.8,3341540
2012-06-14,114.94,114.94,111.0,111.06,111.06,3301270
2012-06-15,112.4,112.88,111.13,111.57,111.57,7096190
2012-06-18,112.99,118.0,111.87,117.3,117.3,9146510
2012-06-19,117.3,118.94,115.6,116.1,116.1,5848630
2012-06-20,116.73,117.09,112.97,113.5,113.5,3365830
2012-06-21,113.0,114.89,111.51,111.6,111.6,2947300
2012-06-22,110.0,111.48,108.33,110.5,110.5,3764010
2012-06-25,111.08,111.34,109.63,110.55,110.55,2578800
2012-06-26,110.57,114.2,110.57,113.58,113.58,2665320
2012-06-27,113.92,115.42,112.91,114.3,114.3,5596580
2012-06-28,114.6,114.8,111.53,111.73,111.73,2798510
2012-06-29,113.01,117.3,113.01,116.5,116.5,4401110
2012-07-02,117.12,117.94,114.73,116.5,116.5,2855990
2012-07-03,116.54,120.46,116.54,119.66,119.66,4716830
2012-07-04,119.41,121.38,118.46,120.29,120.29,2320760
2012-07-05,120.0,121.39,117.87,118.58,118.58,3513150
2012-07-06,118.27,119.75,117.94,118.39,118.39,2235170
2012-07-09,118.4,120.6,118.07,119.5,119.5,2374030
2012-07-10,119.5,120.41,118.96,119.88,119.88,2465150
2012-07-11,119.6,119.6,115.85,117.95,117.95,4270510
2012-07-12,118.27,118.49,115.21,117.81,117.81,2554550
2012-07-13,118.8,122.0,117.91,119.37,119.37,4801910
2012-07-16,119.37,119.5,117.21,118.85,118.85,1538690
2012-07-17,119.4,120.0,118.62,119.5,119.5,2799520
2012-07-18,119.8,119.9,118.65,119.05,119.05,1279370
2012-07-19,119.2,119.75,118.59,118.76,118.76,2441260
2012-07-20,118.45,118.9,117.0,117.1,117.1,1377810
2012-07-23,116.11,117.24,111.9,112.64,112.64,3377460
2012-07-24,114.25,114.25,111.03,112.96,112.96,2524110
2012-07-25,112.41,115.3,111.51,113.9,113.9,2408350
2012-07-26,114.0,114.7,112.5,113.7,113.7,2748940
2012-07-27,113.27,114.73,113.02,114.66,114.66,3782430
2012-07-30,115.0,116.53,113.76,114.12,114.12,3119720
2012-07-31,114.32,114.97,110.98,111.5,111.5,4917400
2012-08-01,111.5,113.65,111.14,113.0,113.0,3375690
2012-08-02,113.0,114.77,112.01,114.11,114.11,5020750
2012-08-03,114.66,116.45,114.0,115.79,115.79,5056990
2012-08-06,116.73,117.6,116.07,117.13,117.13,4463300
2012-08-07,117.07,117.5,116.07,116.9,116.9,2301020
2012-08-08,116.89,117.4,115.78,117.3,117.3,2189810
2012-08-09,117.59,121.3,117.19,120.99,120.99,5510220
2012-08-10,120.02,122.51,119.15,121.36,121.36,4153090
2012-08-13,121.0,125.8,120.79,124.45,124.45,6335300
2012-08-14,124.52,126.6,124.52,125.87,125.87,5014860
2012-08-15,125.0,126.24,122.71,125.3,125.3,2929340
2012-08-16,125.2,126.72,124.53,126.5,126.5,2964210
2012-08-17,127.0,127.02,124.76,125.21,125.21,2589220
2012-08-20,125.6,125.74,122.01,124.45,124.45,2998300
2012-08-21,124.86,125.9,124.61,125.38,125.38,3563870
2012-08-22,124.29,125.0,123.1,124.9,124.9,1537540
2012-08-23,125.5,127.35,125.2,125.89,125.89,3833420
2012-08-24,125.0,126.26,124.02,126.11,126.11,1806140
2012-08-27,126.19,126.99,124.25,125.93,125.93,1099810
2012-08-28,124.72,126.29,124.67,125.24,125.24,1874910
2012-08-29,125.48,126.2,124.41,125.47,125.47,1717870
2012-08-30,126.26,126.38,124.01,124.85,124.85,1629630
2012-08-31,124.85,125.85,123.37,123.45,123.45,2397990
2012-09-03,123.45,125.69,122.57,125.45,125.45,1136830
2012-09-04,125.23,126.25,124.8,126.0,126.0,1644810
2012-09-05,125.99,126.5,122.1,123.11,123.11,2101070
2012-09-06,123.29,125.55,123.29,125.4,125.4,1888260
2012-09-07,125.45,127.97,125.19,125.52,125.52,4961000
2012-09-10,125.41,127.1,125.35,126.99,126.99,1883510
2012-09-11,108.96,129.48,108.96,128.29,128.29,3281540
2012-09-12,128.9,128.99,126.45,127.1,127.1,2643460
2012-09-13,127.0,127.38,126.03,126.49,126.49,1696660
2012-09-14,129.0,131.7,127.0,131.69,131.69,6946250
2012-09-17,131.1,133.8,130.22,132.11,132.11,6345310
2012-09-18,132.0,136.12,131.51,134.41,134.41,6000530
2012-09-19,135.01,136.4,132.16,135.01,135.01,5309970
2012-09-20,133.0,137.07,133.0,136.73,136.73,3506690
2012-09-21,137.05,139.97,135.21,138.8,138.8,5173470
2012-09-24,138.56,139.93,137.22,139.4,139.4,2850160
2012-09-25,139.4,141.4,136.7,137.0,137.0,2822310
2012-09-26,136.5,136.81,132.2,134.0,134.0,3405610
2012-09-27,134.48,135.99,131.01,132.74,132.74,2970500
2012-09-28,133.7,136.46,132.25,134.4,134.4,4424830
2012-10-01,133.5,138.8,132.61,138.72,138.72,3355060
2012-10-02,138.85,138.85,136.4,137.9,137.9,1361380
2012-10-03,137.03,137.89,134.2,136.5,136.5,1569350
2012-10-04,137.01,137.21,134.1,134.25,134.25,1335680
2012-10-05,135.92,138.7,135.2,135.2,135.2,2889150
2012-10-08,135.2,135.59,133.3,133.8,133.8,1429610
2012-10-09,133.91,137.8,133.91,136.62,136.62,3492920
2012-10-10,136.25,136.44,134.8,135.5,135.5,2010990
2012-10-11,135.2,135.48,133.83,134.97,134.97,1686350
2012-10-12,134.98,134.98,131.19,132.8,132.8,3269840
2012-10-15,132.15,134.43,131.75,132.48,132.48,1871710
2012-10-16,132.98,133.75,131.01,133.58,133.58,1819950
2012-10-17,133.75,136.5,132.21,136.14,136.14,2824070
2012-10-18,136.25,137.2,134.19,135.2,135.2,2761480
2012-10-19,135.13,135.43,132.0,132.1,132.1,1810130
2012-10-22,131.98,134.66,131.3,134.25,134.25,1753540
2012-10-23,133.86,134.84,130.7,130.96,130.96,1919000
2012-10-24,131.48,132.0,126.76,127.82,127.82,2384580
2012-10-25,127.45,128.35,125.55,126.25,126.25,2203320
2012-10-26,125.03,126.0,123.75,124.7,124.7,1998650
2012-10-29,124.57,125.16,123.45,124.46,124.46,976690
2012-10-30,124.43,124.43,122.5,122.78,122.78,1389980
2012-10-31,123.42,125.35,122.02,123.51,123.51,2866440
2012-11-01,123.0,125.5,122.05,123.61,123.61,2364930
2012-11-02,123.99,124.79,122.0,122.03,122.03,2442240
2012-11-06,122.52,123.98,121.12,122.0,122.0,1941960
2012-11-07,122.5,124.6,121.42,121.6,121.6,2149010
2012-11-08,120.97,121.0,116.7,117.99,117.99,3614750
2012-11-09,118.28,118.5,114.59,117.23,117.23,2825740
2012-11-12,117.9,119.91,117.11,119.24,119.24,1217000
2012-11-13,119.0,120.0,116.0,119.35,119.35,2753870
2012-11-14,119.49,120.75,117.8,119.47,119.47,2192920
2012-11-15,118.9,121.3,118.61,120.91,120.91,1174490
2012-11-16,120.38,121.35,119.2,121.05,121.05,1316970
2012-11-19,121.79,123.23,120.78,122.77,122.77,907160
2012-11-20,123.0,123.4,117.43,120.48,120.48,6567080
2012-11-21,120.0,121.68,119.34,120.0,120.0,4922830
2012-11-22,120.0,121.1,119.54,119.75,119.75,1623930
2012-11-23,119.96,121.0,119.36,120.62,120.62,1413950
2012-11-26,120.96,120.96,118.04,118.8,118.8,1583710
2012-11-27,119.15,119.9,115.43,116.09,116.09,4653640
2012-11-28,116.07,116.87,110.3,110.39,110.39,13849230
2012-11-29,111.42,112.84,108.41,110.5,110.5,12127420
2012-11-30,110.1,112.35,108.09,108.94,108.94,13184030
2012-12-03,99.36,109.7,99.36,109.54,109.54,6658890
2012-12-04,108.97,109.7,107.74,108.0,108.0,5357930
2012-12-05,108.49,110.45,108.47,109.13,109.13,4221190
2012-12-06,109.07,113.99,109.07,112.8,112.8,7719610
2012-12-07,113.5,114.47,111.33,113.1,113.1,4251280
2012-12-10,113.52,114.0,112.8,113.84,113.84,2468550
2012-12-11,113.8,116.37,113.0,116.15,116.15,4700270
2012-12-12,116.54,117.84,116.17,117.3,117.3,4642510
2012-12-13,117.27,119.02,117.27,118.22,118.22,5944620
2012-12-14,118.22,118.8,117.63,118.8,118.8,2653860
2012-12-17,118.8,118.99,116.1,116.96,116.96,4973310
2012-12-18,117.94,120.1,117.21,119.05,119.05,4756640
2012-12-19,119.5,121.6,119.5,119.75,119.75,3974920
2012-12-20,119.34,120.0,118.56,119.65,119.65,3328540
2012-12-21,118.95,120.4,117.3,120.0,120.0,4569350
2012-12-24,119.5,120.7,118.61,119.19,119.19,1267250
2012-12-25,119.5,119.5,117.6,118.6,118.6,790280
2012-12-26,118.71,119.25,117.77,119.18,119.18,1005170
2012-12-27,119.18,119.29,117.98,119.19,119.19,1664870
2012-12-28,119.34,120.5,118.91,120.4,120.4,2426750
2013-01-08,122.6,125.8,122.6,125.6,125.6,3760560
2013-01-09,125.58,126.2,125.03,125.9,125.9,3129230
2013-01-10,126.5,126.5,123.64,124.0,124.0,4049640
2013-01-11,124.0,124.25,122.71,123.17,123.17,2095350
2013-01-14,123.4,125.17,123.12,124.05,124.05,1726840
2013-01-15,124.05,124.26,121.67,121.67,121.67,3024870
2013-01-16,121.61,122.49,120.49,120.67,120.67,3240170
2013-01-17,120.5,123.0,120.35,122.64,122.64,3850680
2013-01-18,123.03,125.21,123.0,125.0,125.0,3640150
2013-01-21,125.02,125.66,124.56,125.2,125.2,1731280
2013-01-22,125.02,125.2,123.1,123.19,123.19,2503120
2013-01-23,123.45,125.39,123.27,124.44,124.44,2254690
2013-01-24,124.44,124.47,122.48,123.0,123.0,2493590
2013-01-25,122.9,123.49,122.01,123.39,123.39,1808760
2013-01-28,123.65,124.5,123.22,124.16,124.16,2039640
2013-01-29,124.3,125.9,123.81,124.3,124.3,3239130
2013-01-30,124.73,125.04,121.77,122.3,122.3,1880380
2013-01-31,122.3,122.96,120.75,120.99,120.99,2720070
2013-02-01,121.0,123.01,120.8,122.56,122.56,2346250
2013-02-04,123.42,124.81,121.5,121.96,121.96,2474960
2013-02-05,121.01,122.48,119.55,121.5,121.5,3786160
2013-02-06,122.5,123.11,120.2,120.95,120.95,2049210
2013-02-07,120.95,121.63,119.49,120.52,120.52,1776670
2013-02-08,120.25,120.89,114.25,120.39,120.39,5498840
2013-02-11,120.5,121.4,119.23,119.9,119.9,1112910
2013-02-12,120.68,120.68,118.8,119.01,119.01,1272990
2013-02-13,119.2,120.82,118.0,120.74,120.74,3479350
2013-02-14,120.41,121.26,118.51,119.12,119.12,2083010
2013-02-15,118.26,120.0,117.71,117.9,117.9,1558090
2013-02-18,117.73,119.88,117.5,118.94,118.94,1084440
2013-02-19,118.39,120.1,118.39,119.31,119.31,1227580
2013-02-20,120.5,123.87,120.5,121.57,121.57,8912080
2013-02-21,120.99,123.2,119.55,120.15,120.15,6601500
2013-02-22,120.48,120.65,119.17,119.35,119.35,3983790
2013-02-25,119.85,120.19,118.87,119.06,119.06,1123920
2013-02-26,118.08,119.92,116.81,117.46,117.46,2716470
2013-02-27,117.95,118.0,115.95,117.37,117.37,1625470
2013-02-28,118.01,124.55,117.46,122.72,122.72,13708820
2013-03-01,124.09,125.55,123.31,124.71,124.71,10732250
2013-03-04,124.8,126.25,123.06,123.58,123.58,4160470
2013-03-05,124.5,124.89,122.3,123.39,123.39,3923190
2013-03-06,125.05,125.05,121.66,121.73,121.73,2409250
2013-03-07,121.73,122.4,120.35,121.0,121.0,2036000
2013-03-11,121.86,123.57,121.23,122.4,122.4,3271510
2013-03-12,122.38,123.44,120.9,122.0,122.0,2492480
2013-03-13,121.96,121.96,119.61,119.61,119.61,2898550
2013-03-14,119.61,120.99,119.1,119.95,119.95,2623450
2013-03-15,120.49,121.5,118.11,118.35,118.35,5059200
2013-03-18,117.0,118.4,114.0,115.01,115.01,4270100
2013-03-19,115.04,116.1,114.58,115.04,115.04,2309340
2013-03-20,114.0,117.5,113.4,117.36,117.36,8555020
2013-03-21,120.1,122.45,119.5,121.35,121.35,9247980
2013-03-22,121.35,122.99,119.55,120.25,120.25,6566170
2013-03-25,120.63,122.79,120.63,121.0,121.0,3761960
2013-03-26,121.07,121.88,120.06,120.99,120.99,2801640
2013-03-27,121.02,123.67,121.02,123.06,123.06,6060320
2013-03-28,124.0,125.5,122.0,122.53,122.53,3902620
2013-03-29,123.0,123.41,121.26,122.05,122.05,1842560
2013-04-01,123.15,123.15,120.86,121.2,121.2,899030
2013-04-02,121.2,121.86,119.23,120.59,120.59,2302860
2013-04-03,120.94,121.32,119.03,120.43,120.43,2848790
2013-04-04,120.31,120.31,118.5,119.49,119.49,2899610
2013-04-05,117.26,119.74,117.26,118.4,118.4,2174280
2013-04-08,118.22,119.5,115.1,115.65,115.65,2601000
2013-04-09,116.43,117.09,114.56,116.97,116.97,2807230
2013-04-10,117.0,117.79,115.4,116.2,116.2,1864860
2013-04-11,116.2,117.0,114.9,115.11,115.11,2361180
2013-04-12,115.02,116.49,113.9,115.84,115.84,1889610
2013-04-15,115.0,117.35,112.77,113.2,113.2,3661300
2013-04-16,113.79,114.61,107.34,107.65,107.65,4496780
2013-04-17,107.94,108.41,103.55,105.58,105.58,4555350
2013-04-18,104.59,106.88,104.04,104.56,104.56,1758240
2013-04-19,112.9,112.9,104.4,106.2,106.2,2561210
2013-04-22,106.2,120.0,105.5,119.0,119.0,9906840
2013-04-23,115.0,115.0,110.5,111.0,111.0,6697660
2013-04-24,112.0,112.7,108.62,111.12,111.12,3828590
2013-04-25,112.0,112.0,109.8,111.72,111.72,4578360
2013-04-26,111.72,118.77,109.48,118.77,118.77,9990940
2013-04-29,115.93,117.69,113.74,116.6,116.6,4632320
2013-04-30,113.82,118.8,113.82,116.66,116.66,3439230
2013-05-02,115.0,116.0,112.64,113.6,113.6,1501350
2013-05-03,114.06,116.86,114.01,116.85,116.85,1662650
2013-05-06,116.85,117.33,115.5,115.5,115.5,1517830
2013-05-07,115.51,117.5,115.13,117.5,117.5,3231260
2013-05-08,117.36,117.87,115.81,117.5,117.5,2287280
2013-05-10,117.5,119.75,115.25,116.11,116.11,2109330
2013-05-13,116.11,116.54,114.58,114.6,114.6,3072750
2013-05-14,115.49,116.5,113.76,114.43,114.43,3242520
2013-05-15,114.62,116.34,113.13,116.34,116.34,5525150
2013-05-16,115.11,116.0,112.55,112.72,112.72,3218950
2013-05-17,112.72,114.25,112.65,113.97,113.97,1808770
2013-05-20,113.97,114.97,112.56,113.9,113.9,1500030
2013-05-21,113.66,114.3,111.7,112.99,112.99,3254440
2013-05-22,113.01,114.15,112.8,113.8,113.8,3202810
2013-05-23,113.23,113.26,107.71,108.71,108.71,5506100
2013-05-24,109.8,110.3,103.83,106.5,106.5,4205220
2013-05-27,106.43,106.81,104.54,106.71,106.71,1278590
2013-05-28,106.71,108.33,106.01,106.9,106.9,2861810
2013-05-29,107.79,107.79,103.0,103.52,103.52,4826410
2013-05-30,103.95,104.1,102.01,102.67,102.67,3202600
2013-05-31,102.65,103.85,100.35,101.0,101.0,5616970
2013-06-03,100.0,100.27,97.77,98.02,98.02,5439590
2013-06-04,98.45,103.0,98.45,100.01,100.01,6081750
2013-06-05,99.48,100.69,98.02,100.1,100.1,4858400
2013-06-06,99.5,99.5,96.04,97.79,97.79,4262540
2013-06-07,98.04,98.97,97.24,98.5,98.5,2378060
2013-06-10,98.6,101.33,98.15,99.15,99.15,3705360
2013-06-11,98.77,99.48,93.06,95.4,95.4,5584750
2013-06-13,94.4,94.4,87.4,93.5,93.5,10316980
2013-06-14,94.04,94.87,90.0,92.27,92.27,4696760
2013-06-17,92.29,96.5,92.1,96.5,96.5,10259380
2013-06-18,95.48,99.5,95.25,97.15,97.15,3753820
2013-06-19,97.19,105.21,96.21,96.84,96.84,3994440
2013-06-20,94.91,95.19,91.1,92.94,92.94,3734340
2013-06-21,91.8,92.97,88.11,91.98,91.98,11851910
2013-06-24,91.03,91.03,88.76,88.95,88.95,3282530
2013-06-25,88.74,91.29,88.51,88.8,88.8,3837550
2013-06-26,89.24,90.83,87.75,88.25,88.25,5784670
2013-06-27,88.28,89.0,86.54,86.8,86.8,3125970
2013-06-28,87.01,88.6,86.83,88.17,88.17,3262990
2013-07-01,90.35,90.35,87.53,89.66,89.66,2721810
2013-07-02,90.51,94.78,89.39,94.01,94.01,6866160
2013-07-03,93.79,103.5,93.6,99.51,99.51,18516560
2013-07-04,100.0,104.48,99.76,104.45,104.45,11090520
2013-07-05,104.8,105.87,103.55,103.77,103.77,6579680
2013-07-08,104.01,104.01,101.85,102.08,102.08,3212830
2013-07-09,102.09,104.74,102.09,103.39,103.39,2855070
2013-07-10,103.51,104.0,101.41,101.6,101.6,3677330
2013-07-11,102.21,103.73,102.06,103.2,103.2,2970480
2013-07-12,103.0,108.77,102.77,108.5,108.5,8115920
2013-07-15,108.8,110.58,108.11,108.81,108.81,5388970
2013-07-16,109.06,113.7,108.3,113.23,113.23,9176930
2013-07-17,113.1,115.4,112.58,115.2,115.2,7344660
2013-07-18,115.2,117.41,114.25,115.71,115.71,4902290
2013-07-19,115.69,116.25,114.01,115.53,115.53,2680060
2013-07-22,115.08,116.2,114.6,115.32,115.32,1957820
2013-07-23,115.71,117.98,115.59,117.08,117.08,4502290
2013-07-24,117.31,118.05,116.67,118.04,118.04,3928600
2013-07-25,118.03,118.73,115.85,117.0,117.0,3325890
2013-07-26,117.0,117.54,116.01,116.1,116.1,1748970
2013-07-29,116.1,117.78,114.78,116.12,116.12,3430400
2013-07-30,116.19,117.94,114.98,115.62,115.62,2508350
2013-07-31,115.6,116.0,110.72,110.72,110.72,4176300
2013-08-01,112.61,115.86,111.34,114.63,114.63,4529810
2013-08-02,114.31,116.49,111.5,113.1,113.1,3122350
2013-08-05,114.09,114.09,112.2,113.58,113.58,1763160
2013-08-06,114.17,114.4,110.78,112.09,112.09,7451680
2013-08-07,110.97,112.09,108.83,111.85,111.85,2899510
2013-08-08,111.85,112.86,110.5,111.5,111.5,1588640
2013-08-09,112.49,113.5,111.0,113.2,113.2,1336840
2013-08-12,112.53,114.3,112.53,113.42,113.42,863000
2013-08-13,120.71,120.71,113.25,115.23,115.23,1451130
2013-08-14,116.09,116.25,115.08,115.33,115.33,1673580
2013-08-15,115.22,115.49,111.5,111.6,111.6,2321250
2013-08-16,111.77,118.47,109.55,111.49,111.49,8244840
2013-08-19,111.49,113.58,109.7,113.16,113.16,3400530
2013-08-20,112.52,115.0,111.22,114.37,114.37,2314360
2013-08-21,116.69,116.69,113.72,115.95,115.95,3056930
2013-08-22,115.93,116.61,114.66,115.8,115.8,2461950
2013-08-23,116.0,116.3,114.12,114.77,114.77,1579090
2013-08-26,114.35,115.88,112.8,112.9,112.9,1692800
2013-08-27,112.98,112.98,109.56,111.81,111.81,3784990
2013-08-28,110.3,111.48,107.63,108.65,108.65,3763980
2013-08-29,108.12,110.1,107.59,107.83,107.83,2400380
2013-08-30,105.26,108.04,100.51,100.51,100.51,5829580
2013-09-02,101.98,103.28,97.5,99.02,99.02,4954080
2013-09-03,99.49,102.86,99.07,102.09,102.09,5477600
2013-09-04,102.3,103.9,99.15,101.2,101.2,4313800
2013-09-05,101.55,103.3,100.05,103.0,103.0,5078780
2013-09-06,103.05,104.9,100.31,100.79,100.79,5505020
2013-09-09,101.0,104.9,100.78,104.44,104.44,7365430
2013-09-10,105.0,109.6,104.92,107.22,107.22,7569540
2013-09-11,107.5,109.25,106.8,108.08,108.08,4826890
2013-09-12,108.61,110.9,104.49,105.0,105.0,9494810
2013-09-13,104.52,106.9,104.03,104.84,104.84,4912740
2013-09-16,105.5,107.43,105.41,107.26,107.26,4508500
2013-09-17,106.77,107.89,106.21,107.47,107.47,2164600
2013-09-18,107.28,107.6,105.59,106.5,106.5,2607580
2013-09-19,108.0,108.9,103.31,105.0,105.0,7021790
2013-09-20,104.45,105.83,101.4,101.6,101.6,7413720
2013-09-23,101.63,102.95,101.01,101.6,101.6,3998340
2013-09-24,101.38,102.5,101.12,102.2,102.2,3102560
2013-09-25,102.19,103.44,101.94,102.58,102.58,3940270
2013-09-26,103.31,104.3,102.77,103.8,103.8,4743840
2013-09-27,104.0,104.28,103.01,103.5,103.5,2487120
2013-09-30,103.1,104.32,101.2,101.61,101.61,3095400
2013-10-01,103.06,103.9,101.54,103.84,103.84,3035600
2013-10-02,104.0,108.49,103.7,106.7,106.7,10530680
2013-10-03,107.0,107.87,105.56,105.81,105.81,4072880
2013-10-04,105.81,106.98,105.11,106.55,106.55,2232170
2013-10-07,106.5,107.0,105.81,106.16,106.16,1948070
2013-10-08,105.97,106.98,105.82,106.08,106.08,3297410
2013-10-09,106.0,106.95,103.58,104.44,104.44,4683460
2013-10-10,104.44,105.0,103.12,105.0,105.0,5197840
2013-10-11,105.5,106.1,104.81,105.39,105.39,2258230
2013-10-14,105.01,105.56,104.0,104.87,104.87,2279590
2013-10-15,105.25,106.92,104.9,106.91,106.91,3333490
2013-10-16,106.49,109.78,105.69,107.5,107.5,8751290
2013-10-17,108.59,108.61,106.8,108.29,108.29,3610920
2013-10-18,108.6,109.45,108.44,108.68,108.68,2722490
2013-10-21,108.79,109.22,107.75,108.22,108.22,1505110
2013-10-22,107.52,108.54,106.6,107.74,107.74,2094110
2013-10-23,107.11,107.31,105.55,106.0,106.0,2399510
2013-10-24,106.23,111.3,105.55,111.16,111.16,10809710
2013-10-25,111.0,116.38,110.4,115.05,115.05,19367690
2013-10-28,116.38,117.17,115.05,117.1,117.1,7627840
2013-10-29,117.05,118.18,116.6,117.82,117.82,7446200
2013-10-30,117.91,119.0,116.9,117.34,117.34,4268380
2013-10-31,116.73,117.48,116.01,117.42,117.42,6015690
2013-11-01,117.15,117.39,116.66,117.1,117.1,2889730
2013-11-05,117.2,118.6,116.4,116.7,116.7,3786840
2013-11-06,117.0,117.23,116.52,116.75,116.75,1616250
2013-11-07,116.69,117.62,115.67,117.03,117.03,3041710
2013-11-08,117.0,117.0,116.1,116.79,116.79,1966240
2013-11-11,116.94,116.94,115.74,116.05,116.05,2559830
2013-11-12,116.53,118.09,116.2,117.79,117.79,3816090
2013-11-13,116.85,119.48,116.79,117.85,117.85,9582570
2013-11-14,118.55,119.54,117.51,117.81,117.81,5976510
2013-11-15,117.8,117.8,114.0,117.0,117.0,6076910
2013-11-18,117.01,117.15,115.64,116.8,116.8,2210200
2013-11-19,116.8,117.5,116.12,117.13,117.13,2034290
2013-11-20,108.03,116.3,108.03,115.69,115.69,1964610
2013-11-21,114.9,114.9,110.62,110.62,110.62,4991870
2013-11-22,110.45,113.3,110.01,112.0,112.0,6564900
2013-11-25,112.34,112.78,110.99,111.34,111.34,2203850
2013-11-26,111.32,111.69,107.18,107.2,107.2,4645750
2013-11-27,107.2,108.24,104.51,105.98,105.98,4127840
2013-11-28,106.18,108.0,105.98,107.17,107.17,1461440
2013-11-29,107.77,107.77,105.51,106.53,106.53,2562890
2013-12-02,106.42,109.15,106.21,107.01,107.01,2158320
2013-12-03,107.01,107.02,105.75,106.5,106.5,3354100
2013-12-04,106.5,107.42,105.16,106.5,106.5,2773290
2013-12-05,106.08,107.76,106.08,106.21,106.21,2840150
2013-12-06,106.23,106.99,105.8,106.1,106.1,2502600
2013-12-09,106.15,107.66,105.89,106.24,106.24,2796180
2013-12-10,106.35,110.9,106.2,110.9,110.9,5719220
2013-12-11,110.88,112.32,110.1,111.31,111.31,4233420
2013-12-12,110.95,111.28,108.66,109.74,109.74,3930770
2013-12-13,109.74,111.99,109.23,110.76,110.76,2434700
2013-12-16,111.0,112.91,110.81,112.2,112.2,3659970
2013-12-17,112.2,112.64,110.21,112.3,112.3,2485240
2013-12-18,112.3,112.3,111.3,111.35,111.35,2091950
2013-12-19,111.46,113.99,111.35,112.4,112.4,3584010
2013-12-20,112.4,112.98,111.05,111.6,111.6,4049410
2013-12-23,112.0,112.45,111.5,112.23,112.23,1949630
2013-12-24,112.23,112.76,111.76,111.89,111.89,1301180
2013-12-25,112.08,112.47,111.87,111.97,111.97,519730
2013-12-26,111.97,112.37,110.12,110.6,110.6,1566560
2013-12-27,110.6,111.08,109.9,110.15,110.15,883140
2013-12-30,110.15,111.5,110.15,110.98,110.98,1433880
2014-01-06,110.41,110.47,109.6,110.29,110.29,2387310
2014-01-08,110.3,110.63,110.0,110.25,110.25,1044810
2014-01-09,110.24,110.75,109.9,110.65,110.65,1438040
2014-01-10,110.94,111.29,110.12,110.99,110.99,1549480
2014-01-13,111.5,112.3,110.64,111.92,111.92,1781930
2014-01-14,111.3,111.81,110.3,111.55,111.55,1927490
2014-01-15,111.53,112.08,111.14,111.9,111.9,1460070
2014-01-16,111.85,113.2,111.5,111.5,111.5,2168860
2014-01-17,111.51,114.0,111.15,112.8,112.8,3069330
2014-01-20,112.79,113.75,112.5,112.8,112.8,918220
2014-01-21,113.55,113.88,112.9,113.27,113.27,1076960
2014-01-22,113.85,113.85,111.92,112.3,112.3,1324380
2014-01-23,112.25,112.96,111.5,111.79,111.79,1702820
2014-01-24,111.35,113.94,110.5,112.2,112.2,2895690
2014-01-27,112.05,113.66,111.51,111.9,111.9,2332500
2014-01-28,111.9,112.54,111.5,111.75,111.75,1634780
2014-01-29,112.17,113.47,110.8,112.09,112.09,2662180
2014-01-30,111.55,113.08,111.33,111.61,111.61,2298730
2014-01-31,112.11,112.47,110.1,110.57,110.57,2725310
2014-02-03,110.05,111.3,110.0,110.07,110.07,950050
2014-02-04,109.75,110.0,106.75,108.25,108.25,2364480
2014-02-05,108.35,108.7,106.85,107.4,107.4,1878990
2014-02-06,107.45,110.5,107.45,110.1,110.1,2701920
2014-02-07,111.06,113.5,110.8,113.29,113.29,3578350
2014-02-10,113.58,113.7,112.0,112.55,112.55,1522100
2014-02-11,112.55,112.94,112.11,112.75,112.75,996880
2014-02-12,112.75,113.25,112.36,112.8,112.8,1163880
2014-02-13,112.51,112.62,111.21,111.8,111.8,1154360
2014-02-14,112.11,112.7,111.27,112.7,112.7,1386590
2014-02-17,112.23,115.98,112.23,115.2,115.2,3101700
2014-02-18,115.2,116.72,111.93,112.1,112.1,3779700
2014-02-19,112.0,112.1,108.2,108.94,108.94,3549320
2014-02-20,108.48,110.27,107.57,109.35,109.35,1971540
2014-02-21,110.14,110.68,108.72,109.25,109.25,1221560
2014-02-24,109.25,110.16,108.8,109.23,109.23,1051770
2014-02-25,110.0,110.0,107.3,107.71,107.71,1393820
2014-02-26,107.66,108.89,105.26,106.4,106.4,3492580
2014-02-27,106.8,106.8,101.0,102.72,102.72,3700710
2014-02-28,103.05,103.24,98.86,99.0,99.0,8510500
2014-03-03,95.0,95.0,85.2,89.72,89.72,5290690
2014-03-04,91.31,94.99,91.1,94.23,94.23,4113000
2014-03-05,94.95,96.64,91.1,92.4,92.4,3322230
2014-03-06,92.84,93.76,87.5,89.5,89.5,3839200
2014-03-07,89.49,90.55,88.03,88.24,88.24,2774390
2014-03-11,87.56,88.39,85.59,86.4,86.4,2129680
2014-03-12,86.01,86.01,77.86,79.8,79.8,5328440
2014-03-13,80.05,80.98,76.18,79.7,79.7,3164220
2014-03-14,78.03,78.55,72.27,78.0,78.0,4664780
2014-03-17,77.9,85.4,75.5,84.5,84.5,5506150
2014-03-18,85.27,87.48,81.38,86.22,86.22,3388630
2014-03-19,86.53,88.17,82.2,82.25,82.25,4291070
2014-04-02,88.0,92.29,87.7,90.2,90.2,5535130
2014-04-03,90.47,90.47,86.8,88.6,88.6,2916820
2014-04-04,88.54,89.4,87.6,88.09,88.09,1547840
2014-04-07,87.88,88.0,82.25,84.0,84.0,3367140
2014-04-08,84.0,84.0,80.53,81.27,81.27,3223930
2014-04-09,81.0,82.0,79.06,80.65,80.65,2416380
2014-04-10,80.9,87.2,80.54,86.75,86.75,6005740
2014-04-11,85.69,85.69,83.7,83.7,83.7,2852380
2014-04-14,82.0,83.38,81.7,82.51,82.51,1539460
2014-04-15,82.0,83.41,79.59,81.0,81.0,3117000
2014-04-16,81.11,82.05,80.08,80.72,80.72,2071390
2014-04-17,81.01,81.84,80.0,81.0,81.0,1268890
2014-04-18,83.0,83.39,82.15,83.16,83.16,1188410
2014-04-21,81.81,83.79,81.23,81.41,81.41,926280
2014-04-22,81.41,81.65,79.35,79.81,79.81,3039990
2014-04-23,79.78,79.91,78.1,78.25,78.25,1804070
2014-04-24,78.15,78.55,74.42,74.89,74.89,2971660
2014-04-25,74.89,75.33,73.23,73.61,73.61,1656220
2014-04-28,72.94,76.49,71.27,75.75,75.75,4115830
2014-04-29,74.5,77.6,74.5,75.6,75.6,2996330
2014-04-30,75.8,76.7,74.2,76.65,76.65,2523430
2014-05-02,75.59,76.97,73.6,74.61,74.61,933740
2014-05-05,73.53,75.78,73.53,75.5,75.5,823760
2014-05-06,75.95,79.75,75.2,78.06,78.06,2883900
2014-05-07,78.1,81.86,77.64,80.49,80.49,2569960
2014-05-08,79.7,82.4,79.7,80.82,80.82,2106530
2014-05-12,80.91,81.54,79.31,80.11,80.11,1181070
2014-05-13,80.53,81.83,79.7,80.03,80.03,1400050
2014-05-14,80.28,80.95,78.59,80.0,80.0,2031930
2014-05-15,80.21,81.2,79.15,79.86,79.86,1832210
2014-05-16,79.88,80.44,79.0,80.37,80.37,1128120
2014-05-19,80.3,83.93,80.01,83.45,83.45,3863310
2014-05-20,83.7,86.0,83.1,85.6,85.6,2739730
2014-05-21,85.99,86.91,84.31,86.91,86.91,2263710
2014-05-22,87.0,87.46,83.11,84.33,84.33,2367210
2014-05-23,84.0,86.45,83.73,86.0,86.0,1460480
2014-05-26,86.88,88.25,86.16,88.1,88.1,2088140
2014-05-27,88.1,88.77,83.3,83.5,83.5,4371370
2014-05-28,84.0,84.58,82.51,82.83,82.83,2430890
2014-05-29,83.0,85.4,83.0,85.4,85.4,2103350
2014-05-30,85.53,86.0,82.72,82.8,82.8,2105110
2014-06-02,83.49,85.5,83.28,84.54,84.54,2113180
2014-06-03,84.1,86.2,83.25,86.2,86.2,1609190
2014-06-04,86.16,86.9,85.06,86.74,86.74,1127580
2014-06-05,86.35,86.88,84.5,84.71,84.71,1400900
2014-06-06,84.98,86.49,84.0,86.16,86.16,1598890
2014-06-09,86.16,88.19,85.85,87.69,87.69,2355330
2014-06-10,87.72,89.17,87.03,88.8,88.8,3335880
2014-06-11,89.05,89.5,88.0,88.06,88.06,2565010
2014-06-16,87.5,87.5,84.3,84.3,84.3,6783770
2014-06-17,84.62,86.69,83.01,83.22,83.22,3460880
2014-06-18,83.55,85.03,83.16,84.4,84.4,4602690
2014-06-19,85.11,85.7,84.23,84.32,84.32,2753490
2014-06-20,84.38,84.83,83.0,84.1,84.1,4296510
2014-06-23,84.7,84.79,83.03,84.59,84.59,2438410
2014-06-24,84.5,88.33,84.27,88.04,88.04,4615400
2014-06-25,88.0,89.5,86.15,86.15,86.15,6205750
2014-06-26,86.55,87.1,84.8,85.45,85.45,2337410
2014-06-27,85.5,86.2,84.3,84.65,84.65,1457970
2014-06-30,84.68,87.66,84.5,86.31,86.31,2729190
2014-07-01,86.79,87.2,85.36,86.75,86.75,1483630
2014-07-02,86.6,89.04,86.6,89.0,89.0,2759240
2014-07-03,89.06,90.7,89.02,89.51,89.51,2501040
2014-07-04,89.46,90.25,88.0,88.01,88.01,1538180
2014-07-07,88.16,91.27,87.61,90.9,90.9,4195410
2014-07-08,91.0,92.4,90.52,90.85,90.85,2909420
2014-07-09,90.18,91.54,90.18,91.09,91.09,2047220
2014-07-10,90.01,92.4,89.3,90.77,90.77,5485480
2014-07-11,88.97,89.77,87.87,89.03,89.03,2265030
2014-07-14,88.75,90.37,88.75,89.55,89.55,1499240
2014-07-15,89.78,90.5,88.01,90.18,90.18,1757460
2014-07-16,89.88,93.16,89.84,92.62,92.62,3544220
2014-07-17,90.5,91.8,89.25,90.79,90.79,2847510
2014-07-18,89.5,90.47,88.2,89.66,89.66,1920570
2014-07-21,89.76,89.78,86.24,86.69,86.69,2349800
2014-07-22,86.66,90.39,86.66,89.1,89.1,2629480
2014-07-23,89.28,90.5,88.32,89.94,89.94,2442580
2014-07-24,89.71,91.97,89.0,91.46,91.46,4418530
2014-07-25,91.55,91.55,89.0,89.23,89.23,1762420
2014-07-28,88.68,89.15,86.8,87.54,87.54,2245760
2014-07-29,87.67,89.17,87.2,88.45,88.45,1952810
2014-07-30,88.29,90.4,87.8,88.68,88.68,2736170
2014-07-31,88.93,90.16,87.23,87.8,87.8,2696300
2014-08-01,89.15,90.1,86.31,89.73,89.73,2389390
2014-08-04,89.74,90.78,88.85,89.67,89.67,1787340
2014-08-05,89.68,90.18,88.9,89.41,89.41,1069950
2014-08-06,89.24,90.49,87.62,88.45,88.45,1741630
2014-08-07,88.45,90.0,87.99,89.25,89.25,1497440
2014-08-08,89.82,90.83,89.25,90.06,90.06,1357690
2014-08-11,90.76,92.0,90.54,91.7,91.7,3263230
2014-08-12,91.21,96.6,91.02,95.88,95.88,6837090
2014-08-13,96.11,97.89,94.57,95.44,95.44,3738830
2014-08-14,95.4,95.44,93.55,94.15,94.15,3915850
2014-08-15,94.29,96.2,93.6,95.91,95.91,1338230
2014-08-18,95.85,97.05,95.81,96.7,96.7,1238390
2014-08-19,97.0,98.4,96.76,97.8,97.8,2670150
2014-08-20,98.17,98.6,97.6,98.58,98.58,1385040
2014-08-21,98.59,99.49,98.46,98.91,98.91,1513460
2014-08-22,99.32,99.76,98.01,98.5,98.5,1630010
2014-08-25,98.21,99.09,98.21,98.7,98.7,757160
2014-08-26,98.66,99.49,98.42,99.2,99.2,1084410
2014-08-27,99.1,99.61,98.0,99.0,99.0,1467060
2014-08-28,100.54,100.54,96.65,98.5,98.5,3390500
2014-08-29,97.51,99.88,97.51,99.0,99.0,2096120
2014-09-01,99.47,99.8,97.31,97.99,97.99,2263330
2014-09-02,97.99,98.4,97.36,98.2,98.2,1302450
2014-09-03,98.2,100.53,98.2,99.8,99.8,2337260
2014-09-04,100.21,101.5,99.26,101.5,101.5,2240520
2014-09-05,101.17,102.0,99.6,102.0,102.0,1304790
2014-09-08,102.0,102.45,100.76,101.45,101.45,1120560
2014-09-09,101.6,102.45,101.21,101.47,101.47,696990
2014-09-10,100.81,101.9,100.05,101.67,101.67,925090
2014-09-11,102.0,102.98,99.64,100.6,100.6,1864300
2014-09-12,100.33,102.8,99.83,102.29,102.29,1570850
2014-09-15,102.81,102.81,100.44,101.77,101.77,2189610
2014-09-16,101.7,104.37,101.32,104.3,104.3,2019820
2014-09-17,104.3,105.62,103.26,104.49,104.49,2115300
2014-09-18,104.0,105.88,103.6,105.65,105.65,1058400
2014-09-19,105.65,107.0,103.9,105.5,105.5,3009520
2014-09-22,105.55,106.65,103.5,103.5,103.5,1731000
2014-09-23,103.69,106.7,103.6,105.4,105.4,3197100
2014-09-24,105.35,106.84,105.35,105.83,105.83,1849490
2014-09-25,106.25,107.18,105.99,106.7,106.7,1617330
2014-09-26,106.01,107.45,106.0,107.45,107.45,1761400
2014-09-29,107.17,107.92,105.2,105.3,105.3,1696130
2014-09-30,105.4,107.0,104.6,104.92,104.92,1961220
2014-10-01,104.6,106.39,103.05,103.19,103.19,5655250
2014-10-02,103.0,103.0,99.67,100.25,100.25,3294890
2014-10-03,102.15,103.37,100.23,102.91,102.91,1950520
2014-10-06,103.35,104.92,102.39,103.97,103.97,1118590
2014-10-07,103.92,103.92,101.41,101.87,101.87,1127010
2014-10-08,101.5,102.9,100.02,100.77,100.77,2692900
2014-10-09,98.9,102.97,98.9,100.15,100.15,1699770
2014-10-10,99.17,101.35,97.87,100.5,100.5,2133910
2014-10-13,99.01,103.0,98.6,102.76,102.76,1380720
2014-10-14,102.7,103.2,100.8,102.0,102.0,2916680
2014-10-15,102.0,102.97,100.88,102.13,102.13,1145810
2014-10-16,102.75,103.18,99.1,99.7,99.7,2352290
2014-10-17,100.04,102.88,99.93,101.99,101.99,1296900
2014-10-20,102.16,103.0,100.43,102.02,102.02,1315980
2014-10-21,101.95,102.5,100.55,101.75,101.75,1077630
2014-10-22,104.55,104.55,100.01,100.8,100.8,1130740
2014-10-23,100.51,101.8,99.68,101.69,101.69,1839380
2014-10-24,101.11,103.35,100.33,102.8,102.8,1069490
2014-10-27,103.18,104.5,102.17,103.0,103.0,1757600
2014-10-28,103.42,104.72,102.44,103.12,103.12,2170140
2014-10-29,103.7,104.73,102.44,104.2,104.2,1598400
2014-10-30,104.02,105.97,102.64,105.64,105.64,3183030
2014-10-31,105.65,107.7,105.4,107.19,107.19,2695940
2014-11-03,106.4,108.79,105.24,107.64,107.64,1193470
2014-11-05,107.82,109.75,106.0,109.12,109.12,2052360
2014-11-06,110.0,110.0,107.1,107.74,107.74,1769160
2014-11-07,108.53,110.22,106.1,106.96,106.96,3435510
2014-11-10,106.86,108.96,105.79,106.2,106.2,2389710
2014-11-11,105.75,109.5,105.75,108.53,108.53,1711350
2014-11-12,108.65,110.0,107.55,107.75,107.75,1681710
2014-11-13,108.42,109.1,105.6,106.5,106.5,1622430
2014-11-14,106.55,109.97,106.08,107.92,107.92,1616840
2014-11-17,108.52,111.99,107.93,109.15,109.15,1651060
2014-11-18,109.5,110.76,108.01,108.75,108.75,1903030
2014-11-19,108.7,109.5,107.84,108.15,108.15,1002260
2014-11-20,109.05,109.58,106.79,107.5,107.5,1236710
2014-11-21,106.72,109.0,106.01,108.99,108.99,1196670
2014-11-24,107.5,108.92,107.01,107.6,107.6,771060
2014-11-25,107.6,112.4,106.4,111.9,111.9,13516900
2014-11-26,112.06,112.06,107.5,107.66,107.66,5391260
2014-11-27,107.58,107.99,105.84,106.9,106.9,5325100
2014-11-28,106.09,108.66,105.85,107.0,107.0,4173750
2014-12-01,106.4,109.25,103.05,109.0,109.0,6881390
2014-12-02,109.39,109.8,105.5,106.0,106.0,2436600
2014-12-03,106.45,108.0,105.45,107.35,107.35,1999690
2014-12-04,107.68,107.98,105.5,105.5,105.5,1909510
2014-12-05,105.56,106.02,101.0,101.0,101.0,3674360
2014-12-08,101.75,103.2,96.07,98.81,98.81,3319170
2014-12-09,98.35,99.72,95.82,97.0,97.0,2710490
2014-12-10,97.0,100.72,95.7,96.01,96.01,3951130
2014-12-11,96.04,97.9,93.01,93.01,93.01,3596020
2014-12-12,92.7,99.3,88.0,94.78,94.78,4837050
2014-12-15,95.13,97.0,90.5,91.08,91.08,2847350
2014-12-16,89.91,100.02,77.0,92.01,92.01,6271610
2014-12-17,93.0,95.07,83.4,84.3,84.3,5345460
2014-12-18,85.0,89.89,83.4,87.39,87.39,4002840
2014-12-19,87.3,90.1,85.0,89.99,89.99,3827380
2014-12-22,90.5,93.15,87.2,89.0,89.0,2937320
2014-12-23,89.19,90.36,86.51,86.8,86.8,1866580
2014-12-24,87.34,87.95,85.9,87.04,87.04,1178830
2014-12-25,87.0,88.0,84.51,85.72,85.72,907740
2014-12-26,85.98,88.0,85.78,86.7,86.7,700830
2014-12-29,87.1,91.01,86.32,89.01,89.01,1223450
2014-12-30,88.02,89.01,82.31,87.01,87.01,1760920
2015-01-05,86.67,91.99,86.55,91.44,91.44,1486230
2015-01-06,90.99,95.39,90.51,95.28,95.28,961840
2015-01-08,95.56,97.98,89.95,90.1,90.1,2247150
2015-01-09,91.0,92.48,87.33,89.03,89.03,2012400
2015-01-12,88.62,90.4,87.82,88.8,88.8,1078590
2015-01-13,89.2,89.65,85.41,87.24,87.24,1606420
2015-01-14,86.91,87.6,86.21,86.73,86.73,2008950
2015-01-15,87.03,88.88,86.6,87.73,87.73,1576070
2015-01-16,87.87,89.93,87.12,88.05,88.05,2494990
2015-01-19,87.64,88.9,87.12,88.0,88.0,2354630
2015-01-20,88.82,89.27,87.1,87.3,87.3,1516130
2015-01-21,87.73,88.0,87.04,87.5,87.5,2562170
2015-01-22,87.58,88.85,87.21,87.6,87.6,3298930
2015-01-23,88.0,92.5,87.81,90.7,90.7,3983930
2015-01-26,90.6,90.74,87.0,87.11,87.11,3060500
2015-01-27,87.25,87.67,85.17,86.5,86.5,2248640
2015-01-28,86.96,88.6,86.02,86.7,86.7,1916410
2015-01-29,87.26,87.4,85.5,85.5,85.5,1747710
2015-01-30,86.0,86.61,83.53,86.61,86.61,3572170
2015-02-02,86.09,86.2,84.12,84.5,84.5,1321610
2015-02-03,85.03,86.0,84.5,86.0,86.0,1493470
2015-02-04,86.58,86.58,85.05,85.6,85.6,950950
2015-02-05,85.6,87.8,84.63,87.8,87.8,2521670
2015-02-06,87.36,89.8,87.15,89.8,89.8,2477370
2015-02-09,89.51,95.19,89.03,91.0,91.0,3963850
2015-02-10,91.01,92.9,89.6,90.51,90.51,2204250
2015-02-11,90.74,92.5,90.55,91.5,91.5,1936150
2015-02-12,91.83,94.2,90.1,90.1,90.1,3980460
2015-02-13,91.55,92.4,90.11,91.75,91.75,2955300
2015-02-16,92.0,93.38,90.15,91.1,91.1,2163150
2015-02-17,91.1,92.48,90.5,91.0,91.0,1768020
2015-02-18,91.34,92.74,90.93,91.78,91.78,3188230
2015-02-19,92.3,92.86,89.55,92.0,92.0,1702480
2015-02-20,92.11,92.45,90.73,91.03,91.03,914340
2015-02-24,89.94,91.0,88.3,88.75,88.75,1884840
2015-02-25,88.63,89.0,86.53,86.6,86.6,2264950
2015-02-26,86.79,89.8,86.79,89.8,89.8,1859310
2015-02-27,89.09,91.0,88.53,91.0,91.0,3267430
2015-03-02,90.43,91.82,89.77,90.7,90.7,1171750
2015-03-03,90.26,90.92,89.7,90.32,90.32,2078880
2015-03-04,89.2,91.0,89.03,90.0,90.0,1344820
2015-03-05,90.2,90.56,88.5,88.5,88.5,1697920
2015-03-06,89.22,90.87,88.91,89.55,89.55,1721050
2015-03-10,89.0,89.45,86.5,87.0,87.0,3005710
2015-03-11,87.09,87.96,85.71,86.49,86.49,1690510
2015-03-12,86.4,86.63,84.06,84.06,84.06,2009390
2015-03-13,84.19,84.75,82.51,83.06,83.06,1791300
2015-03-16,83.0,83.06,81.71,82.0,82.0,1956120
2015-03-17,82.4,83.68,82.0,82.13,82.13,1953890
2015-03-18,82.27,82.79,81.25,81.25,81.25,2001000
2015-03-19,82.0,82.49,81.01,81.3,81.3,1732480
2015-03-20,81.06,81.71,77.4,77.5,77.5,5756120
2015-03-23,78.0,78.81,75.62,76.0,76.0,3219160
2015-03-24,76.5,82.98,75.75,82.98,82.98,4480200
2015-03-25,82.6,83.44,80.7,81.71,81.71,3569800
2015-03-26,82.0,82.58,79.5,79.5,79.5,2376430
2015-03-27,79.33,80.25,78.49,78.49,78.49,1417170
2015-03-30,78.72,80.45,78.5,78.5,78.5,2427550
2015-03-31,80.69,80.69,77.56,79.0,79.0,3259370
2015-04-01,78.71,80.77,77.74,80.0,80.0,4434510
2015-04-02,80.03,81.3,79.27,80.42,80.42,2597430
2015-04-03,80.41,81.54,80.3,80.7,80.7,670140
2015-04-06,80.7,83.48,80.7,83.19,83.19,1970530
2015-04-07,83.2,84.41,83.08,84.33,84.33,2573190
2015-04-08,84.45,84.45,82.04,84.02,84.02,1493440
2015-04-09,83.63,83.89,80.21,80.25,80.25,2155140
2015-04-10,80.32,81.78,79.17,81.77,81.77,2372160
2015-04-13,81.69,83.82,80.77,82.6,82.6,2066070
2015-04-14,84.38,84.38,82.02,83.15,83.15,1739760
2015-04-15,82.75,83.83,82.38,82.58,82.58,1804880
2015-04-16,83.0,84.3,81.93,84.3,84.3,1698930
2015-04-17,84.21,85.46,83.0,83.0,83.0,2993720
2015-04-20,83.11,84.55,80.84,82.61,82.61,2641930
2015-04-21,83.12,83.8,82.2,83.0,83.0,1270380
2015-04-22,83.47,83.47,81.19,81.75,81.75,1338740
2015-04-23,81.72,82.16,79.62,81.4,81.4,2424040
2015-04-24,81.17,81.95,79.7,81.68,81.68,2473350
2015-04-27,81.64,82.35,80.4,80.95,80.95,1360880
2015-04-28,80.84,80.99,79.24,79.7,79.7,1617530
2015-04-29,80.18,80.37,78.88,78.95,78.95,1467320
2015-04-30,78.5,79.99,78.5,79.25,79.25,1225510
2015-05-05,79.25,81.44,79.25,80.8,80.8,1879690
2015-05-06,81.0,81.19,80.08,80.92,80.92,1687580
2015-05-07,80.59,80.92,79.56,79.97,79.97,1356620
2015-05-08,79.95,80.5,79.61,79.9,79.9,1080660
2015-05-12,80.51,81.5,79.84,81.5,81.5,1550570
2015-05-13,81.51,81.82,79.7,79.71,79.71,1408930
2015-05-14,79.9,80.39,79.3,79.74,79.74,1602370
2015-05-15,79.88,80.18,79.44,79.95,79.95,841790
2015-05-18,80.1,80.68,79.56,80.5,80.5,1002100
2015-05-19,80.5,81.24,80.11,80.74,80.74,1807780
2015-05-20,80.91,81.08,80.01,80.25,80.25,1359030
2015-05-21,80.4,80.95,79.85,80.4,80.4,1915750
2015-05-22,80.4,80.62,79.6,80.4,80.4,1789090
2015-05-25,79.15,80.75,79.15,80.19,80.19,730100
2015-05-26,80.13,80.19,79.09,79.63,79.63,1698670
2015-05-27,77.67,80.3,77.67,80.0,80.0,4791670
2015-05-28,80.68,80.7,79.43,79.43,79.43,1998090
2015-05-29,79.73,80.95,79.5,80.95,80.95,2473540
2015-06-01,80.51,82.22,80.13,81.9,81.9,3204420
2015-06-02,81.7,84.1,81.01,83.55,83.55,3538520
2015-06-03,84.3,86.42,83.0,84.22,84.22,4940470
2015-06-04,84.59,86.19,83.87,85.01,85.01,2942560
2015-06-05,85.01,88.27,85.01,88.23,88.23,3375580
2015-06-08,88.26,89.81,87.72,89.8,89.8,3544010
2015-06-09,89.8,96.36,88.61,95.25,95.25,9727440
2015-06-10,95.3,97.45,93.53,97.1,97.1,8689450
2015-06-11,97.1,97.35,92.82,93.39,93.39,5978250
2015-06-15,93.33,93.85,89.51,92.48,92.48,4124390
2015-06-16,92.5,93.33,92.0,92.0,92.0,1146140
2015-06-17,91.94,92.29,90.05,90.33,90.33,3903180
2015-06-18,90.35,93.19,89.7,92.7,92.7,3709690
2015-06-19,91.93,91.99,90.05,91.0,91.0,3294120
2015-06-22,91.5,92.45,90.61,91.01,91.01,1175610
2015-06-23,91.72,92.11,89.55,89.55,89.55,2259500
2015-06-24,89.59,90.24,89.59,90.0,90.0,1429420
2015-06-25,89.71,90.38,89.39,89.39,89.39,1292840
2015-06-26,89.56,91.79,88.88,91.0,91.0,2637860
2015-06-29,90.52,91.45,90.37,90.65,90.65,908100
2015-06-30,90.51,91.1,89.3,90.7,90.7,1790410
2015-07-01,90.61,91.3,89.8,90.21,90.21,8014940
2015-07-02,87.47,88.17,87.02,87.02,87.02,3281680
2015-07-03,87.02,88.4,86.85,87.7,87.7,1853430
2015-07-06,87.36,87.5,86.55,87.3,87.3,1253940
2015-07-07,87.3,88.31,86.78,86.79,86.79,859780
2015-07-08,86.62,87.4,85.14,85.7,85.7,1665660
2015-07-09,85.7,87.74,85.6,86.16,86.16,1830060
2015-07-10,86.52,87.29,86.34,87.0,87.0,888710
2015-07-13,86.9,87.8,85.9,87.54,87.54,1108550
2015-07-14,87.06,87.28,86.32,86.63,86.63,912330
2015-07-15,86.5,87.0,85.61,86.1,86.1,928910
2015-07-16,86.1,86.17,85.18,85.8,85.8,747680
2015-07-17,85.76,86.38,85.1,85.1,85.1,664280
2015-07-20,85.31,85.44,83.05,83.05,83.05,1320520
2015-07-21,83.49,83.49,81.83,82.41,82.41,2835870
2015-07-22,82.4,82.9,81.55,82.9,82.9,2098420
2015-07-23,82.9,84.34,82.51,83.81,83.81,2206550
2015-07-24,83.78,83.88,82.05,82.3,82.3,1968060
2015-07-27,81.2,82.4,80.71,82.22,82.22,1840230
2015-07-28,82.09,82.09,81.03,81.15,81.15,2505290
2015-07-29,81.22,81.94,80.81,81.3,81.3,2189650
2015-07-30,81.45,83.46,81.35,82.9,82.9,3422970
2015-07-31,82.78,84.99,82.0,84.99,84.99,2366690
2015-08-03,84.01,84.86,82.62,83.55,83.55,1704900
2015-08-04,83.11,84.78,83.11,84.12,84.12,1553310
2015-08-05,84.4,85.0,83.42,85.0,85.0,1839160
2015-08-06,84.89,85.8,83.19,83.49,83.49,2553360
2015-08-07,83.5,84.55,83.5,83.81,83.81,1075870
2015-08-10,83.9,84.4,83.3,83.8,83.8,1127440
2015-08-11,83.8,85.2,83.3,84.55,84.55,2175270
2015-08-12,84.3,84.43,83.4,84.08,84.08,891830
2015-08-13,84.11,84.9,82.83,82.86,82.86,2232020
2015-08-14,83.0,83.76,82.81,83.12,83.12,1774940
2015-08-17,83.0,84.03,82.23,83.26,83.26,1460850
2015-08-18,83.09,83.67,82.7,83.3,83.3,1608990
2015-08-19,83.19,83.6,82.1,82.45,82.45,1983270
2015-08-20,82.0,83.42,81.55,82.17,82.17,2492880
2015-08-21,81.52,81.66,79.8,79.8,79.8,3980240
2015-08-24,78.62,78.82,76.0,76.5,76.5,6028160
2015-08-25,77.0,77.93,76.65,77.5,77.5,2867560
2015-08-26,77.49,78.74,77.1,77.1,77.1,3336700
2015-08-27,77.9,79.41,77.9,79.29,79.29,2525870
2015-08-28,79.31,81.5,78.66,81.45,81.45,3438190
2015-08-31,81.0,81.49,79.84,81.49,81.49,2328730
2015-09-01,81.0,81.0,78.72,79.62,79.62,2537880
2015-09-02,79.4,81.3,79.0,79.46,79.46,2460020
2015-09-03,80.0,80.9,79.5,80.39,80.39,1688710
2015-09-04,79.8,80.64,79.6,80.3,80.3,935980
2015-09-07,80.3,80.7,79.37,79.6,79.6,653680
2015-09-08,79.94,80.87,79.94,80.05,80.05,1295560
2015-09-09,80.87,81.7,80.66,81.0,81.0,1933130
2015-09-10,80.5,83.5,80.25,83.13,83.13,3998940
2015-09-11,83.5,84.72,83.16,83.65,83.65,2740750
2015-09-14,84.0,89.08,83.44,88.91,88.91,7055670
2015-09-15,88.6,89.87,86.81,88.14,88.14,5445490
2015-09-16,88.16,90.79,87.35,90.4,90.4,3392880
2015-09-17,90.25,91.0,87.1,89.77,89.77,3038660
2015-09-18,90.56,90.97,88.39,88.51,88.51,3441850
2015-09-21,89.02,90.88,89.02,90.0,90.0,1790520
2015-09-22,90.34,90.37,88.38,88.93,88.93,1717630
2015-09-23,89.48,89.93,88.5,88.9,88.9,1881800
2015-09-24,89.45,91.56,88.7,90.17,90.17,1968960
2015-09-25,90.58,91.3,90.15,90.98,90.98,1592900
2015-09-28,91.0,91.0,85.62,85.9,85.9,2784210
2015-09-29,85.5,86.13,83.33,85.58,85.58,2324720
2015-09-30,86.01,86.5,84.7,85.98,85.98,1658060
2015-10-01,85.7,86.37,85.06,85.61,85.61,1222610
2015-10-02,85.61,85.86,84.28,84.7,84.7,1274990
2015-10-05,86.0,89.77,85.0,89.65,89.65,2620880
2015-10-06,89.75,90.44,88.31,89.97,89.97,1987790
2015-10-07,90.25,90.35,88.34,89.9,89.9,1659810
2015-10-08,89.45,90.94,87.62,87.62,87.62,2269890
2015-10-09,87.65,89.79,87.35,87.9,87.9,2997860
2015-10-12,88.02,90.3,87.17,88.23,88.23,3521790
2015-10-13,88.25,90.5,88.17,90.3,90.3,1890860
2015-10-14,90.19,90.87,89.39,90.5,90.5,1867650
2015-10-15,90.5,91.4,88.81,90.76,90.76,3144990
2015-10-16,90.1,91.6,89.17,89.17,89.17,2257810
2015-10-19,90.0,90.35,89.29,89.85,89.85,1008250
2015-10-20,90.03,90.03,88.47,89.94,89.94,1303730
2015-10-21,90.0,90.82,88.76,90.25,90.25,1674560
2015-10-22,90.88,90.88,89.86,90.15,90.15,1306350
2015-10-23,90.22,92.95,90.17,92.85,92.85,4300620
2015-10-26,92.8,94.15,90.26,92.53,92.53,2780200
2015-10-27,92.38,92.38,90.03,91.95,91.95,1885090
2015-10-28,91.5,93.0,91.2,92.74,92.74,2435470
2015-10-29,92.7,92.7,91.52,91.8,91.8,797480
2015-10-30,91.62,93.7,91.46,93.55,93.55,2018900
2015-11-02,94.04,94.15,93.0,94.1,94.1,1650120
2015-11-03,94.12,94.85,93.16,94.64,94.64,2376020
2015-11-05,94.97,95.95,94.64,95.73,95.73,2346180
2015-11-06,95.6,96.41,92.17,93.1,93.1,1606310
2015-11-09,93.33,94.89,93.1,93.2,93.2,1580750
2015-11-10,93.65,93.65,91.02,91.59,91.59,2220410
2015-11-11,91.6,92.25,90.34,90.7,90.7,1788740
2015-11-12,90.98,90.98,88.5,88.51,88.51,1374120
2015-11-13,88.33,88.52,86.6,86.7,86.7,1858940
2015-11-16,87.0,88.31,86.4,87.55,87.55,1176550
2015-11-17,88.45,91.39,87.65,91.0,91.0,3439510
2015-11-18,90.97,95.69,90.7,93.7,93.7,5966270
2015-11-19,94.16,94.91,91.35,92.15,92.15,2320710
2015-11-20,91.6,93.99,90.69,93.62,93.62,1607150
2015-11-23,93.5,94.85,91.75,94.0,94.0,1692660
2015-11-24,94.1,95.31,89.0,91.18,91.18,2481600
2015-11-25,91.25,91.7,89.0,90.0,90.0,2078210
2015-11-26,90.15,92.0,89.0,90.3,90.3,1819660
2015-11-27,90.25,90.25,88.07,88.07,88.07,1426720
2015-11-30,88.1,89.5,86.55,87.74,87.74,3989440
2015-12-01,87.12,89.49,87.12,89.49,89.49,1369240
2015-12-02,89.5,90.94,88.9,89.95,89.95,1352020
2015-12-03,89.7,90.2,89.07,89.6,89.6,843970
2015-12-04,89.7,91.28,86.6,87.8,87.8,1830840
2015-12-07,88.05,88.53,85.16,85.4,85.4,1754490
2015-12-08,85.59,86.68,85.48,86.67,86.67,1316350
2015-12-09,86.99,88.28,86.28,87.16,87.16,1600970
2015-12-10,87.2,88.97,86.62,86.85,86.85,1057910
2015-12-11,86.85,88.94,86.71,88.94,88.94,1597420
2015-12-14,88.5,92.92,88.0,91.5,91.5,3334030
2015-12-15,91.65,91.99,90.16,90.53,90.53,2966050
2015-12-16,90.71,92.74,90.55,92.5,92.5,2079450
2015-12-17,92.75,93.46,89.74,92.2,92.2,3127960
2015-12-18,91.73,91.73,89.05,90.7,90.7,1782680
2015-12-21,90.03,90.49,88.34,89.45,89.45,1004460
2015-12-22,89.58,89.58,88.03,88.7,88.7,978960
2015-12-23,88.49,89.41,87.73,89.29,89.29,1188390
2015-12-24,89.5,89.65,88.5,88.53,88.53,440540
2015-12-25,89.08,89.08,88.02,88.19,88.19,452310
2015-12-28,88.5,89.0,87.2,88.89,88.89,1055710
2015-12-29,88.8,91.99,88.29,91.99,91.99,1093870
2015-12-30,91.52,92.37,90.19,90.55,90.55,1012000
2016-01-04,90.78,90.78,88.5,88.5,88.5,770160
2016-01-05,88.27,88.79,87.02,87.02,87.02,1860280
2016-01-06,86.95,88.49,86.92,88.49,88.49,909620
2016-01-11,87.6,87.6,85.78,86.52,86.52,1259140
2016-01-12,86.02,86.31,84.55,85.5,85.5,1651880
2016-01-13,86.5,87.99,85.57,86.13,86.13,1616950
2016-01-14,85.9,86.6,85.1,86.15,86.15,1997040
2016-01-15,86.0,86.84,81.15,81.27,81.27,3331470
2016-01-18,80.47,82.97,80.01,81.68,81.68,2068190
2016-01-19,82.81,85.0,82.81,84.81,84.81,2976700
2016-01-20,84.0,84.36,81.9,82.0,82.0,2149410
2016-01-21,82.3,84.32,82.06,83.25,83.25,2534030
2016-01-22,84.05,86.0,84.05,85.39,85.39,1862440
2016-01-25,85.8,85.93,84.5,84.71,84.71,998220
2016-01-26,84.1,85.5,84.0,84.99,84.99,1673080
2016-01-27,85.43,85.82,84.81,85.3,85.3,1516160
2016-01-28,85.86,86.87,85.0,86.15,86.15,1741650
2016-01-29,86.84,87.3,85.6,86.29,86.29,2676910
2016-02-01,86.55,87.65,84.9,86.9,86.9,2165400
2016-02-02,86.6,87.15,85.5,87.0,87.0,2268280
2016-02-03,86.83,87.36,85.51,85.51,85.51,1306110
2016-02-04,86.03,87.5,86.03,87.0,87.0,2125100
2016-02-05,87.25,87.32,86.1,86.31,86.31,949030
2016-02-08,86.24,86.9,85.3,86.0,86.0,1585300
2016-02-09,85.82,86.14,84.9,85.5,85.5,1019090
2016-02-10,85.48,85.97,84.69,85.54,85.54,1202910
2016-02-11,85.17,85.25,83.21,84.0,84.0,2088730
2016-02-12,84.16,84.83,83.9,84.5,84.5,1199570
2016-02-15,84.84,85.17,84.22,84.57,84.57,1006030
2016-02-16,84.9,85.09,84.2,84.75,84.75,1603470
2016-02-17,84.75,87.0,84.59,87.0,87.0,2752830
2016-02-18,86.95,90.24,86.83,90.24,90.24,4747250
2016-02-19,89.8,89.97,87.81,88.9,88.9,2183570
2016-02-20,89.0,89.0,87.56,88.4,88.4,355040
2016-02-22,89.06,92.9,88.74,91.8,91.8,3935550
2016-02-24,91.05,91.28,88.62,89.12,89.12,2332080
2016-02-25,89.31,89.87,87.83,89.0,89.0,1824680
2016-02-26,89.16,90.69,89.16,89.93,89.93,1483340
2016-02-29,89.42,89.98,88.0,88.8,88.8,2949660
2016-03-01,88.79,91.79,88.63,91.72,91.72,2808760
2016-03-02,92.8,93.0,92.06,92.3,92.3,1964800
2016-03-03,92.49,93.42,91.82,92.01,92.01,2174250
2016-03-04,92.21,93.3,91.2,93.0,93.0,1434000
2016-03-07,93.44,94.79,92.7,94.75,94.75,1578080
2016-03-09,92.2,95.35,92.2,93.6,93.6,2851510
2016-03-10,94.5,96.0,93.83,95.63,95.63,2758030
2016-03-11,95.66,95.94,94.1,95.0,95.0,1960570
2016-03-14,95.2,95.41,92.2,93.64,93.64,2143650
2016-03-15,93.96,94.46,92.9,94.0,94.0,4658230
2016-03-16,94.09,95.0,93.3,94.27,94.27,2966900
2016-03-17,95.5,97.33,94.38,97.33,97.33,4252250
2016-03-18,97.4,98.12,95.8,95.8,95.8,4601090
2016-03-21,95.89,95.89,93.26,94.36,94.36,2053870
2016-03-22,95.0,96.31,94.19,95.53,95.53,2790150
2016-03-23,95.85,96.79,94.26,96.45,96.45,2405940
2016-03-24,96.0,96.47,95.4,96.08,96.08,1430710
2016-03-25,96.3,96.3,95.17,95.28,95.28,367910
2016-03-28,95.15,95.75,93.5,94.05,94.05,879810
2016-03-29,94.26,95.66,94.08,94.48,94.48,1273600
2016-03-30,95.05,98.39,94.75,98.35,98.35,3060420
2016-03-31,98.37,99.65,98.21,98.6,98.6,3392630
2016-04-01,98.5,102.74,95.5,98.34,98.34,5747420
2016-04-04,97.1,98.95,97.1,97.77,97.77,1805890
2016-04-05,97.21,97.75,95.7,96.4,96.4,1232710
2016-04-06,96.23,97.41,95.6,96.9,96.9,1361190
2016-04-07,97.75,98.45,96.52,97.76,97.76,1803460
2016-04-08,97.77,98.89,97.55,98.13,98.13,1759230
2016-04-11,97.6,100.07,97.11,100.07,100.07,2205500
2016-04-12,101.11,101.11,97.06,97.87,97.87,2374460
2016-04-13,98.19,100.35,97.31,99.21,99.21,2787610
2016-04-14,99.46,99.88,95.65,96.33,96.33,2277290
2016-04-15,96.54,97.52,95.33,96.05,96.05,1268790
2016-04-18,95.0,95.12,92.31,93.48,93.48,2639450
2016-04-19,93.52,95.7,93.11,95.69,95.69,2688460
2016-04-20,94.91,97.59,94.91,97.59,97.59,1900200
2016-04-21,97.77,98.5,95.16,97.66,97.66,2244540
2016-04-22,97.7,100.53,96.23,100.0,100.0,2816700
2016-04-25,99.93,100.0,97.61,98.61,98.61,2148720
2016-04-26,99.5,99.7,97.6,99.09,99.09,1667970
2016-04-27,98.79,99.09,97.05,98.2,98.2,1639000
2016-04-28,97.92,99.99,97.0,99.99,99.99,2443200
2016-04-29,99.6,99.97,97.25,98.5,98.5,2229920
2016-05-04,97.5,99.87,95.1,95.97,95.97,2320600
2016-05-05,95.66,95.74,93.53,94.17,94.17,1666790
2016-05-06,94.1,94.83,93.06,94.1,94.1,1204410
2016-05-10,94.12,94.9,93.08,94.9,94.9,2177210
2016-05-11,94.8,97.5,94.28,97.49,97.49,2134590
2016-05-12,97.4,97.75,94.95,95.8,95.8,1268190
2016-05-13,95.55,96.99,94.42,96.3,96.3,1558390
2016-05-16,97.3,98.11,96.36,97.3,97.3,1711650
2016-05-17,97.4,98.8,96.9,98.5,98.5,2809860
2016-05-18,98.88,99.09,98.5,98.8,98.8,1971160
2016-05-19,98.32,98.47,96.11,96.11,96.11,1494340
2016-05-20,96.27,97.0,94.9,95.47,95.47,1747850
2016-05-23,95.47,97.28,94.55,96.46,96.46,1080440
2016-05-24,96.94,97.39,95.74,97.06,97.06,1265270
2016-05-25,96.91,98.19,96.63,96.63,96.63,1432290
2016-05-26,96.67,97.25,94.8,95.18,95.18,1794140
2016-05-27,95.15,97.57,95.04,97.2,97.2,1034740
2016-05-30,97.6,97.6,96.01,97.2,97.2,943370
2016-05-31,97.22,100.0,96.42,97.5,97.5,7548920
2016-06-01,97.5,98.79,96.75,97.09,97.09,2273960
2016-06-02,96.73,97.37,95.5,95.9,95.9,1366490
2016-06-03,96.89,97.19,95.57,96.1,96.1,1693410
2016-06-06,96.7,97.18,96.32,96.42,96.42,1350010
2016-06-07,96.42,97.96,96.14,97.09,97.09,2880390
2016-06-08,97.1,97.4,96.43,97.3,97.3,1008530
2016-06-09,97.5,97.5,96.15,96.15,96.15,887530
2016-06-10,96.21,96.47,94.8,95.01,95.01,1513190
2016-06-14,95.19,95.78,94.32,95.09,95.09,1347950
2016-06-15,95.19,96.19,94.64,95.6,95.6,2440780
2016-06-16,95.9,95.94,92.6,94.2,94.2,2566390
2016-06-17,94.63,94.8,92.8,92.8,92.8,1812720
2016-06-20,93.1,94.07,92.7,93.0,93.0,1148470
2016-06-21,93.63,94.11,92.77,93.55,93.55,1559920
2016-06-22,93.5,93.98,93.05,93.87,93.87,1272690
2016-06-23,93.56,94.0,92.84,93.8,93.8,914470
2016-06-24,87.55,94.69,86.7,93.1,93.1,2852690
2016-06-27,93.0,93.4,92.0,92.64,92.64,1059750
2016-06-28,92.98,93.56,91.22,91.83,91.83,1820420
2016-06-29,91.6,92.59,91.4,91.88,91.88,1485550
2016-06-30,91.9,92.56,91.4,92.2,92.2,812080
2016-07-01,92.4,92.4,91.44,91.5,91.5,1315490
2016-07-04,92.38,92.95,91.45,91.95,91.95,2241460
2016-07-05,91.7,92.09,91.54,91.9,91.9,1953540
2016-07-06,91.9,92.28,91.58,92.01,92.01,2531710
2016-07-07,87.5,91.0,87.4,88.49,88.49,5401430
2016-07-08,88.1,88.74,87.0,87.8,87.8,1664710
2016-07-11,87.51,88.66,87.18,87.35,87.35,2231160
2016-07-12,87.37,87.93,87.12,87.23,87.23,1959360
2016-07-13,87.2,87.29,86.0,86.69,86.69,3076620
2016-07-14,86.1,86.76,84.8,86.0,86.0,2308390
2016-07-15,85.81,87.64,85.5,86.4,86.4,4311120
2016-07-18,86.5,87.4,85.67,86.85,86.85,2116870
2016-07-19,86.5,87.08,85.59,86.1,86.1,1749830
2016-07-20,85.88,87.2,85.2,87.2,87.2,1661840
2016-07-21,87.2,87.2,86.05,86.5,86.5,882630
2016-07-22,86.18,86.71,85.87,85.87,85.87,730500
2016-07-25,86.22,86.62,85.65,86.1,86.1,1600760
2016-07-26,86.49,86.49,85.75,85.92,85.92,1861620
2016-07-27,85.95,86.31,85.8,86.29,86.29,1369350
2016-07-28,86.17,87.0,85.83,86.03,86.03,1945710
2016-07-29,86.27,87.0,85.16,85.5,85.5,2610370
2016-08-01,85.56,86.4,85.55,86.0,86.0,966980
2016-08-02,85.95,86.05,84.51,85.6,85.6,2227590
2016-08-03,85.03,85.54,84.51,84.75,84.75,1972130
2016-08-04,85.0,86.25,85.0,86.2,86.2,2243180
2016-08-05,86.34,86.92,84.85,86.1,86.1,1906700
2016-08-08,86.3,87.0,85.61,87.0,87.0,1453410
2016-08-09,87.0,88.0,86.72,87.5,87.5,2408920
2016-08-10,87.7,88.0,85.78,86.0,86.0,3603880
2016-08-11,85.82,86.68,85.25,86.68,86.68,1781440
2016-08-12,86.7,87.01,86.0,86.25,86.25,1246000
2016-08-15,86.6,86.6,85.3,85.85,85.85,1540440
2016-08-16,85.94,86.24,85.7,85.95,85.95,1713560
2016-08-17,86.17,86.17,85.0,85.2,85.2,1621020
2016-08-18,85.25,85.52,84.1,84.19,84.19,3275450
2016-08-19,84.21,85.09,84.0,84.6,84.6,1976740
2016-08-22,84.61,84.95,83.76,84.6,84.6,1956910
2016-08-23,84.94,84.94,83.51,83.51,83.51,3193180
2016-08-24,83.5,83.74,82.6,83.09,83.09,2399080
2016-08-25,83.3,83.49,82.52,82.75,82.75,2942150
2016-08-26,82.75,83.09,81.4,82.3,82.3,3149080
2016-08-29,82.0,82.3,81.62,82.25,82.25,1211750
2016-08-30,82.29,82.79,81.91,82.45,82.45,1337540
2016-08-31,82.48,82.63,81.64,82.18,82.18,1668610
2016-09-01,82.06,82.12,81.69,81.95,81.95,1642860
2016-09-02,82.28,82.47,81.26,81.26,81.26,1933840
2016-09-05,81.75,82.68,81.05,82.0,82.0,2816260
2016-09-06,82.0,82.85,81.7,82.8,82.8,3759720
2016-09-07,83.1,84.5,82.7,82.85,82.85,6849260
2016-09-08,83.16,83.55,82.0,82.45,82.45,4341400
2016-09-09,82.57,82.67,81.53,81.6,81.6,1641250
2016-09-12,81.49,82.1,81.24,81.7,81.7,1911680
2016-09-13,81.9,82.19,81.17,81.5,81.5,1154020
2016-09-14,81.45,81.54,80.95,80.95,80.95,772890
2016-09-15,80.9,82.0,80.4,81.35,81.35,1657250
2016-09-16,81.35,82.04,80.73,81.25,81.25,2022780
2016-09-19,81.25,81.96,81.15,81.3,81.3,1068420
2016-09-20,81.7,81.7,80.2,81.03,81.03,1254620
2016-09-21,81.03,81.17,79.7,80.08,80.08,2598750
2016-09-22,80.16,80.9,79.74,80.7,80.7,2386950
2016-09-23,80.67,80.68,79.29,80.1,80.1,2305600
2016-09-26,80.11,80.14,79.76,80.14,80.14,865820
2016-09-27,80.16,80.18,79.0,79.2,79.2,1656320
2016-09-28,79.41,79.9,79.01,79.15,79.15,1405960
2016-09-29,79.3,79.6,79.11,79.2,79.2,1188250
2016-09-30,79.1,79.35,78.51,78.82,78.82,1837560
2016-10-03,78.8,79.0,78.28,78.87,78.87,880040
2016-10-04,78.65,79.28,78.6,78.89,78.89,1286010
2016-10-05,78.9,79.8,78.52,79.8,79.8,2123930
2016-10-06,79.89,80.15,79.2,79.45,79.45,1625890
2016-10-07,79.8,80.06,79.5,79.5,79.5,1012020
2016-10-10,79.51,80.3,79.4,80.26,80.26,1607480
2016-10-11,80.6,81.14,80.25,80.77,80.77,2030080
2016-10-12,80.85,81.2,79.7,80.23,80.23,2521880
2016-10-13,79.99,80.0,79.5,79.75,79.75,896190
2016-10-14,79.85,80.44,79.62,79.96,79.96,969230
2016-10-17,80.25,80.25,79.23,79.3,79.3,1111160
2016-10-18,79.24,79.73,79.24,79.65,79.65,886670
2016-10-19,79.63,79.85,79.12,79.28,79.28,951710
2016-10-20,79.3,79.45,78.65,78.65,78.65,703060
2016-10-21,78.67,79.16,78.31,78.8,78.8,893940
2016-10-24,78.98,79.64,78.7,79.13,79.13,1177190
2016-10-25,79.04,79.35,78.77,78.86,78.86,1779980
2016-10-26,78.82,79.11,78.65,78.79,78.79,1481240
2016-10-27,78.8,79.08,78.57,78.82,78.82,1366050
2016-10-28,78.51,79.56,78.44,79.34,79.34,2151280
2016-10-31,79.34,79.4,78.65,79.01,79.01,1545890
2016-11-01,79.5,81.91,78.82,81.55,81.55,6688010
2016-11-02,81.55,83.07,80.3,81.5,81.5,5663200
2016-11-03,81.75,81.75,80.53,81.14,81.14,1770720
2016-11-07,81.5,82.31,80.9,81.26,81.26,2285150
2016-11-08,81.21,81.77,81.0,81.01,81.01,1063160
2016-11-09,79.5,82.09,79.41,82.0,82.0,2956490
2016-11-10,82.1,84.0,81.7,82.15,82.15,6779820
2016-11-11,82.2,82.6,81.07,81.07,81.07,3651580
2016-11-14,81.16,83.29,81.16,82.34,82.34,4015940
2016-11-15,82.34,83.62,81.56,81.56,81.56,3106010
2016-11-16,82.1,83.52,81.82,83.07,83.07,2745330
2016-11-17,83.36,83.36,81.89,82.5,82.5,2057050
2016-11-18,82.6,83.28,82.52,82.77,82.77,2106490
2016-11-21,82.65,83.45,82.6,82.6,82.6,1706570
2016-11-22,83.0,83.13,82.3,82.66,82.66,2580470
2016-11-23,82.8,83.43,82.8,82.95,82.95,1905360
2016-11-24,83.0,85.3,82.95,83.94,83.94,5889950
2016-11-25,84.4,84.56,83.27,84.25,84.25,2160190
2016-11-28,84.0,84.49,83.36,83.54,83.54,1417120
2016-11-29,83.42,84.03,83.1,83.72,83.72,2275600
2016-11-30,83.89,85.44,83.66,84.6,84.6,6551440
2016-12-01,84.87,85.7,84.51,84.8,84.8,3958320
2016-12-02,84.67,85.85,84.63,85.55,85.55,2370930
2016-12-05,85.69,86.4,85.3,86.25,86.25,5155800
2016-12-06,86.5,86.75,85.61,86.06,86.06,5817450
2016-12-07,86.0,86.94,86.0,86.94,86.94,2394130
2016-12-08,86.85,87.9,86.85,87.9,87.9,5229780
2016-12-09,87.9,88.0,86.6,87.49,87.49,4405840
2016-12-12,87.95,88.88,86.9,88.31,88.31,5622630
2016-12-13,88.64,88.7,87.7,88.27,88.27,3758000
2016-12-14,88.0,88.5,86.65,86.65,86.65,2175450
2016-12-15,86.65,86.7,84.8,86.7,86.7,5890370
2016-12-16,86.44,86.96,84.45,84.89,84.89,4496050
2016-12-19,85.0,85.88,84.62,84.76,84.76,2864550
2016-12-20,84.51,85.02,84.48,84.71,84.71,1161450
2016-12-21,84.98,84.99,84.29,84.8,84.8,1436040
2016-12-22,84.78,84.93,83.6,83.83,83.83,1255030
2016-12-23,83.61,83.92,82.0,83.09,83.09,2730340
2016-12-26,82.79,83.76,82.79,83.39,83.39,865320
2016-12-27,83.55,83.67,83.24,83.64,83.64,594330
2016-12-28,83.68,84.5,83.08,83.99,83.99,915070
2016-12-29,84.04,84.4,83.51,83.99,83.99,1585770
2016-12-30,84.08,84.33,83.41,84.0,84.0,881280
2017-01-03,84.11,86.0,84.0,85.6,85.6,2668700
2017-01-04,85.65,85.65,84.56,84.8,84.8,1739960
2017-01-05,85.0,85.3,84.17,84.79,84.79,1338160
2017-01-06,84.97,85.45,83.53,85.28,85.28,2168770
2017-01-09,85.5,85.5,84.2,84.97,84.97,1122170
2017-01-10,84.75,85.25,84.5,85.24,85.24,1123020
2017-01-11,85.21,85.69,84.76,85.1,85.1,1928820
2017-01-12,85.46,85.7,85.0,85.7,85.7,2429850
2017-01-13,85.51,85.71,84.72,85.58,85.58,1007700
2017-01-16,85.55,85.55,84.94,84.95,84.95,770570
2017-01-17,85.12,85.16,84.25,84.59,84.59,1370090
2017-01-18,85.06,85.1,84.0,84.36,84.36,1196270
2017-01-19,84.8,84.8,83.91,84.5,84.5,2574490
2017-01-20,84.11,85.13,84.11,84.36,84.36,1275490
2017-01-23,84.36,84.9,84.19,84.88,84.88,1034770
2017-01-24,84.88,85.06,83.76,84.0,84.0,2651210
2017-01-25,84.11,84.18,82.28,82.31,82.31,3283620
2017-01-26,82.15,83.4,81.29,83.24,83.24,5096980
2017-01-27,83.38,83.98,83.04,83.86,83.86,1190910
2017-01-30,84.0,84.0,83.33,83.5,83.5,1075500
2017-01-31,83.8,83.91,83.1,83.49,83.49,1889730
2017-02-01,83.5,86.6,83.43,84.37,84.37,2755550
2017-02-02,84.51,85.23,83.6,83.98,83.98,1666610
2017-02-03,84.24,84.53,83.75,84.5,84.5,1331850
2017-02-06,84.5,84.9,83.23,83.86,83.86,1519080
2017-02-07,83.87,84.8,83.59,84.71,84.71,1304350
2017-02-08,84.71,84.75,83.35,84.75,84.75,2417290
2017-02-09,84.74,85.3,83.05,85.3,85.3,3490240
2017-02-10,85.06,85.75,84.5,85.05,85.05,1291890
2017-02-13,85.05,85.35,84.6,85.21,85.21,1557450
2017-02-14,85.01,85.3,84.26,84.6,84.6,2081210
2017-02-15,84.48,84.55,82.39,82.4,82.4,4566730
2017-02-16,82.59,83.18,81.33,81.75,81.75,2922750
2017-02-17,81.75,81.93,79.65,80.0,80.0,5278270
2017-02-20,80.0,80.78,78.15,79.18,79.18,7821140
2017-02-21,79.2,80.0,78.95,79.98,79.98,1852740
2017-02-22,80.0,80.0,78.8,79.0,79.0,2357600
2017-02-24,79.08,80.15,78.5,80.0,80.0,2171300
2017-02-27,80.0,80.45,78.73,78.95,78.95,1787310
2017-02-28,78.95,79.22,78.06,78.06,78.06,5144260
2017-03-01,78.27,79.6,78.1,78.71,78.71,2118130
2017-03-02,78.98,79.47,78.48,79.05,79.05,1430710
2017-03-03,79.15,79.3,78.0,79.13,79.13,1322100
2017-03-06,79.07,79.6,78.45,79.35,79.35,1465530
2017-03-07,79.05,79.05,75.8,76.5,76.5,8448850
2017-03-09,76.2,76.2,74.01,75.5,75.5,4431980
2017-03-10,75.11,75.89,74.63,74.9,74.9,2691600
2017-03-13,75.2,76.7,74.0,76.41,76.41,2952880
2017-03-14,76.84,77.92,76.03,77.06,77.06,3767550
2017-03-15,77.17,77.48,76.54,76.64,76.64,1444940
2017-03-16,76.99,77.11,75.52,76.2,76.2,3766640
2017-03-17,76.2,77.64,75.0,75.0,75.0,8434600
2017-03-20,75.98,78.36,75.35,78.25,78.25,3910970
2017-03-21,78.24,79.12,77.31,78.0,78.0,3229150
2017-03-22,77.14,77.97,77.14,77.9,77.9,1807510
2017-03-23,78.59,78.7,77.57,77.85,77.85,1670690
2017-03-24,77.7,78.01,77.27,77.5,77.5,754390
2017-03-27,77.5,78.09,76.18,76.6,76.6,1383760
2017-03-28,76.89,77.27,76.51,76.58,76.58,1373860
2017-03-29,77.1,77.1,75.95,75.95,75.95,1338760
2017-03-30,76.36,77.0,75.89,76.72,76.72,2459380
2017-03-31,76.72,76.95,76.06,76.95,76.95,1269620
2017-04-03,76.93,76.99,76.25,76.99,76.99,610320
2017-04-04,76.8,76.98,76.35,76.82,76.82,947550
2017-04-05,76.91,78.49,76.91,78.2,78.2,2258680
2017-04-06,77.9,78.28,77.52,77.78,77.78,1441780
2017-04-07,78.0,78.12,76.8,77.22,77.22,2210650
2017-04-10,77.23,77.9,76.1,76.33,76.33,1975670
2017-04-11,76.35,76.92,75.5,75.9,75.9,1221220
2017-04-12,76.09,76.13,75.0,75.88,75.88,1882440
2017-04-13,75.7,76.2,74.09,74.23,74.23,2072180
2017-04-14,74.6,74.6,72.9,73.0,73.0,768740
2017-04-17,73.23,75.44,72.9,74.99,74.99,1197070
2017-04-18,75.0,75.17,73.81,74.3,74.3,1201880
2017-04-19,75.0,75.0,73.25,73.26,73.26,3335980
2017-04-20,73.02,73.58,72.2,72.81,72.81,1864050
2017-04-21,72.82,74.48,72.82,73.22,73.22,1833130
2017-04-24,73.7,74.8,73.31,74.43,74.43,4073980
2017-04-25,74.44,76.37,73.88,75.5,75.5,3275020
2017-04-26,75.97,77.28,75.42,76.95,76.95,2744790
2017-04-27,76.56,77.69,74.29,74.44,74.44,7594330
2017-04-28,74.95,75.38,73.91,74.5,74.5,4873020
2017-05-02,74.5,76.0,74.28,75.01,75.01,1760630
2017-05-03,75.5,75.54,73.83,74.3,74.3,2332350
2017-05-04,74.45,75.1,74.29,75.0,75.0,959190
2017-05-05,74.5,75.17,74.41,75.16,75.16,714220
2017-05-10,75.16,75.54,74.95,75.22,75.22,1521980
2017-05-11,75.19,75.19,74.5,75.01,75.01,1759060
2017-05-12,74.98,74.98,74.07,74.98,74.98,1377060
2017-05-15,74.95,75.41,74.7,75.1,75.1,1073260
2017-05-16,75.18,75.49,74.05,74.05,74.05,2050640
2017-05-17,74.25,74.6,73.92,73.92,73.92,1537960
2017-05-18,74.28,74.4,73.27,73.58,73.58,2438180
2017-05-19,73.98,73.98,73.1,73.21,73.21,1521450
2017-05-22,73.79,73.79,72.6,72.75,72.75,2255150
2017-05-23,73.09,73.75,72.5,72.73,72.73,3123460
2017-05-24,73.07,73.19,72.31,72.31,72.31,1424610
2017-05-25,72.79,72.83,71.81,72.17,72.17,1919700
2017-05-26,72.08,72.54,71.88,72.3,72.3,1035150
2017-05-29,72.55,72.98,72.22,72.49,72.49,730950
2017-05-30,72.49,72.49,71.75,71.86,71.86,713900
2017-05-31,71.76,72.45,71.2,71.5,71.5,3354180
2017-06-01,71.67,72.0,70.82,71.12,71.12,2341420
2017-06-02,71.28,71.28,70.37,70.9,70.9,4289160
2017-06-05,71.0,71.7,70.78,71.14,71.14,703290
2017-06-06,71.3,71.38,69.7,69.7,69.7,2923880
2017-06-07,69.9,70.77,69.78,69.78,69.78,3201590
2017-06-08,69.98,70.75,69.81,69.87,69.87,3536060
2017-06-09,70.0,70.98,70.0,70.9,70.9,1935170
2017-06-13,70.95,71.16,70.2,70.4,70.4,1345090
2017-06-14,70.39,70.55,69.63,70.3,70.3,4865440
2017-06-15,69.54,69.9,68.8,69.31,69.31,9614350
2017-06-16,69.1,71.07,69.1,71.07,71.07,5034340
2017-06-19,70.65,70.9,69.95,70.0,70.0,1759180
2017-06-20,70.03,70.7,69.81,70.0,70.0,3858260
2017-06-21,70.01,70.4,69.86,70.0,70.0,2018930
2017-06-22,69.85,70.74,69.5,70.15,70.15,2446520
2017-06-23,70.31,70.7,70.08,70.18,70.18,2020990
2017-06-26,70.5,70.5,70.02,70.05,70.05,790940
2017-06-27,70.0,71.81,69.85,71.5,71.5,3757910
2017-06-28,71.45,72.41,71.1,72.0,72.0,1808370
2017-06-29,72.11,72.55,70.25,70.8,70.8,6056770
2017-06-30,70.8,71.48,70.57,71.37,71.37,1479790
2017-07-03,71.69,71.7,71.0,71.5,71.5,1244890
2017-07-04,71.81,71.98,71.52,71.78,71.78,3023190
2017-07-05,71.63,71.9,71.51,71.88,71.88,3072350
2017-07-06,67.72,68.35,67.51,67.52,67.52,7304320
2017-07-07,67.75,67.75,66.95,67.26,67.26,1911100
2017-07-10,67.3,67.61,66.15,66.4,66.4,2275820
2017-07-11,66.4,66.71,65.21,65.63,65.63,2808470
2017-07-12,65.7,66.42,65.5,66.2,66.2,1932120
2017-07-13,66.34,66.83,65.91,66.13,66.13,2494730
2017-07-14,66.34,66.52,66.06,66.22,66.22,1036500
2017-07-17,66.3,67.45,66.09,67.12,67.12,3320480
2017-07-18,67.4,67.41,66.07,66.75,66.75,2142990
2017-07-19,66.75,66.92,66.3,66.89,66.89,1617750
2017-07-20,66.9,67.4,66.66,67.09,67.09,1970130
2017-07-21,67.06,67.06,66.1,66.21,66.21,1233320
2017-07-24,65.05,66.37,65.03,66.16,66.16,1857420
2017-07-25,66.2,66.76,65.75,66.03,66.03,2645450
2017-07-26,66.1,66.61,65.89,65.93,65.93,3486250
2017-07-27,65.94,66.54,65.94,66.45,66.45,1169680
2017-07-28,66.5,66.5,65.82,66.1,66.1,1683460
2017-07-31,66.17,66.37,65.15,65.15,65.15,2331750
2017-08-01,65.51,66.09,65.3,65.43,65.43,1817060
2017-08-02,65.51,66.1,65.51,65.61,65.61,2613680
2017-08-03,65.9,66.5,65.81,66.3,66.3,2015890
2017-08-04,66.23,66.47,65.89,66.2,66.2,1077010
2017-08-07,66.64,66.64,65.8,66.02,66.02,979020
2017-08-08,66.0,66.0,65.16,65.16,65.16,3179150
2017-08-09,65.2,65.43,64.84,64.95,64.95,1640560
2017-08-10,65.19,65.8,64.92,64.92,64.92,1156220
2017-08-11,64.76,64.83,63.83,63.93,63.93,2056170
2017-08-14,63.95,64.45,63.95,64.25,64.25,934430
2017-08-15,64.26,65.03,64.03,64.8,64.8,2775640
2017-08-16,64.93,65.79,64.59,65.28,65.28,2921800
2017-08-17,65.28,65.69,65.0,65.6,65.6,1648990
2017-08-18,65.36,66.13,65.36,65.94,65.94,1998520
2017-08-21,65.94,66.18,65.5,65.82,65.82,1415020
2017-08-22,65.73,65.78,65.22,65.55,65.55,696560
2017-08-23,65.44,66.15,65.32,65.44,65.44,1161000
2017-08-24,65.5,66.05,65.28,65.69,65.69,802460
2017-08-25,65.65,66.15,65.55,66.09,66.09,804480
2017-08-28,66.09,67.0,66.01,66.46,66.46,1421000
2017-08-29,66.46,66.46,65.67,66.25,66.25,1040350
2017-08-30,66.27,66.45,65.77,66.32,66.32,1193840
2017-08-31,66.32,67.0,66.01,67.0,67.0,1728100
2017-09-01,67.0,67.0,66.15,66.5,66.5,1918590
2017-09-04,66.53,67.16,66.02,66.02,66.02,1586030
2017-09-05,66.4,66.51,65.56,66.51,66.51,1613770
2017-09-06,66.12,66.51,65.9,66.39,66.39,3196520
2017-09-07,66.49,66.7,66.32,66.32,66.32,2490880
2017-09-08,66.5,66.66,65.7,66.0,66.0,2223980
2017-09-11,66.0,66.45,65.85,66.01,66.01,1378690
2017-09-12,66.38,66.39,65.99,66.02,66.02,1367570
2017-09-13,66.23,67.6,66.16,66.38,66.38,6506300
2017-09-14,66.8,66.8,59.6,66.32,66.32,4496650
2017-09-15,66.24,66.9,66.2,66.7,66.7,3160830
2017-09-18,66.75,67.1,66.59,66.97,66.97,870020
2017-09-19,67.13,69.08,66.89,69.0,69.0,10269880
2017-09-20,68.8,70.2,68.8,69.1,69.1,8109890
2017-09-21,69.2,69.65,68.19,69.08,69.08,4869160
2017-09-22,69.0,69.75,68.7,69.45,69.45,2205110
2017-09-25,69.45,69.88,68.5,68.5,68.5,1865710
2017-09-26,68.8,69.21,68.34,68.34,68.34,1642500
2017-09-27,68.5,69.15,68.5,69.08,69.08,2453850
2017-09-28,69.16,69.86,68.7,68.7,68.7,3338160
2017-09-29,69.3,69.4,68.91,69.36,69.36,2285750
2017-10-02,69.36,69.41,68.87,68.87,68.87,1073180
2017-10-03,68.9,69.15,67.5,67.9,67.9,4714170
2017-10-04,67.11,67.8,66.62,66.89,66.89,2791580
2017-10-05,66.98,67.74,66.71,67.28,67.28,4452110
2017-10-06,67.5,68.1,67.23,67.98,67.98,1696170
2017-10-09,67.79,68.19,67.46,68.14,68.14,1932880
2017-10-10,68.06,68.44,67.74,68.17,68.17,1759170
2017-10-11,67.65,68.16,67.46,67.8,67.8,3183820
2017-10-12,67.85,68.49,67.57,67.61,67.61,1636800
2017-10-13,67.8,67.8,66.82,67.5,67.5,2156310
2017-10-16,67.5,67.58,66.36,66.68,66.68,2504520
2017-10-17,66.67,66.69,66.15,66.33,66.33,1691400
2017-10-18,66.6,66.75,66.17,66.35,66.35,1949020
2017-10-19,66.2,66.57,66.17,66.17,66.17,1789330
2017-10-20,66.3,66.75,66.0,66.75,66.75,1658330
2017-10-23,66.62,67.67,66.62,67.67,67.67,2070970
2017-10-24,67.5,67.66,66.9,67.03,67.03,1967160
2017-10-25,67.14,67.6,66.37,66.65,66.65,1486830
2017-10-26,66.65,67.47,66.32,67.45,67.45,3248620
2017-10-27,67.45,67.83,67.29,67.83,67.83,1248890
2017-10-30,67.96,68.39,67.6,67.9,67.9,3245550
2017-10-31,67.61,68.3,67.61,68.3,68.3,1113260
2017-11-01,68.16,68.29,67.72,68.29,68.29,1379520
2017-11-02,68.3,68.5,67.81,68.5,68.5,2094480
2017-11-03,68.7,70.78,68.64,70.12,70.12,8501510
2017-11-07,70.69,71.37,70.22,71.17,71.17,4375370
2017-11-08,70.99,71.05,70.22,70.6,70.6,1942480
2017-11-09,70.7,73.5,70.51,71.12,71.12,5749280
2017-11-10,71.01,71.97,70.86,71.31,71.31,2862560
2017-11-13,71.31,72.94,71.12,72.43,72.43,5130550
2017-11-14,70.0,70.5,68.6,68.99,68.99,13995070
2017-11-15,68.99,69.73,68.14,68.16,68.16,4007850
2017-11-16,68.68,68.68,67.77,67.9,67.9,2828830
2017-11-17,67.9,68.38,67.68,68.0,68.0,4675080
2017-11-20,68.0,69.46,67.81,69.25,69.25,3725910
2017-11-21,69.25,69.63,67.41,67.6,67.6,6348020
2017-11-22,67.99,67.99,66.8,66.8,66.8,3996950
2017-11-23,67.3,67.3,66.22,66.5,66.5,4064350
2017-11-24,66.78,67.42,66.48,66.94,66.94,2630060
2017-11-27,66.9,67.42,66.41,66.41,66.41,4325660
2017-11-28,66.67,66.75,64.55,64.7,64.7,10979540
2017-11-29,64.88,65.27,64.0,64.4,64.4,9938810
2017-11-30,64.0,64.43,62.75,64.0,64.0,67211430
2017-12-01,65.0,65.44,63.85,64.0,64.0,13541070
2017-12-04,63.75,65.67,63.75,64.8,64.8,4017610
2017-12-05,64.8,64.84,63.7,63.79,63.79,3977550
2017-12-06,63.62,64.59,63.4,63.4,63.4,5777380
2017-12-07,63.63,64.0,63.22,63.5,63.5,4916990
2017-12-08,63.5,64.2,63.31,63.36,63.36,6260180
2017-12-11,63.76,64.39,63.63,64.39,64.39,3457010
2017-12-12,64.39,64.97,64.08,64.5,64.5,3100530
2017-12-13,64.77,64.77,64.0,64.5,64.5,3924320
2017-12-14,64.49,64.78,64.08,64.1,64.1,2354370
2017-12-15,64.15,64.3,63.58,64.3,64.3,3260910
2017-12-18,64.37,64.39,63.93,64.3,64.3,2861240
2017-12-19,64.29,64.3,63.34,63.99,63.99,2548580
2017-12-20,64.1,64.1,63.14,64.0,64.0,3117880
2017-12-21,64.29,64.4,63.86,64.15,64.15,2296880
2017-12-22,63.99,64.25,63.8,64.02,64.02,1144040
2017-12-25,64.1,64.31,63.72,63.78,63.78,365710
2017-12-26,64.0,64.0,63.38,63.74,63.74,1218140
2017-12-27,63.63,63.9,63.31,63.6,63.6,1289230
2017-12-28,63.36,63.79,63.35,63.55,63.55,790550
2017-12-29,63.34,63.98,63.21,63.9,63.9,1875160
2018-01-03,63.85,64.24,63.53,63.85,63.85,1068590
2018-01-04,64.04,64.1,63.7,63.7,63.7,1716720
2018-01-05,63.93,63.93,63.5,63.5,63.5,1650010
2018-01-09,63.88,64.52,63.67,64.22,64.22,2298960
2018-01-10,64.68,64.72,64.0,64.02,64.02,1680360
2018-01-11,64.0,64.57,63.84,64.57,64.57,2038250
2018-01-12,64.7,64.7,64.25,64.35,64.35,2349250
2018-01-15,64.4,64.83,64.23,64.58,64.58,2652530
2018-01-16,64.57,67.16,64.57,65.98,65.98,10643570
2018-01-17,65.98,66.2,65.25,65.3,65.3,5886050
2018-01-18,65.42,65.87,65.23,65.52,65.52,2848100
2018-01-19,65.5,66.3,65.5,65.77,65.77,2393830
2018-01-22,65.9,67.0,65.9,66.89,66.89,4067760
2018-01-23,67.0,67.33,66.13,66.22,66.22,3049510
2018-01-24,66.45,67.0,66.3,66.8,66.8,2656200
2018-01-25,66.72,67.25,66.01,66.01,66.01,3688720
2018-01-26,66.05,66.68,65.0,65.05,65.05,3856780
2018-01-29,65.08,65.94,64.8,65.41,65.41,2189340
2018-01-30,65.3,66.2,64.6,66.2,66.2,2694100
2018-01-31,65.95,67.0,65.41,67.0,67.0,2954630
2018-02-01,66.7,67.0,66.36,67.0,67.0,2780070
2018-02-02,66.86,67.03,65.53,65.9,65.9,2180340
2018-02-05,65.51,66.11,65.0,65.95,65.95,2945430
2018-02-06,65.04,65.35,64.57,64.86,64.86,4980400
2018-02-07,65.01,65.66,64.65,64.65,64.65,1771130
2018-02-08,64.91,65.75,64.16,65.6,65.6,3864820
2018-02-09,64.82,65.9,64.63,65.9,65.9,2414380
2018-02-12,65.93,66.25,65.25,65.49,65.49,1470700
2018-02-13,65.71,65.74,65.2,65.57,65.57,1656280
2018-02-14,65.67,65.97,65.16,65.5,65.5,1818700
2018-02-15,65.63,66.25,65.05,65.1,65.1,2801070
2018-02-16,65.62,65.78,65.26,65.48,65.48,3258930
2018-02-19,65.51,66.1,65.51,65.55,65.55,1756010
2018-02-20,65.6,66.2,65.6,65.76,65.76,1456890
2018-02-21,65.65,66.25,65.61,66.25,66.25,2140780
2018-02-22,65.99,66.64,65.81,66.45,66.45,2232100
2018-02-26,66.91,67.65,66.56,66.85,66.85,3366990
2018-02-27,66.99,68.75,66.52,67.7,67.7,5530570
2018-02-28,67.52,68.3,67.15,68.21,68.21,4052030
2018-03-01,67.72,68.34,67.36,67.97,67.97,2759010
2018-03-02,67.97,68.2,66.84,67.66,67.66,3089160
2018-03-05,67.67,68.36,67.51,68.1,68.1,2958110
2018-03-06,68.33,69.39,67.81,68.21,68.21,7132870
2018-03-07,68.04,68.28,67.61,67.81,67.81,3238460
2018-03-09,67.97,68.3,67.81,68.1,68.1,1780580
2018-03-12,68.1,68.72,68.09,68.6,68.6,3688470
2018-03-13,68.7,69.16,68.5,68.72,68.72,4246630
2018-03-14,68.93,68.97,68.25,68.93,68.93,4170470
2018-03-15,68.65,69.55,68.52,68.94,68.94,4199140
2018-03-16,68.99,69.08,68.3,68.32,68.32,6259930
2018-03-19,68.69,68.69,68.09,68.45,68.45,2349160
2018-03-20,68.41,68.57,67.8,68.22,68.22,2422810
2018-03-21,68.2,68.8,68.02,68.38,68.38,3329880
2018-03-22,68.57,68.7,67.34,67.54,67.54,5373260
2018-03-23,67.27,67.58,66.8,67.4,67.4,3108950
2018-03-26,67.37,67.4,66.13,66.6,66.6,4949170
2018-03-27,66.66,66.68,66.13,66.6,66.6,3574170
2018-03-28,66.01,66.79,66.01,66.59,66.59,4403550
2018-03-29,66.4,67.47,66.4,67.47,67.47,1409390
2018-03-30,67.4,68.0,67.2,67.75,67.75,2599310
2018-04-02,67.99,68.04,67.14,67.5,67.5,1032140
2018-04-03,67.47,67.85,67.18,67.62,67.62,1542070
2018-04-04,67.6,67.9,67.23,67.57,67.57,1526390
2018-04-05,67.65,67.89,67.47,67.52,67.52,1965960
2018-04-06,67.3,67.59,67.3,67.45,67.45,1334120
2018-04-09,67.31,67.5,61.7,64.61,64.61,13236020
2018-04-10,64.29,66.2,63.42,65.66,65.66,6529260
2018-04-11,65.4,65.4,63.71,64.46,64.46,5617050
2018-04-12,64.95,65.31,64.03,65.12,65.12,2959600
2018-04-13,65.12,65.12,63.5,63.6,63.6,3727410
2018-04-16,63.13,64.2,63.0,63.6,63.6,2932990
2018-04-17,64.05,64.5,63.77,64.5,64.5,2341890
2018-04-18,64.55,65.49,64.41,65.49,65.49,2324020
2018-04-19,65.51,65.96,64.62,65.0,65.0,2235680
2018-04-20,64.64,65.3,64.57,64.88,64.88,1204680
2018-04-23,64.57,65.43,64.57,64.78,64.78,2340800
2018-04-24,65.18,65.29,64.71,65.15,65.15,1408580
2018-04-25,64.99,65.19,64.53,65.19,65.19,1200590
2018-04-26,65.2,65.23,64.56,64.75,64.75,1905220
2018-04-27,64.92,64.99,64.63,64.99,64.99,1198720
2018-04-28,64.83,65.24,64.7,65.07,65.07,377740
2018-04-30,64.92,65.68,64.75,65.68,65.68,929300
2018-05-02,65.31,65.34,65.0,65.2,65.2,1214730
2018-05-03,65.12,65.6,64.9,65.6,65.6,1902690
2018-05-04,65.6,65.85,65.39,65.7,65.7,1627800
2018-05-07,65.73,66.1,65.71,65.9,65.9,763530
2018-05-08,65.89,65.89,65.02,65.02,65.02,2462810
2018-05-10,65.25,65.41,64.69,65.22,65.22,2521570
2018-05-11,65.26,65.44,64.95,65.0,65.0,2876230
2018-05-14,65.0,65.25,64.61,64.84,64.84,2515300
2018-05-15,64.76,66.43,64.7,65.59,65.59,4678070
2018-05-16,65.55,65.98,65.21,65.66,65.66,2292680
2018-05-17,65.93,66.0,65.09,65.36,65.36,2236860
2018-05-18,65.3,65.5,65.06,65.2,65.2,1674770
2018-05-21,65.32,65.5,65.15,65.19,65.19,1681400
2018-05-22,65.17,65.4,64.87,65.06,65.06,1942480
2018-05-23,65.1,65.25,64.82,65.24,65.24,1933760
2018-05-24,65.07,65.45,64.64,65.4,65.4,5253110
2018-05-25,65.44,66.37,65.29,66.03,66.03,9016740
2018-05-28,65.79,66.15,65.6,65.85,65.85,1621980
2018-05-29,65.85,65.85,65.05,65.08,65.08,3465130
2018-05-30,65.02,65.7,64.72,65.67,65.67,5353300
2018-05-31,65.92,66.02,65.3,65.99,65.99,6940300
2018-06-01,66.01,66.17,65.73,66.08,66.08,2040440
2018-06-04,65.98,69.0,65.98,69.0,69.0,9137950
2018-06-05,68.78,69.95,68.78,69.61,69.61,8431550
2018-06-06,70.0,70.36,68.25,68.33,68.33,5403780
2018-06-07,68.51,71.0,68.33,71.0,71.0,6259060
2018-06-08,70.53,70.99,66.33,69.86,69.86,6810560
2018-06-09,69.79,70.13,69.55,69.7,69.7,146880
2018-06-11,69.71,71.5,69.51,71.42,71.42,2436590
2018-06-13,71.35,71.4,70.11,70.5,70.5,3020280
2018-06-14,70.44,71.78,70.15,71.29,71.29,5191880
2018-06-15,71.3,71.44,68.56,68.56,68.56,7061220
2018-06-18,69.33,70.08,69.3,69.7,69.7,4503790
2018-06-19,69.1,70.04,68.92,70.04,70.04,2819810
2018-06-20,69.51,70.91,69.51,70.91,70.91,8779740
2018-06-21,70.96,71.0,69.75,70.3,70.3,2570650
2018-06-22,70.12,70.89,69.76,70.28,70.28,5105160
2018-06-25,70.26,74.3,70.25,73.95,73.95,16227120
2018-06-26,73.81,74.3,73.12,73.59,73.59,3605940
2018-06-27,73.4,73.78,72.5,72.69,72.69,3579840
2018-06-28,72.69,73.47,72.12,72.65,72.65,2096770
2018-06-29,72.65,73.69,72.65,73.22,73.22,3302450
2018-07-02,73.01,74.55,72.95,74.55,74.55,9859780
2018-07-03,74.4,74.47,73.7,74.05,74.05,2437660
2018-07-04,74.0,74.9,73.7,74.9,74.9,8727280
2018-07-05,70.01,72.7,70.01,72.5,72.5,4969290
2018-07-06,72.33,72.76,71.92,72.2,72.2,2797680
2018-07-09,72.0,73.0,72.0,72.77,72.77,2836050
2018-07-10,73.0,73.0,72.22,72.5,72.5,2748950
2018-07-11,72.17,72.37,71.54,72.1,72.1,2154930
2018-07-12,71.72,72.3,70.81,72.3,72.3,4619470
2018-07-13,72.09,72.31,71.5,71.92,71.92,1427170
2018-07-16,71.82,72.0,71.53,71.73,71.73,1271900
2018-07-17,71.49,71.65,70.67,71.62,71.62,1943210
2018-07-18,71.7,71.81,69.28,69.97,69.97,4887240
2018-07-19,69.71,69.71,68.28,68.6,68.6,8407470
2018-07-20,68.48,68.59,67.51,67.77,67.77,4815150
2018-07-23,67.64,68.22,67.52,67.87,67.87,948960
2018-07-24,67.76,68.4,67.63,68.35,68.35,1021020
2018-07-25,67.9,68.2,67.71,68.2,68.2,645380
2018-07-26,68.15,69.24,67.75,68.9,68.9,2223890
2018-07-27,68.9,69.15,68.67,69.07,69.07,2624590
2018-07-30,68.87,69.65,68.42,69.09,69.09,5580430
2018-07-31,68.99,70.68,68.82,70.3,70.3,9280560
2018-08-01,70.05,72.4,70.05,71.55,71.55,9089610
2018-08-02,71.55,72.77,71.23,71.6,71.6,13765970
2018-08-03,71.71,72.5,71.7,72.0,72.0,11143670
2018-08-06,72.21,72.21,71.3,71.7,71.7,2286820
2018-08-07,71.51,72.18,71.45,71.9,71.9,5276340
2018-08-08,71.5,72.0,71.16,71.35,71.35,10435060
2018-08-09,71.44,71.5,68.44,71.5,71.5,6728590
2018-08-10,71.5,71.59,70.35,70.87,70.87,2915480
2018-08-13,70.8,70.8,69.37,70.2,70.2,2482490
2018-08-14,69.82,70.29,69.29,69.81,69.81,1846660
2018-08-15,70.0,70.0,69.3,69.98,69.98,3611890
2018-08-16,69.91,69.91,69.57,69.78,69.78,1208890
2018-08-17,69.85,69.85,69.3,69.6,69.6,675100
2018-08-20,69.8,70.1,69.6,69.62,69.62,613310
2018-08-21,69.84,69.85,68.7,69.8,69.8,1945000
2018-08-22,69.83,69.96,68.91,69.25,69.25,934040
2018-08-23,68.95,69.56,68.8,69.12,69.12,2508190
2018-08-24,69.0,69.2,68.72,69.2,69.2,1330150
2018-08-27,69.31,69.4,65.55,68.66,68.66,1939210
2018-08-28,68.66,68.85,68.55,68.6,68.6,1233650
2018-08-29,68.61,68.74,68.36,68.64,68.64,1654480
2018-08-30,68.64,68.79,67.74,67.9,67.9,1710480
2018-08-31,67.9,68.09,67.5,67.6,67.6,1346730
2018-09-03,67.67,67.89,67.42,67.53,67.53,846470
2018-09-04,67.64,67.75,67.3,67.5,67.5,1166230
2018-09-05,67.3,67.5,67.2,67.3,67.3,1047400
2018-09-06,67.36,67.46,66.75,66.75,66.75,1481230
2018-09-07,66.75,67.15,66.02,66.58,66.58,1642710
2018-09-10,66.6,66.93,58.81,66.19,66.19,1961490
2018-09-11,66.15,67.0,65.42,66.9,66.9,3807810
2018-09-12,66.91,67.67,66.53,67.0,67.0,3202320
2018-09-13,67.0,68.6,66.65,68.5,68.5,2087580
2018-09-14,68.22,68.6,67.99,68.56,68.56,820770
2018-09-17,68.21,69.24,68.2,69.19,69.19,3274270
2018-09-18,69.1,69.59,68.67,69.2,69.2,1828710
2018-09-19,69.3,69.5,68.82,69.39,69.39,2315010
2018-09-20,69.2,72.26,69.2,70.24,70.24,8285030
2018-09-21,70.25,71.6,70.12,71.6,71.6,6047750
2018-09-24,71.48,71.49,70.62,70.9,70.9,643990
2018-09-25,70.9,71.21,69.55,70.9,70.9,5630680
2018-09-26,70.55,70.9,70.2,70.5,70.5,1483040
2018-09-27,70.2,70.65,69.95,70.6,70.6,3462980
2018-09-28,70.11,70.32,69.0,69.95,69.95,5419060
2018-10-01,69.79,70.0,67.7,69.72,69.72,1482510
2018-10-02,69.75,70.24,68.5,70.05,70.05,3503290
2018-10-03,69.86,70.25,69.8,70.0,70.0,1778730
2018-10-04,69.95,70.13,69.36,70.0,70.0,3731930
2018-10-05,69.99,70.4,69.51,69.9,69.9,2569830
2018-10-08,69.91,70.37,69.61,70.24,70.24,1183750
2018-10-09,70.16,70.74,69.65,70.28,70.28,1792100
2018-10-10,70.12,70.34,69.82,69.95,69.95,8940030
2018-10-11,69.71,70.7,69.05,70.12,70.12,5005190
2018-10-12,70.08,70.68,69.91,70.5,70.5,1968740
2018-10-15,70.65,70.98,69.1,70.2,70.2,1139270
2018-10-16,70.23,71.35,70.1,70.56,70.56,2214070
2018-10-17,70.63,71.0,70.45,70.99,70.99,773420
2018-10-18,70.78,71.58,70.59,71.32,71.32,1483050
2018-10-19,71.32,71.68,70.7,71.5,71.5,2190280
2018-10-22,71.5,71.5,69.4,70.0,70.0,1972420
2018-10-23,69.75,69.96,69.03,69.79,69.79,1725290
2018-10-24,70.01,70.45,69.5,70.0,70.0,4191780
2018-10-25,70.18,70.19,69.66,70.0,70.0,3162830
2018-10-26,69.88,70.23,69.59,69.77,69.77,5177530
2018-10-29,69.96,70.11,68.83,69.2,69.2,4022430
2018-10-30,69.12,69.95,68.45,69.7,69.7,6524520
2018-10-31,69.99,70.24,69.52,70.0,70.0,1771350
2018-11-01,70.0,71.55,69.65,70.3,70.3,5500810
2018-11-02,70.31,70.9,70.2,70.9,70.9,3240140
2018-11-06,70.9,71.43,70.47,70.62,70.62,1273520
2018-11-07,70.52,70.6,70.22,70.6,70.6,1695290
2018-11-08,70.61,70.79,69.8,70.36,70.36,1327140
2018-11-09,70.13,70.58,69.91,70.3,70.3,2517870
2018-11-12,70.38,70.72,70.24,70.72,70.72,1824490
2018-11-13,70.15,71.05,70.15,71.0,71.0,4945290
2018-11-14,71.0,71.05,70.65,71.0,71.0,2509940
2018-11-15,70.56,72.0,70.56,71.55,71.55,1302060
2018-11-16,71.63,71.63,70.72,71.32,71.32,540550
2018-11-19,71.3,71.93,70.59,71.01,71.01,879850
2018-11-20,71.07,71.31,70.6,71.15,71.15,3873650
2018-11-21,70.84,71.5,70.81,71.35,71.35,1683250
2018-11-22,71.37,71.65,71.1,71.65,71.65,308780
2018-11-23,71.5,71.65,70.87,71.5,71.5,702030
2018-11-26,70.91,72.0,70.42,71.14,71.14,1432640
2018-11-27,71.01,71.6,70.93,71.5,71.5,490640
2018-11-28,71.6,72.2,71.39,71.5,71.5,1505860
2018-11-29,70.6,71.88,70.6,71.49,71.49,1763030
2018-11-30,71.62,71.96,70.95,71.27,71.27,825850
2018-12-03,71.5,72.11,71.2,71.4,71.4,1360090
2018-12-04,71.55,71.65,70.6,70.65,70.65,1448250
2018-12-05,70.6,71.18,70.6,70.96,70.96,1654210
2018-12-06,71.0,71.25,70.69,71.25,71.25,2536120
2018-12-07,71.4,71.54,71.02,71.3,71.3,1006840
2018-12-10,70.81,71.32,70.8,71.05,71.05,1152530
2018-12-11,71.33,71.42,70.76,70.9,70.9,810630
2018-12-12,71.1,71.4,70.53,70.82,70.82,1992470
2018-12-13,70.7,71.8,70.7,71.8,71.8,2094500
2018-12-14,71.5,71.68,70.89,71.41,71.41,1550020
2018-12-17,71.2,71.7,71.12,71.3,71.3,992290
2018-12-18,71.15,71.38,71.02,71.23,71.23,2745070
2018-12-19,71.25,71.45,71.03,71.1,71.1,2879710
2018-12-20,70.93,71.25,69.7,71.15,71.15,4922270
2018-12-21,71.02,71.54,70.93,71.54,71.54,1147570
2018-12-24,71.44,71.55,71.07,71.48,71.48,954610
2018-12-25,71.25,71.25,70.75,71.1,71.1,2807750
2018-12-26,71.18,71.45,71.07,71.44,71.44,403060
2018-12-27,71.95,72.3,71.41,71.6,71.6,4107330
2018-12-28,71.6,72.71,71.59,72.33,72.33,1285300
2018-12-29,72.55,73.48,72.3,73.07,73.07,362680
2019-01-03,73.0,73.12,72.5,72.96,72.96,551390
2019-01-04,73.0,73.46,72.67,73.15,73.15,660320
2019-01-08,73.51,73.7,72.75,73.5,73.5,1026480
2019-01-09,73.64,74.13,72.82,73.76,73.76,5025410
2019-01-10,70.5,72.46,70.5,71.38,71.38,3653700
2019-01-11,71.8,72.74,71.55,72.59,72.59,1215550
2019-01-14,72.4,72.4,71.31,71.65,71.65,1055870
2019-01-15,71.56,72.45,71.5,72.0,72.0,1381760
2019-01-16,72.4,72.45,71.75,72.25,72.25,941760
2019-01-17,72.57,73.03,72.31,73.03,73.03,3013740
2019-01-18,73.09,73.29,72.53,73.05,73.05,1314540
2019-01-21,73.05,73.67,72.82,73.5,73.5,744170
2019-01-22,73.9,73.9,71.8,72.13,72.13,1473040
2019-01-23,72.07,72.99,72.07,72.97,72.97,805690
2019-01-24,73.39,74.68,72.51,73.48,73.48,2315470
2019-01-25,73.98,74.35,73.2,74.35,74.35,1331450
2019-01-28,73.99,74.62,73.06,73.29,73.29,816210
2019-01-29,73.4,73.65,72.13,73.45,73.45,891250
2019-01-30,73.25,73.42,72.5,72.84,72.84,555060
2019-01-31,73.16,73.23,72.01,72.25,72.25,3522970
2019-02-01,72.82,72.82,72.29,72.35,72.35,558410
2019-02-04,72.79,72.94,72.13,72.23,72.23,1045000
2019-02-05,72.3,72.7,72.21,72.58,72.58,769570
2019-02-06,72.53,72.6,72.35,72.56,72.56,779510
2019-02-07,72.4,72.59,71.92,72.23,72.23,731350
2019-02-08,72.03,72.65,71.99,72.38,72.38,669420
2019-02-11,72.24,73.41,72.2,73.02,73.02,1602570
2019-02-12,73.0,73.4,72.52,73.4,73.4,749330
2019-02-13,73.4,73.62,72.22,72.68,72.68,1303930
2019-02-14,72.11,72.55,71.5,72.0,72.0,1647000
2019-02-15,72.01,72.98,72.0,72.57,72.57,816280
2019-02-18,72.62,72.85,72.06,72.5,72.5,627490
2019-02-19,72.66,72.66,72.3,72.5,72.5,1147550
2019-02-20,72.72,72.8,72.3,72.5,72.5,1627560
2019-02-21,72.68,72.71,72.3,72.7,72.7,3457700
2019-02-22,72.68,73.0,72.37,73.0,73.0,2440660
2019-02-25,73.33,73.33,72.7,72.9,72.9,1039940
2019-02-26,72.79,73.12,72.58,73.0,73.0,306200
2019-02-27,73.2,73.22,72.8,73.1,73.1,439680
2019-02-28,72.84,72.91,72.35,72.9,72.9,747380
2019-03-01,72.71,72.96,72.22,72.9,72.9,1335700
2019-03-04,72.81,73.16,72.5,72.58,72.58,536920
2019-03-05,72.51,72.84,72.5,72.8,72.8,471510
2019-03-06,72.73,73.07,72.26,72.8,72.8,585410
2019-03-07,72.8,72.9,72.48,72.84,72.84,755770
2019-03-11,72.79,72.89,72.45,72.84,72.84,680830
2019-03-12,72.76,72.8,72.06,72.48,72.48,2329070
2019-03-13,72.75,72.9,71.53,72.9,72.9,2818090
2019-03-14,72.8,72.87,72.5,72.68,72.68,620910
2019-03-15,72.72,73.1,72.6,72.6,72.6,9983130
2019-03-18,72.6,73.86,72.44,73.7,73.7,1756940
2019-03-19,74.3,74.3,73.52,73.55,73.55,887150
2019-03-20,73.4,73.64,72.63,72.83,72.83,944620
2019-03-21,73.23,74.0,72.73,72.86,72.86,1936470
2019-03-22,72.99,73.25,72.59,72.93,72.93,1398510
2019-03-25,72.76,72.95,72.36,72.78,72.78,1318870
2019-03-26,72.77,72.96,72.5,72.77,72.77,696400
2019-03-27,72.73,73.27,72.39,72.84,72.84,1396590
2019-03-28,72.95,72.98,72.5,72.98,72.98,678100
2019-03-29,72.97,73.1,72.51,72.51,72.51,1411560
2019-04-01,72.41,72.86,72.22,72.86,72.86,751410
2019-04-02,73.0,73.01,72.4,72.5,72.5,959460
2019-04-03,72.7,72.78,72.46,72.74,72.74,407840
2019-04-04,72.76,73.0,72.4,72.98,72.98,439710
2019-04-05,73.0,73.4,72.82,73.24,73.24,2432610
2019-04-08,73.13,73.83,73.13,73.5,73.5,586090
2019-04-09,73.87,74.1,73.58,74.0,74.0,878060
2019-04-10,74.1,74.34,73.68,74.34,74.34,3449880
2019-04-11,74.21,74.33,73.8,73.8,73.8,836210
2019-04-12,73.93,74.17,73.4,73.78,73.78,628710
2019-04-15,73.61,73.71,73.25,73.25,73.25,388200
2019-04-16,73.41,73.68,73.25,73.59,73.59,987880
2019-04-17,73.79,74.0,73.31,73.7,73.7,841770
2019-04-18,73.89,73.9,73.3,73.9,73.9,651430
2019-04-19,73.97,74.0,73.63,73.94,73.94,153500
2019-04-22,74.02,74.28,73.52,73.56,73.56,157900
2019-04-23,73.64,74.02,71.55,74.02,74.02,982650
2019-04-24,74.0,74.0,73.65,73.97,73.97,661950
2019-04-25,74.03,74.03,73.43,73.9,73.9,700010
2019-04-26,73.81,74.19,73.7,74.02,74.02,1298400
2019-04-29,74.19,74.94,74.0,74.36,74.36,1397650
2019-04-30,74.37,74.55,73.65,74.0,74.0,1584270
2019-05-02,73.91,74.58,73.65,74.51,74.51,317840
2019-05-03,74.7,77.89,74.4,75.8,75.8,3030100
2019-05-06,75.66,76.26,74.85,75.75,75.75,714450
2019-05-07,75.69,77.42,75.69,76.65,76.65,1112650
2019-05-08,76.66,76.66,75.01,75.62,75.62,916290
2019-05-10,75.62,76.9,73.91,74.4,74.4,3252360
2019-05-13,74.84,74.84,73.55,74.73,74.73,1991820
2019-05-14,74.0,77.77,74.0,77.73,77.73,2570860
2019-05-15,77.85,78.99,77.38,78.2,78.2,2938870
2019-05-16,78.01,80.84,78.01,80.23,80.23,2890000
2019-05-17,80.0,82.0,78.11,81.99,81.99,3265050
2019-05-20,81.52,82.6,80.81,81.36,81.36,1843520
2019-05-21,81.48,82.48,79.65,80.0,80.0,2080890
2019-05-22,80.3,80.96,79.31,80.75,80.75,1378990
2019-05-23,81.0,81.0,78.25,78.74,78.74,1641460
2019-05-24,79.2,80.0,78.5,79.84,79.84,2030650
2019-05-27,79.6,81.5,79.6,81.33,81.33,2210240
2019-05-28,81.33,81.89,77.54,77.54,77.54,8935180
2019-05-29,77.6,77.84,76.87,77.21,77.21,3569450
2019-05-30,77.4,78.0,77.33,77.48,77.48,1133650
2019-05-31,77.34,77.54,76.2,76.99,76.99,1723310
2019-06-03,76.77,77.73,75.8,76.9,76.9,2446700
2019-06-04,77.28,77.69,76.25,77.32,77.32,1449460
2019-06-05,77.7,77.7,76.5,76.86,76.86,1642380
2019-06-06,77.24,78.24,76.9,78.18,78.18,1940190
2019-06-07,78.3,78.53,77.2,78.2,78.2,1851480
2019-06-10,78.36,78.7,77.47,78.05,78.05,1644110
2019-06-11,78.49,79.17,77.77,78.02,78.02,1607950
2019-06-13,78.0,78.5,77.52,77.78,77.78,1216310
2019-06-14,78.25,78.64,77.62,77.7,77.7,1184430
2019-06-17,77.65,79.18,77.65,78.72,78.72,1112650
2019-06-18,78.93,80.69,78.91,80.37,80.37,1829900
2019-06-19,80.4,81.4,80.4,80.73,80.73,1136230
2019-06-20,80.82,82.88,80.82,82.01,82.01,2874550
2019-06-21,81.91,81.91,80.28,80.28,80.28,4621660
2019-06-24,80.31,80.87,80.04,80.3,80.3,854840
2019-06-25,80.36,80.46,79.76,80.28,80.28,851110
2019-06-26,80.52,80.98,79.88,80.44,80.44,1452090
2019-06-27,81.0,81.59,80.1,80.29,80.29,1019180
2019-06-28,80.49,81.3,80.1,81.15,81.15,1397920
2019-07-01,81.64,81.64,80.0,80.25,80.25,3625000
2019-07-02,80.21,80.81,79.11,80.66,80.66,2864520
2019-07-03,78.5,79.49,78.49,79.19,79.19,3368970
2019-07-04,78.64,79.46,78.64,79.15,79.15,709520
2019-07-05,79.22,80.32,79.07,79.37,79.37,2485210
2019-07-08,79.3,79.8,79.0,79.7,79.7,3350180
2019-07-09,79.8,79.97,79.4,79.4,79.4,1312970
2019-07-10,79.4,79.75,79.1,79.5,79.5,1162890
2019-07-11,79.63,79.99,79.45,79.99,79.99,1541130
2019-07-12,79.83,79.99,79.6,79.76,79.76,633500
2019-07-15,79.88,80.94,79.2,80.72,80.72,1292770
2019-07-16,80.41,80.89,79.87,80.19,80.19,1881740
2019-07-17,80.2,80.85,80.19,80.85,80.85,1501550
2019-07-18,80.52,82.75,80.5,82.75,82.75,1471500
2019-07-19,82.55,84.5,82.55,84.11,84.11,2044730
2019-07-22,84.45,84.45,82.25,82.25,82.25,1058080
2019-07-23,82.74,83.32,81.3,83.32,83.32,979630
2019-07-24,83.33,83.61,82.3,82.65,82.65,778130
2019-07-25,82.66,83.8,82.01,83.1,83.1,918040
2019-07-26,83.29,83.3,81.52,81.91,81.91,1143220
2019-07-29,82.33,83.59,81.98,83.4,83.4,971340
2019-07-30,83.5,83.75,82.45,82.89,82.89,942640
2019-07-31,82.67,83.49,81.7,82.46,82.46,2062330
2019-08-01,82.38,82.85,81.35,82.85,82.85,1034910
2019-08-02,82.03,82.79,81.76,82.3,82.3,1466980
2019-08-05,82.48,82.48,80.81,81.91,81.91,1231920
2019-08-06,81.39,82.64,81.38,82.4,82.4,1027610
2019-08-07,82.4,82.55,81.55,82.06,82.06,1127970
2019-08-08,82.0,82.59,81.84,81.84,81.84,1095030
2019-08-09,82.0,82.3,81.01,81.57,81.57,568640
2019-08-12,81.94,81.98,81.15,81.59,81.59,581550
2019-08-13,81.76,81.99,81.24,81.57,81.57,1357410
2019-08-14,82.23,82.23,81.19,81.32,81.32,1330870
2019-08-15,81.33,81.91,81.01,81.79,81.79,769230
2019-08-16,81.8,82.03,80.41,82.0,82.0,1239150
2019-08-19,81.53,81.89,75.1,81.53,81.53,1258020
2019-08-20,81.0,81.99,80.83,81.99,81.99,994650
2019-08-21,82.01,82.24,80.77,81.19,81.19,1299800
2019-08-22,81.0,81.62,80.6,81.0,81.0,1681230
2019-08-23,80.96,81.33,80.81,81.0,81.0,1069720
2019-08-26,80.7,81.4,80.35,81.0,81.0,416550
2019-08-27,80.7,81.24,80.7,81.24,81.24,1076490
2019-08-28,81.0,81.23,80.8,80.99,80.99,1306790
2019-08-29,80.75,81.09,80.75,81.0,81.0,731560
2019-08-30,81.19,81.19,80.63,81.01,81.01,1051210
2019-09-02,81.01,81.1,80.3,80.8,80.8,1193900
2019-09-03,80.7,80.79,80.5,80.7,80.7,1789050
2019-09-04,81.16,81.77,80.5,80.6,80.6,1018330
2019-09-05,81.36,82.54,71.11,80.3,80.3,3357900
2019-09-06,80.31,80.83,79.84,80.44,80.44,847580
2019-09-09,80.37,80.9,79.92,80.3,80.3,1519730
2019-09-10,79.96,80.28,78.73,79.36,79.36,1214770
2019-09-11,79.2,79.86,78.51,78.51,78.51,1422690
2019-09-12,78.61,78.81,77.29,78.0,78.0,4318320
2019-09-13,78.0,79.89,77.64,79.8,79.8,1542410
2019-09-16,80.0,80.29,79.0,79.7,79.7,1347730
2019-09-17,79.5,79.99,78.62,79.3,79.3,920040
2019-09-18,79.3,79.75,78.5,78.5,78.5,907930
2019-09-19,78.84,79.42,78.53,78.6,78.6,1787750
2019-09-20,78.4,79.18,78.4,79.18,79.18,1863740
2019-09-23,79.2,79.79,78.51,79.31,79.31,828390
2019-09-24,79.72,79.97,78.3,78.3,78.3,1232580
2019-09-25,78.4,79.08,78.1,78.81,78.81,574480
2019-09-26,79.03,79.26,78.55,78.98,78.98,655560
2019-09-27,78.98,79.36,78.2,78.2,78.2,788500
2019-09-30,78.38,79.03,78.31,78.5,78.5,1191700
2019-10-01,78.69,79.5,78.5,78.54,78.54,440550
2019-10-02,78.8,78.89,78.32,78.6,78.6,478790
2019-10-03,78.73,79.43,78.31,79.09,79.09,680900
2019-10-04,79.1,79.33,78.5,78.76,78.76,1023960
2019-10-07,79.15,79.2,78.5,78.62,78.62,793260
2019-10-08,78.52,78.83,78.45,78.7,78.7,1093890
2019-10-09,78.51,79.58,78.51,79.58,79.58,930000
2019-10-10,79.41,79.97,78.63,78.94,78.94,2057660
2019-10-11,79.39,79.39,78.62,79.12,79.12,1240780
2019-10-14,79.25,79.41,78.62,79.0,79.0,549650
2019-10-15,79.28,79.28,78.26,79.0,79.0,2103910
2019-10-16,79.04,79.17,78.73,78.78,78.78,701340
2019-10-17,78.75,80.94,78.56,80.0,80.0,2618570
2019-10-18,80.02,80.29,78.65,78.94,78.94,1423110
2019-10-21,78.88,79.84,78.5,79.63,79.63,729760
2019-10-22,79.63,79.95,79.12,79.5,79.5,581510
2019-10-23,79.5,79.7,78.8,79.35,79.35,1164310
2019-10-24,79.2,79.57,78.51,78.79,78.79,991040
2019-10-25,79.0,79.0,78.38,78.69,78.69,833450
2019-10-28,78.69,79.44,78.69,79.43,79.43,1102110
2019-10-29,79.22,79.45,78.7,79.16,79.16,790270
2019-10-30,78.92,79.13,78.64,79.09,79.09,561930
2019-10-31,79.04,79.13,78.11,78.5,78.5,1751040
2019-11-01,78.78,79.0,78.17,78.95,78.95,1251270
2019-11-05,79.35,79.49,79.06,79.39,79.39,1375870
2019-11-06,79.35,79.69,78.92,79.02,79.02,1250520
2019-11-07,79.79,79.88,78.94,78.94,78.94,2057450
2019-11-08,79.18,79.3,78.9,79.19,79.19,1987900
2019-11-11,79.28,79.51,78.71,79.2,79.2,2337000
2019-11-12,79.2,84.5,79.15,84.03,84.03,13063450
2019-11-13,85.71,87.92,80.7,81.47,81.47,16543470
2019-11-14,81.13,81.79,79.9,80.3,80.3,3541870
2019-11-15,80.6,81.25,80.3,80.6,80.6,1739080
2019-11-18,80.61,81.15,80.04,80.47,80.47,1307730
2019-11-19,80.24,81.57,80.21,81.09,81.09,2058850
2019-11-20,81.07,81.07,80.05,80.05,80.05,765340
2019-11-21,80.01,80.57,79.59,80.5,80.5,1288100
2019-11-22,80.26,80.59,79.9,79.92,79.92,1268770
2019-11-25,80.14,80.46,79.75,80.46,80.46,1036110
2019-11-26,80.55,81.4,80.11,81.4,81.4,3349360
2019-11-27,81.07,81.5,80.32,80.85,80.85,1543590
2019-11-28,81.46,81.47,80.3,80.5,80.5,645060
2019-11-29,80.46,80.79,79.85,80.5,80.5,671530
2019-12-02,80.52,80.74,80.0,80.05,80.05,652120
2019-12-03,80.1,80.25,78.87,79.54,79.54,933470
2019-12-04,79.54,80.7,79.15,80.7,80.7,897460
2019-12-05,80.7,80.84,80.0,80.49,80.49,704040
2019-12-06,80.7,80.75,80.2,80.74,80.74,736590
2019-12-09,80.33,80.9,80.04,80.47,80.47,712910
2019-12-10,80.22,80.56,79.88,80.4,80.4,1399030
2019-12-11,80.6,80.75,79.96,80.0,80.0,1816020
2019-12-12,80.35,80.56,79.89,80.0,80.0,1044340
2019-12-13,80.2,80.24,79.74,80.01,80.01,686330
2019-12-16,80.15,80.3,79.5,79.6,79.6,1301970
2019-12-17,79.79,80.2,79.32,80.2,80.2,1499690
2019-12-18,80.18,80.46,79.7,79.9,79.9,2116360
2019-12-19,79.9,80.06,79.37,79.96,79.96,2476730
2019-12-20,79.91,80.15,79.11,79.11,79.11,2295260
2019-12-23,79.4,79.75,78.64,78.79,78.79,1591000
2019-12-24,79.1,79.12,78.64,78.8,78.8,598330
2019-12-25,78.82,79.14,78.58,79.07,79.07,874860
2019-12-26,79.25,79.42,78.65,78.98,78.98,574730
2019-12-27,79.0,79.28,78.6,78.99,78.99,813280
2019-12-30,79.12,79.12,78.36,78.36,78.36,911190
2020-01-03,78.76,79.52,78.36,78.85,78.85,1109890
2020-01-06,79.22,79.22,78.44,78.55,78.55,744980
2020-01-08,79.0,79.34,78.55,79.0,79.0,1426700
2020-01-09,79.2,84.0,79.03,83.96,83.96,11123380
2020-01-10,84.18,84.25,81.42,83.5,83.5,5281600
2020-01-13,83.45,83.5,82.2,82.2,82.2,2086610
2020-01-14,82.6,83.58,81.5,82.99,82.99,2563390
2020-01-15,83.1,86.44,82.44,86.0,86.0,10627180
2020-01-16,86.0,86.59,84.5,85.89,85.89,6812140
2020-01-17,85.95,86.9,85.02,86.9,86.9,3438380
2020-01-20,86.99,87.85,86.43,87.3,87.3,2410830
2020-01-21,86.76,87.1,85.7,87.1,87.1,2165120
2020-01-22,87.17,87.76,86.5,86.5,86.5,2146630
2020-01-23,86.2,87.46,85.04,86.4,86.4,1548510
2020-01-24,86.82,87.1,86.0,86.2,86.2,1321010
2020-01-27,85.74,86.18,84.74,85.8,85.8,2410420
2020-01-28,85.92,86.17,85.02,85.3,85.3,1385380
2020-01-29,85.79,87.5,85.65,87.2,87.2,1849870
2020-01-30,87.2,89.91,86.54,88.4,88.4,4011480
2020-01-31,88.94,89.33,88.0,88.0,88.0,2561040
2020-02-03,87.29,88.87,87.03,87.7,87.7,1746430
2020-02-04,88.24,89.62,87.88,89.32,89.32,2335470
2020-02-05,89.5,91.3,88.53,90.5,90.5,3880800
2020-02-06,91.28,91.37,88.9,88.91,88.91,2175350
2020-02-07,89.05,89.9,87.84,88.2,88.2,2171590
2020-02-10,88.86,90.8,88.02,90.69,90.69,3175090
2020-02-11,90.99,91.95,88.69,91.95,91.95,3617490
2020-02-12,92.0,92.02,90.1,91.0,91.0,2353510
2020-02-13,90.97,91.32,89.56,90.07,90.07,2084220
2020-02-14,90.24,91.28,89.8,90.25,90.25,1732560
2020-02-17,90.98,91.2,90.01,90.22,90.22,747510
2020-02-18,90.22,90.39,88.01,89.02,89.02,2405480
2020-02-19,89.5,90.16,88.13,89.77,89.77,2205130
2020-02-20,89.11,90.24,89.11,89.29,89.29,1202690
2020-02-21,89.28,89.47,88.1,89.24,89.24,1014140
2020-02-25,88.2,90.27,87.6,89.2,89.2,1722220
2020-02-26,88.11,89.4,85.97,88.2,88.2,2656610
2020-02-27,87.94,88.42,86.0,86.5,86.5,4961300
2020-02-28,85.54,86.86,79.89,86.68,86.68,7305000
2020-03-02,86.86,88.55,82.2,86.92,86.92,4538770
2020-03-03,87.67,87.81,84.35,86.36,86.36,5241350
2020-03-04,85.38,85.38,82.25,83.93,83.93,3714930
2020-03-05,84.03,84.6,80.68,82.27,82.27,4187340
2020-03-06,81.5,81.79,78.0,80.17,80.17,6291610
2020-03-10,75.0,80.76,72.51,75.0,75.0,8835420
2020-03-11,76.0,76.0,71.56,71.56,71.56,5458550
2020-03-12,69.89,70.98,63.5,64.0,64.0,11210840
2020-03-13,64.98,68.6,63.18,64.15,64.15,9970030
2020-03-16,65.0,67.75,62.16,67.18,67.18,7629900
2020-03-17,67.75,68.27,64.74,68.27,68.27,5208340
2020-03-18,68.0,68.96,65.0,68.0,68.0,5037310
2020-03-19,67.46,70.1,65.26,69.5,69.5,6569230
2020-03-20,70.0,71.5,66.37,66.37,66.37,8849140
2020-03-23,64.89,66.0,63.27,65.4,65.4,6297030
2020-03-24,66.0,67.76,65.91,67.1,67.1,6288900
2020-03-25,67.99,71.9,66.01,68.07,68.07,7403330
2020-03-26,68.93,72.5,66.6,69.88,69.88,5226560
2020-03-27,70.81,71.86,67.05,67.19,67.19,3377630
2020-03-30,67.0,71.05,66.92,70.72,70.72,3948630
2020-03-31,72.0,74.0,65.71,74.0,74.0,6360560
2020-04-01,74.0,74.0,71.18,72.0,72.0,4102430
2020-04-02,73.7,73.88,71.56,72.0,72.0,5060860
2020-04-03,72.0,75.96,71.74,73.59,73.59,5122030
2020-04-06,74.5,78.2,74.04,76.53,76.53,5224660
2020-04-07,78.06,79.5,77.59,78.67,78.67,6171580
2020-04-08,78.7,79.0,76.3,79.0,79.0,3631170
2020-04-09,79.88,80.0,77.9,78.45,78.45,3892650
2020-04-10,78.89,78.89,77.3,78.17,78.17,1706240
2020-04-13,77.9,77.94,76.0,77.0,77.0,1793240
2020-04-14,77.19,79.57,77.19,78.7,78.7,2945100
2020-04-15,78.48,79.93,77.79,77.81,77.81,7455280
2020-04-16,77.87,79.47,73.0,78.13,78.13,5475470
2020-04-17,79.5,80.94,78.0,78.26,78.26,3162420
2020-04-20,78.55,79.68,77.81,78.06,78.06,3050920
2020-04-21,77.01,78.52,75.0,77.08,77.08,4945210
2020-04-22,76.9,79.1,76.53,77.23,77.23,3502300
2020-04-23,78.4,79.05,77.23,78.0,78.0,2546620
2020-04-24,78.08,79.3,77.28,77.38,77.38,3680800
2020-04-27,77.89,79.19,77.5,79.12,79.12,2245610
2020-04-28,79.0,82.2,78.71,81.9,81.9,5034120
2020-04-29,82.0,83.13,81.34,82.7,82.7,3856060
2020-04-30,83.33,83.78,80.4,82.1,82.1,4146900
2020-05-04,81.4,83.3,79.39,82.76,82.76,3153170
2020-05-05,82.69,83.85,81.6,82.42,82.42,3076270
2020-05-06,82.55,82.68,81.34,81.6,81.6,2763390
2020-05-07,81.66,82.85,81.57,81.94,81.94,1417930
2020-05-08,82.5,82.72,81.02,82.55,82.55,1295340
2020-05-12,82.79,82.97,81.7,81.8,81.8,1501730
2020-05-13,81.71,81.73,79.92,80.15,80.15,1837920
2020-05-14,79.75,82.0,79.73,81.95,81.95,2582540
2020-05-15,82.13,82.9,80.73,80.88,80.88,2715140
2020-05-18,81.1,82.69,81.1,82.38,82.38,3228620
2020-05-19,82.89,83.9,81.91,82.84,82.84,4232350
2020-05-20,82.92,83.41,82.05,82.2,82.2,2655140
2020-05-21,82.67,82.68,81.26,81.46,81.46,2457750
2020-05-22,81.2,81.75,80.74,81.62,81.62,2029070
2020-05-25,81.7,82.48,81.7,82.03,82.03,1288290
2020-05-26,82.22,82.94,81.13,81.52,81.52,2152750
2020-05-27,81.52,82.6,80.24,81.21,81.21,3012990
2020-05-28,81.5,82.4,80.77,82.4,82.4,2537670
2020-05-29,82.0,82.92,81.21,82.92,82.92,3893660
2020-06-01,83.0,83.52,82.01,83.5,83.5,2869700
2020-06-02,83.55,85.1,83.01,84.44,84.44,4026370
2020-06-03,84.65,85.58,83.0,84.72,84.72,2987310
2020-06-04,84.78,85.12,83.18,85.0,85.0,3190490
2020-06-05,85.0,85.11,84.02,84.9,84.9,1984390
2020-06-08,84.9,84.9,83.93,84.2,84.2,1642630
2020-06-09,84.21,84.9,83.07,84.9,84.9,2520710
2020-06-10,84.36,85.3,84.02,84.98,84.98,3038190
2020-06-11,84.54,85.35,82.71,84.0,84.0,2991300
2020-06-15,82.82,83.9,81.24,82.68,82.68,4315300
2020-06-16,83.03,83.5,80.67,82.56,82.56,9504330
2020-06-17,82.33,83.5,81.91,82.69,82.69,2405830
2020-06-18,82.71,84.87,82.15,84.5,84.5,4460920
2020-06-19,84.51,86.8,84.18,86.8,86.8,6043090
2020-06-22,86.1,86.6,85.05,86.0,86.0,2708180
2020-06-23,86.39,86.43,85.01,85.26,85.26,3132950
2020-06-25,84.5,87.99,83.23,86.96,86.96,5574170
2020-06-26,87.74,89.78,85.96,89.12,89.12,5643990
2020-06-29,89.19,90.37,87.54,87.7,87.7,3809950
2020-06-30,88.37,89.91,87.7,87.7,87.7,3506800
2020-07-02,88.2,88.48,87.5,87.63,87.63,1854160
2020-07-03,88.38,88.38,87.63,88.09,88.09,1139630
2020-07-06,88.42,90.25,88.42,89.1,89.1,5007470
2020-07-07,89.12,89.55,87.72,88.0,88.0,2421810
2020-07-08,88.24,88.54,86.6,86.6,86.6,2127430
2020-07-09,87.17,87.86,85.6,85.6,85.6,1632210
2020-07-10,85.94,87.56,85.3,87.03,87.03,1290290
2020-07-13,87.49,88.0,86.54,86.85,86.85,1149060
2020-07-14,86.84,86.95,84.81,85.7,85.7,2357850
2020-07-15,85.91,87.07,85.91,86.5,86.5,1358830
2020-07-16,86.79,87.29,86.52,86.7,86.7,1619270
2020-07-17,86.71,87.5,86.71,86.98,86.98,1674690
2020-07-20,87.1,88.66,86.54,88.64,88.64,1535500
2020-07-21,88.5,90.85,84.08,88.1,88.1,4735790
2020-07-22,88.5,90.77,88.41,89.87,89.87,3149270
2020-07-23,90.41,90.42,89.6,89.63,89.63,2237210
2020-07-24,89.62,90.34,88.91,89.5,89.5,1126570
2020-07-27,90.26,90.65,89.47,90.0,90.0,1452980
2020-07-28,90.0,91.14,90.0,90.23,90.23,1501280
2020-07-29,90.8,91.91,90.0,91.24,91.24,3180980
2020-07-30,91.91,91.91,89.67,90.22,90.22,1881170
2020-07-31,90.4,90.81,89.88,89.88,89.88,1546710
2020-08-03,90.2,91.22,90.2,90.7,90.7,1636510
2020-08-04,91.11,93.35,90.64,93.28,93.28,4515000
2020-08-05,93.98,97.75,93.31,97.74,97.74,9700670
2020-08-06,97.0,97.34,95.16,96.56,96.56,5942710
2020-08-07,95.56,97.73,95.2,96.11,96.11,3568900
2020-08-10,96.11,97.45,95.75,96.83,96.83,2965820
2020-08-11,96.68,98.11,96.0,97.25,97.25,4202920
2020-08-12,96.87,97.71,96.55,97.48,97.48,3389480
2020-08-13,97.57,98.49,97.31,98.18,98.18,3922170
2020-08-14,98.07,99.58,97.47,99.28,99.28,4564500
2020-08-17,99.0,100.84,98.55,99.94,99.94,6956980
2020-08-18,99.99,100.5,99.21,100.15,100.15,4784310
2020-08-19,99.95,101.79,99.5,101.5,101.5,7814200
2020-08-20,96.8,98.15,96.53,97.45,97.45,8697630
2020-08-21,98.0,98.8,95.29,96.62,96.62,3666970
2020-08-24,97.38,98.28,96.68,97.79,97.79,3771820
2020-08-25,97.62,98.34,96.64,96.91,96.91,2719400
2020-08-26,96.86,98.29,96.84,97.81,97.81,2298550
2020-08-27,98.01,98.28,96.91,96.95,96.95,1808580
2020-08-28,97.06,98.4,96.6,97.14,97.14,3471010
2020-08-31,97.51,98.2,95.66,96.63,96.63,4046150
2020-09-01,96.81,97.94,96.12,97.29,97.29,2532900
2020-09-02,97.8,97.92,95.65,95.97,95.97,3104470
2020-09-03,96.15,97.4,96.01,96.88,96.88,2716450
2020-09-04,96.77,97.98,96.62,97.23,97.23,3089220
2020-09-07,97.07,97.35,95.8,96.46,96.46,2588180
2020-09-08,96.55,96.71,93.62,95.01,95.01,3222050
2020-09-09,95.0,95.68,93.93,94.5,94.5,2178760
2020-09-10,94.68,95.18,94.11,94.82,94.82,1268840
2020-09-11,94.79,95.47,94.46,94.92,94.92,1785700
2020-09-14,95.19,98.03,94.98,95.37,95.37,2621190
2020-09-15,95.85,96.8,95.07,96.19,96.19,2350290
2020-09-16,96.3,97.5,95.95,96.7,96.7,3223460
2020-09-17,96.5,97.5,96.29,96.98,96.98,3041700
2020-09-18,97.0,98.0,96.5,97.56,97.56,5563650
2020-09-21,97.5,97.72,96.25,96.73,96.73,1883910
2020-09-22,96.75,98.47,96.69,97.28,97.28,3326180
2020-09-23,97.36,100.35,97.01,98.21,98.21,5774270
2020-09-24,98.91,99.04,95.9,96.79,96.79,3647040
2020-09-25,97.65,98.88,96.71,98.5,98.5,1774790
2020-09-28,98.33,99.98,98.01,99.25,99.25,1798150
2020-09-29,99.6,100.02,97.36,99.44,99.44,2536900
2020-09-30,98.84,100.1,97.87,98.41,98.41,3712600
2020-10-01,98.45,98.7,96.15,96.87,96.87,2997790
2020-10-02,96.4,97.3,95.91,97.02,97.02,1983110
2020-10-05,97.35,97.35,94.43,95.98,95.98,4155270
2020-10-06,96.27,96.76,95.68,96.21,96.21,1410210
2020-10-07,96.43,96.56,94.85,95.56,95.56,1391670
2020-10-08,95.6,95.6,94.5,94.8,94.8,2148360
2020-10-09,94.95,94.95,92.56,92.9,92.9,2252170
2020-10-12,92.9,94.29,92.56,93.89,93.89,3930030
2020-10-13,94.27,95.7,93.5,94.41,94.41,2986630
2020-10-14,94.74,95.74,93.95,94.99,94.99,2163170
2020-10-15,94.7,95.12,93.2,93.48,93.48,1417890
2020-10-16,93.88,94.79,92.41,94.18,94.18,1669730
2020-10-19,94.0,94.8,92.92,93.68,93.68,1161620
2020-10-20,93.43,95.38,92.91,95.04,95.04,2729220
2020-10-21,95.15,96.34,93.52,94.05,94.05,3164860
2020-10-22,94.39,95.5,93.88,94.71,94.71,1862130
2020-10-23,95.26,95.71,94.51,95.35,95.35,1881670
2020-10-26,95.1,95.98,94.55,95.14,95.14,2132390
2020-10-27,95.4,95.6,93.64,93.83,93.83,2147760
2020-10-28,94.14,94.3,91.38,92.26,92.26,2417330
2020-10-29,92.2,93.37,91.41,92.45,92.45,1802810
2020-10-30,92.51,92.8,90.62,92.38,92.38,2616870
2020-11-02,92.43,93.0,91.12,93.0,93.0,1998700
2020-11-03,93.46,93.59,92.33,93.27,93.27,2333940
2020-11-05,93.61,94.39,93.19,93.89,93.89,2605910
2020-11-06,93.9,94.03,92.9,93.97,93.97,1730780
2020-11-09,94.96,98.0,94.32,95.6,95.6,4461850
2020-11-10,95.91,96.51,94.04,95.9,95.9,3089990
2020-11-11,96.85,97.5,94.57,95.15,95.15,4623260
2020-11-12,95.15,97.0,94.51,96.29,96.29,3308230
2020-11-13,96.4,97.05,96.0,96.89,96.89,2244680
2020-11-16,97.0,97.49,95.2,96.1,96.1,3169470
2020-11-17,96.41,96.79,94.85,95.74,95.74,3262030
2020-11-18,95.04,97.14,95.04,96.49,96.49,1849820
2020-11-19,96.8,96.8,94.89,95.17,95.17,2367600
2020-11-20,95.6,95.64,94.6,94.84,94.84,1354380
2020-11-23,95.28,96.46,95.07,95.5,95.5,2666580
2020-11-24,96.17,96.58,94.0,95.2,95.2,3339120
2020-11-25,95.3,95.6,94.34,95.03,95.03,2820540
2020-11-26,95.15,95.44,94.31,94.85,94.85,1494980
2020-11-27,95.0,96.79,94.69,96.18,96.18,2144670
2020-11-30,96.44,96.44,94.71,95.67,95.67,3066740
2020-12-01,95.84,96.19,95.1,95.9,95.9,1705400
2020-12-02,95.99,96.4,95.2,96.24,96.24,1929200
2020-12-03,96.03,97.99,95.92,97.25,97.25,3691630
2020-12-04,97.53,98.12,96.84,97.68,97.68,2377890
2020-12-07,97.86,97.98,96.15,96.53,96.53,2269970
2020-12-08,96.95,98.09,96.32,97.5,97.5,2416580
2020-12-09,97.5,97.94,96.15,96.98,96.98,3263300
2020-12-10,96.58,97.48,96.58,97.03,97.03,1675960
2020-12-11,97.12,97.5,96.02,96.27,96.27,1391150
2020-12-14,96.9,97.1,96.12,96.22,96.22,1500240
2020-12-15,96.13,96.44,95.13,95.64,95.64,2046660
2020-12-16,95.31,96.02,95.24,95.71,95.71,2090910
2020-12-17,95.82,96.27,94.66,95.6,95.6,3679470
2020-12-18,95.49,95.71,94.71,95.29,95.29,2639200
2020-12-21,95.35,95.35,92.1,94.35,94.35,3445330
2020-12-22,94.0,95.2,93.66,94.49,94.49,1834010
2020-12-23,94.78,94.79,93.33,93.99,93.99,2783680
2020-12-24,94.19,95.18,93.56,94.74,94.74,1093770
2020-12-25,95.0,95.19,94.36,94.95,94.95,605330
2020-12-28,94.77,95.45,94.77,95.22,95.22,1074980
2020-12-29,95.3,96.6,95.04,95.91,95.91,1955840
2020-12-30,96.2,97.06,95.68,96.52,96.52,3358700
2021-01-04,97.47,98.6,96.51,96.86,96.86,1927090
2021-01-05,97.19,101.5,96.41,100.38,100.38,5750770
2021-01-06,100.6,100.87,98.63,99.16,99.16,3260270
2021-01-08,99.96,101.18,99.32,100.29,100.29,3092370
2021-01-11,99.99,100.62,98.31,99.58,99.58,3187730
2021-01-12,99.81,100.75,98.76,99.17,99.17,2686560
2021-01-13,99.42,99.9,98.26,99.0,99.0,2230630
2021-01-14,99.2,99.91,98.48,98.94,98.94,2442620
2021-01-15,98.62,99.58,98.35,98.93,98.93,2885150
2021-01-18,98.88,100.2,98.44,99.9,99.9,1877100
2021-01-19,100.0,101.13,98.7,98.76,98.76,3934110
2021-01-20,99.58,102.2,98.82,101.49,101.49,4895690
2021-01-21,101.87,104.26,100.6,101.17,101.17,6298180
2021-01-22,100.45,103.11,100.28,103.09,103.09,2924060
2021-01-25,102.9,105.17,102.55,104.64,104.64,8710970
2021-01-26,104.5,106.26,101.28,105.5,105.5,9208830
2021-01-27,105.55,105.98,103.0,103.61,103.61,4005970
2021-01-28,104.0,105.0,102.7,104.54,104.54,3009760
2021-01-29,104.19,105.48,100.61,101.03,101.03,4476810
2021-02-01,101.6,103.34,100.07,103.03,103.03,2315560
2021-02-02,102.6,103.7,102.0,102.36,102.36,1886330
2021-02-03,102.52,104.17,101.9,103.9,103.9,2066390
2021-02-04,103.6,104.57,103.2,104.46,104.46,2221390
2021-02-05,104.11,104.45,103.37,104.13,104.13,1896960
2021-02-08,104.49,105.84,103.63,105.6,105.6,2353020
2021-02-09,105.5,105.68,103.89,104.92,104.92,2046020
2021-02-10,105.02,105.09,103.0,103.28,103.28,1571520
2021-02-11,103.7,104.18,102.31,102.7,102.7,1513340
2021-02-12,102.7,105.0,101.23,104.31,104.31,2126240
2021-02-15,104.24,105.0,104.13,104.99,104.99,1740420
2021-02-16,105.01,105.46,104.0,104.13,104.13,1373940
2021-02-17,104.4,104.98,103.05,104.32,104.32,1621830
2021-02-18,103.87,109.4,103.87,108.91,108.91,6306340
2021-02-19,108.0,111.0,107.6,109.25,109.25,9339120
2021-02-20,109.12,110.15,108.06,110.08,110.08,991390
2021-02-22,110.39,111.0,107.24,108.31,108.31,3423790
2021-02-24,108.6,109.97,107.34,109.5,109.5,4122670
2021-02-25,109.25,110.0,108.4,108.95,108.95,2218740
2021-02-26,108.75,109.56,107.83,108.85,108.85,2364410
2021-03-01,109.48,110.77,108.27,109.67,109.67,2689240
2021-03-02,109.58,110.27,109.1,110.01,110.01,2373560
2021-03-03,110.19,111.0,109.43,109.92,109.92,2738200
2021-03-04,110.02,110.21,106.06,106.8,106.8,3635740
2021-03-05,108.25,108.39,105.38,107.92,107.92,3453870
2021-03-09,108.5,110.89,105.31,107.44,107.44,5464650
2021-03-10,107.45,108.22,105.71,106.93,106.93,1879890
2021-03-11,106.51,108.93,106.51,108.6,108.6,2131970
2021-03-12,108.5,108.75,107.52,108.51,108.51,1608260
2021-03-15,108.29,110.56,107.68,109.46,109.46,4454430
2021-03-16,109.37,111.45,108.91,110.98,110.98,3272310
2021-03-17,111.38,111.9,109.17,109.77,109.77,2759240
2021-03-18,110.35,110.49,107.1,107.74,107.74,3943290
2021-03-19,108.0,108.35,106.37,107.06,107.06,8974040
2021-03-22,107.46,108.46,106.5,107.55,107.55,2788600
2021-03-23,107.93,107.93,106.26,106.31,106.31,2330060
2021-03-24,106.3,107.5,106.3,106.5,106.5,1176420
2021-03-25,106.56,107.95,106.11,107.75,107.75,2108100
2021-03-26,108.05,108.5,106.51,107.41,107.41,3185620
2021-03-29,107.01,107.92,106.51,107.14,107.14,1795020
2021-03-30,107.73,107.85,106.68,106.84,106.84,1408200
2021-03-31,106.84,107.72,106.84,107.4,107.4,1387480
2021-04-01,107.45,108.89,107.05,107.19,107.19,1572970
2021-04-02,107.41,108.1,107.11,107.63,107.63,737280
2021-04-05,107.98,108.12,106.84,107.63,107.63,914690
2021-04-06,108.0,108.39,106.6,106.78,106.78,1908840
2021-04-07,107.1,107.7,105.8,106.49,106.49,1453860
2021-04-08,106.6,107.43,106.38,106.75,106.75,1119090
2021-04-09,107.11,107.24,106.32,106.94,106.94,1982970
2021-04-12,106.72,108.89,106.51,107.61,107.61,3545470
2021-04-13,107.8,108.95,106.8,107.87,107.87,1405300
2021-04-14,108.4,108.9,107.16,107.66,107.66,1360010
2021-04-15,106.88,108.1,106.2,107.53,107.53,1787700
2021-04-16,107.47,108.4,107.31,107.98,107.98,1150030
2021-04-19,107.99,109.28,106.85,107.44,107.44,2700290
2021-04-20,107.53,108.16,104.05,105.66,105.66,4371320
2021-04-21,105.22,106.4,104.63,106.2,106.2,3125280
2021-04-22,106.69,106.94,105.2,105.6,105.6,2623110
2021-04-23,106.12,106.21,105.18,105.61,105.61,1793830
2021-04-26,105.74,106.24,105.33,105.52,105.52,1569640
2021-04-27,105.96,105.96,104.11,104.33,104.33,2728000
2021-04-28,104.48,105.13,103.56,104.99,104.99,1970350
2021-04-29,105.04,105.58,103.53,103.78,103.78,1456280
2021-04-30,104.31,104.6,103.21,104.0,104.0,2240130
2021-05-04,103.6,106.0,103.6,104.88,104.88,1679320
2021-05-05,105.01,106.6,104.05,104.98,104.98,1876600
2021-05-06,104.98,105.04,103.87,104.17,104.17,1493240
2021-05-07,104.0,104.87,103.78,104.76,104.76,1690650
2021-05-10,104.55,105.15,103.96,104.12,104.12,732060
2021-05-11,104.34,104.47,102.88,103.5,103.5,1776290
2021-05-12,103.1,103.67,101.81,102.1,102.1,2226650
2021-05-13,102.21,102.93,101.22,102.18,102.18,2839020
2021-05-14,102.48,108.67,101.93,103.13,103.13,6516880
2021-05-17,103.95,104.19,102.01,102.78,102.78,3121740
2021-05-18,102.4,104.76,102.04,104.25,104.25,3795230
2021-05-19,104.9,106.47,102.57,103.06,103.06,2892030
2021-05-20,102.6,103.74,102.6,102.94,102.94,1365760
2021-05-21,103.49,103.64,102.6,102.94,102.94,1371050
2021-05-24,103.04,103.88,102.89,103.64,103.64,1112600
2021-05-25,104.0,104.2,102.6,102.68,102.68,1879700
2021-05-26,102.71,103.39,102.23,102.74,102.74,2208810
2021-05-27,102.94,103.21,102.25,103.03,103.03,2353720
2021-05-28,103.29,103.48,102.68,103.19,103.19,1519540
2021-05-31,103.19,103.68,102.77,103.16,103.16,1163440
2021-06-01,103.33,103.34,102.28,102.83,102.83,2951980
2021-06-02,102.81,103.49,102.4,103.25,103.25,1599650
2021-06-03,103.2,105.37,103.0,105.0,105.0,2679410
2021-06-04,104.61,105.07,103.18,103.72,103.72,2330230
2021-06-07,104.18,104.18,103.12,103.56,103.56,1175890
2021-06-08,103.99,103.99,102.3,102.9,102.9,1958380
2021-06-09,102.81,103.75,102.47,102.97,102.97,2727690
2021-06-10,102.52,103.05,102.33,102.69,102.69,1424310
2021-06-11,102.8,103.01,102.51,102.79,102.79,1416550
2021-06-14,102.79,103.38,102.79,103.25,103.25,794550
2021-06-15,103.0,103.75,102.48,102.75,102.75,2423090
2021-06-16,102.98,103.48,102.49,102.6,102.6,1839580
2021-06-17,102.3,103.03,102.1,102.31,102.31,2052540
2021-06-18,102.3,102.64,101.02,101.25,101.25,2860300
2021-06-21,101.25,102.59,101.25,102.26,102.26,1519290
2021-06-22,102.27,103.0,102.09,102.95,102.95,1478860
2021-06-23,103.2,103.38,102.0,102.36,102.36,1334380
2021-06-24,102.49,102.49,101.78,101.94,101.94,1366350
2021-06-25,101.81,102.64,101.72,102.46,102.46,1123220
2021-06-28,102.81,102.99,101.93,102.01,102.01,851440
2021-06-29,102.05,102.12,99.78,100.78,100.78,3395060
2021-06-30,100.93,102.25,100.1,102.0,102.0,2450720
2021-07-01,102.24,103.0,101.8,102.97,102.97,1876620
2021-07-02,103.0,103.74,102.7,103.2,103.2,1334900
2021-07-05,103.45,103.6,103.0,103.54,103.54,1021530
2021-07-06,103.39,103.74,101.5,102.16,102.16,2721670
2021-07-07,102.47,102.5,101.64,102.04,102.04,1877800
2021-07-08,102.3,102.81,101.54,102.04,102.04,4821460
2021-07-09,97.7,99.55,97.5,99.5,99.5,5030880
2021-07-12,99.59,99.89,98.2,98.84,98.84,1843950
2021-07-13,98.84,99.33,98.2,98.62,98.62,2283080
2021-07-14,98.6,98.6,97.25,97.3,97.3,2588660
2021-07-15,97.49,97.65,96.57,97.08,97.08,2239840
2021-07-16,96.91,97.57,95.12,95.26,95.26,1935720
2021-07-19,95.4,96.43,93.02,93.2,93.2,4525330
2021-07-20,93.21,93.95,91.96,93.07,93.07,2700180
2021-07-21,93.3,93.79,92.62,92.97,92.97,1288190
2021-07-22,93.47,93.6,92.63,93.37,93.37,1238030
2021-07-23,93.7,93.7,92.5,92.82,92.82,1612160
2021-07-26,92.82,93.72,92.18,93.62,93.62,1404630
2021-07-27,93.8,93.89,92.87,93.58,93.58,1544360
2021-07-28,93.8,94.62,93.11,93.92,93.92,1920190
2021-07-29,94.0,94.18,93.26,93.68,93.68,2127030
2021-07-30,93.35,93.85,93.04,93.51,93.51,1740890
2021-08-02,93.83,93.98,93.0,93.17,93.17,1495180
2021-08-03,93.19,93.8,92.65,93.7,93.7,2849900
2021-08-04,93.8,94.1,93.35,93.76,93.76,1238120
2021-08-05,94.33,97.0,94.01,96.98,96.98,3739240
2021-08-06,97.0,97.0,95.4,95.65,95.65,3280020
2021-08-09,96.0,97.87,95.45,97.43,97.43,2194570
2021-08-10,97.83,98.43,96.36,97.19,97.19,1635520
2021-08-11,97.23,97.95,95.8,96.17,96.17,1755190
2021-08-12,96.46,96.82,95.44,95.61,95.61,1267460
2021-08-13,95.99,96.05,95.16,95.26,95.26,850770
2021-08-16,95.09,95.5,93.62,94.15,94.15,2672340
2021-08-17,93.86,95.17,93.78,94.58,94.58,1879500
2021-08-18,95.15,95.46,94.06,94.49,94.49,1705560
2021-08-19,94.4,95.22,93.9,94.53,94.53,2349200
2021-08-20,94.51,94.8,94.0,94.4,94.4,1203110
2021-08-23,94.35,94.78,93.76,94.3,94.3,1625050
2021-08-24,94.3,95.09,93.84,94.75,94.75,1463140
2021-08-25,94.75,95.44,94.06,94.39,94.39,1664740
2021-08-26,94.73,95.4,94.07,94.08,94.08,1307030
2021-08-27,94.34,96.49,94.08,96.08,96.08,3066290
2021-08-30,96.38,96.38,94.79,95.12,95.12,2434910
2021-08-31,95.12,95.54,94.24,94.3,94.3,2776900
2021-09-01,94.3,95.8,93.76,95.58,95.58,2585540
2021-09-02,95.82,96.31,95.07,95.64,95.64,1532740
2021-09-03,96.08,96.29,95.3,95.71,95.71,1784310
2021-09-06,95.95,95.95,94.7,94.9,94.9,1862060
2021-09-07,94.85,95.68,94.51,94.9,94.9,1366270
2021-09-08,94.9,95.17,94.25,94.47,94.47,1573930
2021-09-09,94.35,94.79,93.0,93.21,93.21,2492480
2021-09-10,93.39,93.45,92.8,93.2,93.2,1107890
2021-09-13,93.67,94.1,92.99,93.95,93.95,1863110
2021-09-14,94.16,94.16,93.16,93.3,93.3,1953680
2021-09-15,93.39,93.77,92.46,92.85,92.85,2471750
2021-09-16,92.52,93.43,92.52,93.16,93.16,2966620
2021-09-17,93.29,93.61,92.6,92.68,92.68,4492710
2021-09-20,92.6,92.96,90.1,90.3,90.3,3913090
2021-09-21,90.3,90.99,90.1,90.31,90.31,1979660
2021-09-22,90.35,91.61,90.35,91.05,91.05,2002840
2021-09-23,91.41,91.86,91.01,91.2,91.2,1294710
2021-09-24,91.38,92.44,91.05,92.38,92.38,997960
2021-09-27,92.5,92.86,92.05,92.17,92.17,1073480
2021-09-28,92.17,92.85,91.36,91.48,91.48,1810650
2021-09-29,91.3,91.81,90.22,90.36,90.36,2115710
2021-09-30,90.51,91.7,90.25,90.52,90.52,2931950
2021-10-01,90.5,90.95,89.77,89.99,89.99,2436470
2021-10-04,90.4,90.47,88.7,89.3,89.3,2094030
2021-10-05,89.3,90.2,88.94,89.7,89.7,1990480
2021-10-06,90.04,90.11,89.05,89.53,89.53,2058340
2021-10-07,89.79,91.0,89.32,89.91,89.91,2705200
2021-10-08,90.23,91.95,89.76,91.62,91.62,1826160
2021-10-11,91.98,91.99,91.08,91.84,91.84,1668110
2021-10-12,91.62,92.7,90.62,91.16,91.16,2591560
2021-10-13,91.53,93.38,91.06,92.7,92.7,3097590
2021-10-14,92.51,94.37,92.51,93.51,93.51,2282230
2021-10-15,93.83,94.04,92.9,93.42,93.42,1323560
2021-10-18,93.12,94.43,92.77,94.08,94.08,1730710
2021-10-19,94.0,94.44,93.6,94.34,94.34,1408000
2021-10-20,94.43,97.4,94.39,95.74,95.74,4848680
2021-10-21,95.95,96.75,93.75,94.28,94.28,2219410
2021-10-22,94.08,96.15,94.08,94.84,94.84,1423060
2021-10-25,94.85,95.84,93.25,93.92,93.92,2212720
2021-10-26,94.48,94.48,92.22,92.68,92.68,1737500
2021-10-27,92.47,93.84,92.26,93.64,93.64,1559790
2021-10-28,93.96,93.96,91.77,92.78,92.78,2148050
2021-10-29,92.7,94.28,92.52,93.25,93.25,1978690
2021-11-01,93.06,93.98,92.41,93.13,93.13,1612440
2021-11-02,92.8,94.11,92.01,93.01,93.01,1606050
2021-11-03,93.13,93.29,91.56,92.07,92.07,1222210
2021-11-05,92.07,92.93,91.82,92.6,92.6,1750440
2021-11-08,92.6,93.69,92.31,93.1,93.1,1103090
2021-11-09,92.9,94.25,92.15,92.46,92.46,2380410
2021-11-10,92.41,92.86,91.11,91.32,91.32,2044340
2021-11-11,91.67,92.48,90.63,91.6,91.6,2092900
2021-11-12,91.72,92.78,91.12,92.18,92.18,2238270
2021-11-15,92.2,93.2,91.86,92.19,92.19,1277650
2021-11-16,92.1,93.9,91.51,92.7,92.7,2768050
2021-11-17,92.7,93.22,91.85,92.33,92.33,2615170
2021-11-18,92.15,93.48,91.92,93.45,93.45,1394730
2021-11-19,93.5,93.5,90.94,91.64,91.64,2587920
2021-11-22,91.64,92.64,89.18,90.01,90.01,4135980
2021-11-23,90.09,90.55,87.71,88.52,88.52,4917670
2021-11-24,88.77,88.94,86.61,87.03,87.03,3171130
2021-11-25,86.85,87.81,86.7,86.95,86.95,2351770
2021-11-26,86.16,86.78,85.25,85.3,85.3,2772570
2021-11-29,85.8,86.88,85.35,86.15,86.15,1725340
2021-11-30,85.79,85.98,84.02,84.8,84.8,3011800
2021-12-01,85.1,87.21,85.1,86.32,86.32,1953450
2021-12-02,86.61,87.64,86.08,87.35,87.35,1074420
2021-12-03,87.48,87.57,85.05,85.6,85.6,1687970
2021-12-06,85.6,86.99,84.63,86.22,86.22,1533480
2021-12-07,86.39,88.8,85.02,88.01,88.01,2552500
2021-12-08,88.49,90.46,87.64,88.37,88.37,2636160
2021-12-09,88.96,90.14,87.55,88.46,88.46,1541300
2021-12-10,88.02,88.94,86.5,87.04,87.04,1504310
2021-12-13,88.35,88.84,83.43,84.11,84.11,2811640
2021-12-14,84.3,84.49,80.06,83.92,83.92,3405390
2021-12-15,83.52,85.62,82.72,84.64,84.64,1897430
2021-12-16,85.45,85.97,84.02,85.38,85.38,3663880
2021-12-17,85.52,86.33,84.38,85.0,85.0,3416980
2021-12-20,85.0,85.0,83.37,84.11,84.11,1685370
2021-12-21,84.66,84.83,83.25,84.01,84.01,1953090
2021-12-22,83.79,84.43,83.16,83.16,83.16,1668030
2021-12-23,83.54,83.8,82.29,82.51,82.51,2222120
2021-12-24,82.5,82.65,81.15,82.25,82.25,1895520
2021-12-27,82.0,83.34,81.68,83.34,83.34,1508490
2021-12-28,83.0,85.19,82.72,83.1,83.1,2995260
2021-12-29,83.57,84.28,82.26,84.1,84.1,1993550
2021-12-30,84.15,87.76,83.81,86.63,86.63,2560850
2022-01-03,86.79,87.35,85.06,86.22,86.22,1064870
2022-01-04,86.68,86.68,85.11,86.05,86.05,1713360
2022-01-05,86.13,86.13,83.6,83.71,83.71,1332210
2022-01-06,84.29,85.77,82.52,84.24,84.24,1402080
2022-01-10,83.76,85.15,82.84,83.64,83.64,2609080
2022-01-11,83.38,84.37,82.51,83.83,83.83,2085170
2022-01-12,83.64,85.28,83.28,85.12,85.12,1960360
2022-01-13,85.1,85.5,80.8,81.9,81.9,4102200
2022-01-14,82.21,82.21,76.8,78.72,78.72,6584470
2022-01-17,78.62,79.5,76.83,78.53,78.53,3673530
2022-01-18,78.5,78.88,74.53,76.05,76.05,5539480
2022-01-19,76.22,77.54,74.22,76.57,76.57,5110370
2022-01-20,77.0,78.09,75.73,76.14,76.14,2531810
2022-01-21,76.11,76.54,74.52,74.8,74.8,3721910
2022-01-24,75.14,75.44,70.07,73.25,73.25,5280570
2022-01-25,72.5,75.22,71.94,75.0,75.0,3906940
2022-01-26,75.11,75.92,72.72,72.99,72.99,3356350
2022-01-27,73.6,74.82,71.74,73.51,73.51,4266760
2022-01-28,74.25,74.5,72.56,73.0,73.0,3220040
2022-01-31,73.77,75.73,72.98,75.06,75.06,3051460
2022-02-01,75.29,75.75,73.23,73.92,73.92,2944350
2022-02-02,73.98,74.49,73.42,74.26,74.26,2016530
2022-02-03,73.89,74.17,72.5,72.82,72.82,1674370
2022-02-04,72.89,74.3,72.69,74.09,74.09,1911910
2022-02-07,74.09,74.84,72.25,72.62,72.62,2214460
2022-02-08,72.88,74.37,72.23,74.03,74.03,2645280
2022-02-09,74.3,74.77,73.7,74.53,74.53,3189970
2022-02-10,74.53,75.33,73.77,73.9,73.9,3106350
2022-02-11,74.0,74.3,70.12,70.56,70.56,5393070
2022-02-14,70.56,72.4,69.63,72.19,72.19,6031070
2022-02-15,72.42,73.0,71.22,72.66,72.66,4244520
2022-02-16,72.66,73.25,72.04,72.92,72.92,3106150
2022-02-17,72.71,73.09,70.23,71.14,71.14,3329390
2022-02-18,71.24,71.86,69.05,69.24,69.24,4002240
2022-02-21,69.69,70.92,60.0,63.09,63.09,11218820
2022-02-22,63.0,68.89,59.11,67.94,67.94,11882300
2022-02-24,61.0,63.3,45.45,54.8,54.8,7557040
2022-02-25,56.97,71.24,56.97,62.27,62.27,6682860
2022-03-24,59.27,73.95,58.06,65.5,65.5,2734850
2022-03-25,71.5,71.97,63.81,63.99,63.99,1834610
2022-03-28,65.65,67.88,64.0,64.2,64.2,1233120
2022-03-29,64.3,64.9,61.0,62.96,62.96,1917390
2022-03-30,64.5,64.7,62.14,63.0,63.0,2092460
2022-03-31,64.0,67.5,63.1,66.6,66.6,2630800
2022-04-01,67.93,69.87,65.5,66.01,66.01,2132210
2022-04-04,65.5,69.48,64.71,65.15,65.15,3324690
2022-04-05,65.4,65.85,61.99,62.83,62.83,2442680
2022-04-06,62.76,62.94,61.3,61.4,61.4,1785120
2022-04-07,61.21,62.8,61.17,61.5,61.5,1051550
2022-04-08,63.01,68.6,62.87,64.41,64.41,5662640
2022-04-11,64.9,64.9,62.6,62.99,62.99,1034380
2022-04-12,63.0,63.0,61.6,62.28,62.28,833240
2022-04-13,62.49,63.2,61.83,62.15,62.15,565320
2022-04-14,62.28,62.59,60.11,60.26,60.26,1073510
2022-04-15,60.23,61.24,59.9,60.25,60.25,937500
2022-04-18,60.59,60.64,58.9,59.24,59.24,661030
2022-04-19,59.1,59.5,56.55,57.85,57.85,1388490
2022-04-20,57.93,58.7,57.37,58.11,58.11,1094080
2022-04-21,58.12,58.46,57.25,58.3,58.3,899030
2022-04-22,58.3,58.69,57.29,57.9,57.9,466100
2022-04-25,57.9,58.0,56.6,57.21,57.21,762050
2022-04-26,57.13,59.39,56.93,58.3,58.3,644780
2022-04-27,58.3,60.49,58.1,60.13,60.13,874930
2022-04-28,60.45,61.8,58.73,59.02,59.02,948290
2022-04-29,59.33,60.4,59.0,60.39,60.39,511390
2022-05-04,60.25,60.98,58.93,58.98,58.98,822570
2022-05-05,58.98,59.7,58.6,59.24,59.24,496310
2022-05-06,59.58,59.58,58.64,59.02,59.02,204110
2022-05-11,59.34,59.5,58.44,58.89,58.89,545550
2022-05-12,58.98,58.98,58.05,58.2,58.2,320160
2022-05-13,58.5,58.63,57.8,57.8,57.8,284190
2022-05-16,58.9,59.01,57.5,58.1,58.1,554850
2022-05-17,58.49,58.97,58.12,58.77,58.77,540170
2022-05-18,58.99,61.97,58.81,59.35,59.35,2118250
2022-05-19,59.5,59.77,57.7,59.01,59.01,802510
2022-05-20,58.5,59.69,58.0,58.16,58.16,935780
2022-05-23,58.19,58.43,57.2,57.23,57.23,531920
2022-05-24,57.29,58.26,56.12,57.66,57.66,749200
2022-05-25,57.68,58.43,57.14,57.83,57.83,513170
2022-05-26,58.0,58.8,57.93,58.01,58.01,648430
2022-05-27,58.42,59.5,58.01,58.39,58.39,782370
2022-05-30,58.51,60.14,58.01,58.86,58.86,1557920
2022-05-31,59.17,59.39,57.8,57.9,57.9,605330
2022-06-01,58.08,58.72,57.36,58.63,58.63,841630
2022-06-02,58.7,58.74,57.45,57.8,57.8,853230
2022-06-03,57.8,58.27,56.64,57.81,57.81,595970
2022-06-06,58.2,58.54,57.77,57.98,57.98,524960
2022-06-07,58.0,58.28,57.01,57.95,57.95,517410
2022-06-08,58.3,58.59,57.8,57.85,57.85,615800
2022-06-09,57.85,58.22,57.32,57.92,57.92,493670
2022-06-10,58.03,58.14,57.51,57.76,57.76,602280
2022-06-14,57.76,58.59,57.51,57.79,57.79,1080750
2022-06-15,57.97,58.35,57.5,58.04,58.04,801130
2022-06-16,58.26,59.43,58.22,59.43,59.43,1140750
2022-06-17,59.4,60.15,59.05,59.83,59.83,1152140
2022-06-20,59.77,61.0,59.69,60.68,60.68,1496850
2022-06-21,61.0,61.0,59.89,59.89,59.89,1118080
2022-06-22,59.9,60.58,59.07,59.55,59.55,784540
2022-06-23,59.55,60.01,59.1,59.43,59.43,635300
2022-06-24,59.8,60.72,59.22,60.4,60.4,1414720
2022-06-27,61.0,64.6,60.48,64.03,64.03,2282750
2022-06-28,64.09,66.99,62.4,66.61,66.61,3829300
2022-06-29,66.81,67.5,64.13,67.0,67.0,1984840
2022-06-30,65.85,66.84,62.74,63.81,63.81,2383660
2022-07-01,63.01,66.94,61.51,65.47,65.47,2321240
2022-07-04,65.55,66.8,65.53,66.0,66.0,1285710
2022-07-05,66.49,66.49,64.51,65.55,65.55,1137280
2022-07-06,65.2,66.89,64.54,66.67,66.67,970470
2022-07-07,66.96,67.0,65.11,65.49,65.49,919730
2022-07-08,65.49,66.62,64.6,66.54,66.54,851280
2022-07-11,66.54,67.78,65.26,65.88,65.88,1870590
2022-07-12,66.07,66.54,63.35,65.19,65.19,1704540
2022-07-13,65.4,65.75,63.13,63.74,63.74,859640
2022-07-14,63.94,64.05,62.8,62.86,62.86,887100
2022-07-15,62.7,64.89,62.41,64.5,64.5,1412370
2022-07-18,64.5,65.2,63.5,64.79,64.79,2083670
2022-07-19,60.14,60.24,59.12,59.6,59.6,2604400
2022-07-20,59.78,61.78,59.33,61.03,61.03,1674030
2022-07-21,60.95,61.04,59.45,60.48,60.48,1087960
2022-07-22,60.48,60.89,60.11,60.25,60.25,877620
2022-07-25,60.68,61.38,60.25,60.73,60.73,858890
2022-07-26,60.85,61.19,60.72,60.93,60.93,1091540
2022-07-27,60.93,61.45,60.11,60.6,60.6,882650
2022-07-28,60.6,60.95,60.2,60.73,60.73,445970
2022-07-29,60.87,61.06,60.41,60.96,60.96,534010
2022-08-01,60.69,60.94,60.11,60.23,60.23,930580
2022-08-02,60.23,60.23,59.4,59.45,59.45,1309720
2022-08-03,59.45,59.71,58.96,59.22,59.22,993390
2022-08-04,59.18,59.68,58.41,58.7,58.7,1379300
2022-08-05,58.5,58.9,57.5,58.25,58.25,1246910
2022-08-08,59.01,60.3,59.01,60.0,60.0,1160960
2022-08-09,60.05,60.69,59.65,60.34,60.34,1213220
2022-08-10,60.5,60.66,59.9,60.13,60.13,977180
2022-08-11,60.21,61.55,59.51,60.8,60.8,1469790
2022-08-12,60.75,62.49,60.31,61.56,61.56,1374490
2022-08-15,61.59,61.59,60.3,60.95,60.95,825080
2022-08-16,61.26,61.59,60.43,60.7,60.7,957450
2022-08-17,60.74,60.9,60.31,60.32,60.32,575870
2022-08-18,60.3,61.1,59.25,60.47,60.47,1528840
2022-08-19,60.9,60.9,60.18,60.33,60.33,326390
2022-08-22,60.32,60.62,60.15,60.49,60.49,385930
2022-08-23,60.4,61.45,60.4,60.49,60.49,452420
2022-08-24,60.66,60.75,59.3,60.04,60.04,1120770
2022-08-25,60.29,60.5,59.71,59.98,59.98,444290
2022-08-26,60.0,60.34,59.85,60.34,60.34,355600
2022-08-29,60.1,61.09,60.02,60.05,60.05,801740
2022-08-30,60.6,60.73,60.01,60.05,60.05,511340
2022-08-31,60.23,60.84,60.01,60.03,60.03,1394100
2022-09-01,60.23,60.38,59.74,59.83,59.83,1144370
2022-09-02,59.91,61.21,59.73,60.53,60.53,2592210
2022-09-05,61.09,62.96,61.02,62.72,62.72,3081270
2022-09-06,62.67,62.67,60.56,60.74,60.74,2704900
2022-09-07,60.75,61.18,60.11,60.7,60.7,622320
2022-09-08,60.79,60.84,60.06,60.21,60.21,762540
2022-09-09,60.22,60.47,59.88,60.02,60.02,1518310
2022-09-12,60.1,60.8,60.06,60.49,60.49,1277620
2022-09-13,60.68,60.99,60.05,60.26,60.26,1054600
2022-09-14,60.37,60.48,59.91,60.22,60.22,1308830
2022-09-15,60.4,60.58,59.81,60.21,60.21,1412190
2022-09-16,60.2,60.29,59.2,59.92,59.92,1637380
2022-09-19,59.92,60.38,59.85,60.07,60.07,977330
2022-09-20,60.25,60.25,57.0,57.58,57.58,3669560
2022-09-21,55.0,56.48,51.47,54.93,54.93,3399870
2022-09-22,55.0,57.33,54.52,55.9,55.9,1615160
2022-09-23,55.89,55.89,53.16,54.32,54.32,1648400
2022-09-26,53.91,54.88,50.51,52.03,52.03,3441440
2022-09-27,52.33,53.94,51.5,53.93,53.93,1518560
2022-09-28,53.13,54.37,51.5,52.19,52.19,1968680
2022-09-29,52.39,53.48,52.03,52.93,52.93,1775300
2022-09-30,53.21,53.98,51.21,53.01,53.01,1889350
2022-10-03,53.39,56.14,53.39,55.95,55.95,1314930
2022-10-04,56.2,56.36,53.7,55.3,55.3,1119260
2022-10-05,55.49,56.82,53.8,56.21,56.21,1325330
2022-10-06,56.21,56.69,54.63,55.3,55.3,1052170
2022-10-07,55.3,56.0,54.11,54.4,54.4,1587940
2022-10-10,53.0,55.69,52.33,54.4,54.4,1122530
2022-10-11,53.96,55.16,53.96,54.72,54.72,668530
2022-10-12,54.72,55.28,54.3,54.63,54.63,425910
2022-10-13,54.8,57.34,54.33,55.9,55.9,1352290
2022-10-14,56.0,56.16,55.1,55.96,55.96,442000
2022-10-17,56.09,56.96,55.6,56.79,56.79,933800
2022-10-18,56.98,57.1,55.3,55.87,55.87,971730
2022-10-19,56.37,56.96,55.36,56.17,56.17,775060
2022-10-20,56.0,56.73,55.8,56.4,56.4,769990
2022-10-21,56.66,57.2,56.04,57.11,57.11,650200
2022-10-24,57.15,57.99,56.82,57.31,57.31,1203910
2022-10-25,57.8,58.32,57.16,58.17,58.17,963140
2022-10-26,58.4,58.54,57.17,57.82,57.82,947300
2022-10-27,57.81,58.39,56.7,57.41,57.41,1149380
2022-10-28,57.49,58.22,57.2,57.82,57.82,1034230
2022-10-31,58.14,58.49,57.6,57.71,57.71,724710
2022-11-01,57.9,58.0,57.44,57.65,57.65,320400
2022-11-02,57.7,57.8,57.31,57.51,57.51,641580
2022-11-03,57.4,57.99,56.8,57.41,57.41,710380
2022-11-07,57.53,58.06,57.5,57.83,57.83,913510
2022-11-08,57.9,57.96,57.51,57.66,57.66,393170
2022-11-09,57.8,57.8,56.71,56.71,56.71,500240
2022-11-10,56.71,57.59,56.7,57.47,57.47,650980
2022-11-11,57.6,57.75,57.32,57.6,57.6,399690
2022-11-14,57.6,57.94,57.39,57.57,57.57,587500
2022-11-15,57.92,57.92,55.0,56.16,56.16,1190050
2022-11-16,57.0,57.45,56.53,57.12,57.12,533050
2022-11-17,57.67,57.67,57.08,57.33,57.33,398770
2022-11-18,57.49,57.59,56.98,57.24,57.24,325610
2022-11-21,57.4,57.4,56.62,56.94,56.94,353530
2022-11-22,57.18,57.18,56.7,56.91,56.91,369460
2022-11-23,56.83,57.05,56.7,56.9,56.9,403720
2022-11-24,56.9,57.04,56.62,56.71,56.71,332080
2022-11-25,56.71,57.3,56.5,56.94,56.94,761530
2022-11-28,56.94,57.2,56.29,56.86,56.86,490350
2022-11-29,57.16,57.17,56.75,56.97,56.97,422920
2022-11-30,56.86,57.45,56.74,57.45,57.45,786210
2022-12-01,57.49,57.55,57.01,57.15,57.15,292020
2022-12-02,57.27,57.29,56.88,56.92,56.92,347170
2022-12-05,57.02,57.25,56.62,56.8,56.8,524200
2022-12-06,57.0,57.0,56.2,56.34,56.34,493980
2022-12-07,56.23,56.97,56.12,56.55,56.55,467670
2022-12-08,56.61,56.75,56.07,56.27,56.27,203070
2022-12-09,56.2,56.52,56.16,56.24,56.24,287860
2022-12-12,56.07,56.49,55.84,56.1,56.1,386960
2022-12-13,55.97,56.21,55.75,56.0,56.0,448170
2022-12-14,56.08,56.1,54.77,55.62,55.62,725060
2022-12-15,55.89,55.89,54.66,54.75,54.75,712040
2022-12-16,54.77,54.87,54.44,54.7,54.7,492960
2022-12-19,54.69,54.72,54.0,54.2,54.2,792370
2022-12-20,54.1,54.56,53.92,54.33,54.33,1252210
2022-12-21,54.33,54.79,53.96,54.59,54.59,797450
2022-12-22,54.6,55.3,54.29,54.89,54.89,818930
2022-12-23,55.19,55.19,54.55,55.0,55.0,443570
2022-12-26,55.0,55.8,55.0,55.57,55.57,736390
2022-12-27,55.71,56.47,55.6,56.23,56.23,998000
2022-12-28,56.49,56.49,55.44,55.91,55.91,551510
2022-12-29,55.96,56.3,55.7,55.97,55.97,586050
2022-12-30,56.3,56.3,55.7,55.95,55.95,676200
2023-01-03,56.19,56.32,55.88,56.12,56.12,373410
2023-01-04,56.06,56.29,55.1,55.89,55.89,743770
2023-01-05,55.99,55.99,55.7,55.85,55.85,197490
2023-01-06,55.8,56.02,55.75,55.9,55.9,188100
2023-01-09,55.96,57.2,55.77,56.75,56.75,1551810
2023-01-10,57.16,57.16,56.31,56.74,56.74,545830
2023-01-11,56.8,57.17,56.45,57.16,57.16,1046660
2023-01-12,57.16,57.16,56.74,56.95,56.95,396390
2023-01-13,56.75,57.2,56.16,56.84,56.84,948270
2023-01-16,57.16,57.95,56.9,57.85,57.85,1512410
2023-01-17,57.9,57.93,56.86,57.16,57.16,631210
2023-01-18,57.0,57.53,56.64,57.14,57.14,664050
2023-01-19,56.76,57.2,55.67,56.35,56.35,3355050
2023-01-20,56.35,56.52,55.84,56.34,56.34,688020
2023-01-23,56.34,57.63,56.22,57.18,57.18,1265030
2023-01-24,57.18,57.36,56.57,56.87,56.87,504890
2023-01-25,56.78,57.04,55.91,56.36,56.36,1052350
2023-01-26,56.4,56.56,56.21,56.45,56.45,279910
2023-01-27,56.5,56.51,56.2,56.39,56.39,505190
2023-01-30,61.89,61.89,57.37,59.13,59.13,15761510
2023-01-31,58.89,59.4,58.26,58.61,58.61,2163910
2023-02-01,58.61,59.09,58.61,58.91,58.91,1068950
2023-02-02,59.1,59.68,58.71,59.43,59.43,877670
2023-02-03,59.52,59.52,58.5,59.18,59.18,939840
2023-02-06,59.5,60.6,58.79,60.57,60.57,2154380
2023-02-07,60.4,60.44,59.2,59.65,59.65,1468900
2023-02-08,59.7,59.86,58.96,59.1,59.1,1269500
2023-02-09,59.2,59.44,58.6,59.22,59.22,691000
2023-02-10,59.3,59.98,58.82,59.4,59.4,839990
2023-02-13,59.72,59.9,58.8,59.17,59.17,995840
2023-02-14,59.5,59.5,58.5,58.59,58.59,833890
2023-02-15,58.26,58.56,55.84,56.56,56.56,2164910
2023-02-16,56.52,57.79,56.52,57.38,57.38,1105020
2023-02-17,57.41,57.8,57.16,57.43,57.43,463290
2023-02-20,57.31,57.72,56.38,57.62,57.62,963070
2023-02-21,57.62,58.46,57.5,58.11,58.11,840600
2023-02-22,58.01,58.01,57.62,57.93,57.93,482900
2023-02-24,58.0,58.77,57.66,58.5,58.5,422470
2023-02-27,57.88,58.78,57.88,58.52,58.52,635170
2023-02-28,58.6,58.78,58.11,58.73,58.73,622060
2023-03-01,58.97,59.2,58.71,59.11,59.11,850510
2023-03-02,59.11,59.11,57.8,58.13,58.13,1186450
2023-03-03,58.1,58.89,58.08,58.75,58.75,439110
2023-03-06,58.95,59.7,58.6,59.7,59.7,1416520
2023-03-07,59.7,59.74,59.16,59.4,59.4,639020
2023-03-09,59.47,59.56,59.12,59.3,59.3,490810
2023-03-10,59.15,59.17,58.56,58.85,58.85,604090
2023-03-13,58.7,59.47,58.29,58.72,58.72,1300620
2023-03-14,58.71,60.99,58.48,60.37,60.37,4253320
2023-03-15,60.4,60.54,59.3,59.77,59.77,1399750
2023-03-16,59.77,60.75,59.39,60.05,60.05,2642830
2023-03-17,60.07,61.7,59.94,61.33,61.33,2169300
2023-03-20,61.49,62.0,60.8,61.9,61.9,1895020
2023-03-21,61.9,61.97,61.0,61.41,61.41,1028090
2023-03-22,61.33,61.66,61.01,61.3,61.3,514080
2023-03-23,61.5,61.93,61.03,61.38,61.38,963560
2023-03-24,61.22,61.7,61.11,61.29,61.29,464310
2023-03-27,61.99,63.29,61.56,62.2,62.2,2850530
2023-03-28,62.35,62.5,61.25,61.61,61.61,1468660
2023-03-29,61.61,61.77,61.12,61.28,61.28,1671430
2023-03-30,61.25,61.25,60.56,61.17,61.17,2885650
2023-03-31,61.18,61.38,60.72,61.28,61.28,1761760
2023-04-03,61.5,61.99,61.15,61.93,61.93,2175090
2023-04-04,61.97,62.5,61.44,62.2,62.2,1838420
2023-04-05,62.29,62.3,61.76,62.13,62.13,1292270
2023-04-06,62.2,62.61,61.82,62.08,62.08,1389220
2023-04-07,61.87,62.2,61.44,61.95,61.95,1112800
2023-04-10,62.09,63.76,61.93,63.24,63.24,3010030
2023-04-11,63.29,63.55,61.68,62.11,62.11,1896600
2023-04-12,62.33,62.47,61.8,62.33,62.33,1185910
2023-04-13,62.32,62.7,61.84,62.34,62.34,1046420
2023-04-14,62.49,62.7,62.08,62.53,62.53,1355860
2023-04-17,62.8,63.84,62.66,63.78,63.78,2204410
2023-04-18,63.8,63.91,63.07,63.79,63.79,1021160
2023-04-19,63.8,64.31,63.11,63.22,63.22,1817770
2023-04-20,63.2,63.7,62.21,63.33,63.33,1968830
2023-04-21,63.15,63.6,62.88,63.1,63.1,946890
2023-04-24,63.25,64.1,63.0,63.64,63.64,1531300
2023-04-25,63.79,63.89,63.41,63.59,63.59,884430
2023-04-26,63.59,65.7,63.55,65.1,65.1,5334440
2023-04-27,65.1,65.49,64.7,65.28,65.28,1481530
2023-04-28,65.16,66.61,64.91,65.49,65.49,3205760
2023-05-02,66.0,66.59,64.05,64.96,64.96,2525600
2023-05-03,65.0,67.2,64.24,65.27,65.27,6426880
2023-05-04,65.4,65.95,64.63,65.21,65.21,1491590
2023-05-05,65.32,65.97,63.75,64.12,64.12,2121000
2023-05-08,64.32,64.53,63.24,63.27,63.27,965580
2023-05-10,64.0,65.37,63.3,65.08,65.08,2141580
2023-05-11,65.08,65.57,63.52,64.19,64.19,2177140
2023-05-12,64.34,64.5,63.93,64.24,64.24,880410
2023-05-15,64.3,66.35,64.25,66.2,66.2,3090670
2023-05-16,66.3,66.5,65.53,66.3,66.3,1150620
2023-05-17,66.5,69.45,65.92,69.07,69.07,4839290
2023-05-18,69.35,72.0,68.33,70.64,70.64,4802160
2023-05-19,70.01,72.77,69.39,71.76,71.76,4631670
2023-05-22,72.4,72.47,69.34,69.95,69.95,3210690
2023-05-23,69.74,71.19,68.53,70.39,70.39,2432780
2023-05-24,70.49,72.0,70.19,71.63,71.63,2360510
2023-05-25,71.45,71.9,70.25,71.13,71.13,3234300
2023-05-26,71.0,72.33,70.85,72.0,72.0,1999020
2023-05-29,72.0,74.75,72.0,73.73,73.73,3623270
2023-05-30,73.49,75.2,72.67,73.11,73.11,3439640
2023-05-31,72.88,73.62,71.6,73.15,73.15,1445490
2023-06-01,73.25,73.49,71.84,71.86,71.86,1285950
2023-06-02,71.6,74.2,71.6,74.17,74.17,2478690
2023-06-05,74.22,75.0,72.0,72.25,72.25,2720190
2023-06-06,72.61,72.87,68.33,70.23,70.23,13982860
2023-06-07,70.51,71.87,70.26,71.31,71.31,4240430
2023-06-08,71.35,71.89,70.67,71.81,71.81,1755840
2023-06-09,71.99,72.2,71.14,71.27,71.27,1623320
2023-06-13,71.58,72.24,69.97,71.27,71.27,3477930
2023-06-14,71.49,71.49,70.73,71.15,71.15,2018710
2023-06-15,71.15,72.98,71.09,72.53,72.53,4116010
2023-06-16,72.53,73.0,71.43,72.16,72.16,2993400
2023-06-19,72.78,75.68,72.19,75.0,75.0,6388500
2023-06-20,75.0,75.22,72.72,73.8,73.8,4590850
2023-06-21,73.62,75.62,73.3,74.7,74.7,5300730
2023-06-22,74.89,75.02,73.3,73.76,73.76,2659520
2023-06-23,73.55,74.09,70.5,71.6,71.6,3766900
2023-06-26,72.64,73.95,70.63,72.25,72.25,4072110
2023-06-27,72.25,73.95,72.0,73.25,73.25,2011890
2023-06-28,73.4,73.57,72.41,73.57,73.57,1510820
2023-06-29,73.55,74.46,72.07,72.66,72.66,6100510
2023-06-30,72.5,72.82,71.25,71.83,71.83,2845800
2023-07-03,72.5,72.9,71.73,72.3,72.3,2814030
2023-07-04,72.08,72.43,70.24,71.03,71.03,2808100
2023-07-05,71.15,72.38,70.45,71.99,71.99,3705360
2023-07-06,72.0,72.2,71.16,71.79,71.79,2667710
2023-07-07,72.06,72.8,71.45,71.97,71.97,2783820
2023-07-10,71.87,72.49,71.8,72.3,72.3,1890750
2023-07-11,72.35,72.6,71.62,72.39,72.39,1983530
2023-07-12,72.55,73.14,72.12,72.67,72.67,2844930
2023-07-13,72.81,73.03,72.02,72.89,72.89,2551560
2023-07-14,72.99,72.99,72.34,72.66,72.66,1965140
2023-07-17,72.23,72.84,72.12,72.7,72.7,1827450
2023-07-18,72.71,73.45,72.38,73.1,73.1,2944440
2023-07-19,73.1,73.65,72.54,73.45,73.45,2585270
2023-07-20,73.59,73.61,71.27,71.53,71.53,3645860
2023-07-21,71.5,72.59,71.5,72.3,72.3,1532280
2023-07-24,72.56,74.44,72.09,74.28,74.28,5564540
2023-07-25,74.47,74.47,73.55,74.06,74.06,3283880
2023-07-26,73.9,74.03,73.2,73.88,73.88,2106860
2023-07-27,73.76,74.1,73.56,73.63,73.63,2148950
2023-07-28,73.61,74.1,73.4,73.62,73.62,2780820
2023-07-31,74.04,74.97,73.84,74.79,74.79,5454380
2023-08-01,74.96,76.5,74.03,75.45,75.45,7947680
2023-08-02,75.68,75.69,74.1,75.46,75.46,4978050
2023-08-03,76.5,79.0,76.13,79.0,79.0,18033150
2023-08-04,79.23,79.88,75.2,76.2,76.2,14696330
2023-08-07,76.53,79.4,76.27,76.84,76.84,6835580
2023-08-08,76.84,77.59,75.06,76.82,76.82,4940920
2023-08-09,77.09,77.37,75.98,76.93,76.93,2460190
2023-08-10,77.31,77.31,76.01,76.9,76.9,3374310
2023-08-11,76.9,77.38,76.24,76.6,76.6,2744480
2023-08-14,77.0,77.28,74.23,74.42,74.42,6422710
2023-08-15,74.3,77.2,73.56,75.25,75.25,10758090
2023-08-16,75.48,75.72,73.06,74.02,74.02,4458360
2023-08-17,73.75,74.74,73.58,74.45,74.45,2184980
2023-08-18,74.5,76.76,74.11,76.38,76.38,3874720
2023-08-21,76.65,76.83,75.93,76.25,76.25,2260070
2023-08-22,76.25,76.45,75.18,75.75,75.75,2491680
2023-08-23,75.55,75.99,73.9,74.35,74.35,3414480
2023-08-24,74.41,75.3,74.09,74.82,74.82,1995500
2023-08-25,75.0,75.05,74.46,74.73,74.73,1410020
2023-08-28,74.89,75.62,74.6,75.52,75.52,2399530
2023-08-29,75.68,75.68,74.8,75.23,75.23,2304660
2023-08-30,75.25,75.41,74.72,75.31,75.31,1406890
2023-08-31,75.32,76.5,75.21,75.88,75.88,3055710
2023-09-01,76.06,76.5,75.0,75.95,75.95,2358910
2023-09-04,75.52,76.47,75.52,76.2,76.2,3953110
2023-09-05,76.3,76.8,76.0,76.77,76.77,3968270
2023-09-06,76.77,78.83,76.06,77.85,77.85,7779890
2023-09-07,77.85,79.71,74.43,75.56,75.56,14569740
2023-09-08,75.59,78.19,73.5,76.13,76.13,15826640
2023-09-11,76.48,76.53,74.63,75.61,75.61,4913460
2023-09-12,75.72,76.83,75.2,76.45,76.45,4833230
2023-09-13,76.68,77.0,75.13,75.52,75.52,2773900
2023-09-14,75.52,75.91,73.15,74.29,74.29,5096530
2023-09-15,74.5,75.72,73.9,74.77,74.77,2597180
2023-09-18,74.94,75.68,74.31,74.67,74.67,2562760
2023-09-19,74.7,74.98,71.72,72.36,72.36,5558040
2023-09-20,72.36,73.98,70.95,73.11,73.11,4901540
2023-09-21,73.11,73.21,71.13,71.5,71.5,3514040
2023-09-22,71.3,72.19,70.95,71.95,71.95,2201750
2023-09-25,72.35,73.75,71.5,73.32,73.32,1961450
2023-09-26,73.24,73.52,72.32,73.1,73.1,1525450
2023-09-27,73.31,74.5,73.1,74.0,74.0,2068180
2023-09-28,74.2,74.28,73.42,73.8,73.8,1270850
2023-09-29,74.04,74.04,72.92,73.42,73.42,1357750
2023-10-02,73.69,73.99,72.73,72.83,72.83,1444220
2023-10-03,72.83,73.2,71.7,72.67,72.67,2382050
2023-10-04,72.98,72.98,72.26,72.4,72.4,872770
2023-10-05,72.5,72.74,72.12,72.52,72.52,917800
2023-10-06,72.3,72.72,71.87,72.55,72.55,1302690
2023-10-09,72.3,75.7,72.3,75.49,75.49,6160940
2023-10-10,75.2,76.3,74.5,74.76,74.76,3141390
2023-10-11,74.76,75.57,73.71,74.15,74.15,3077800
2023-10-12,74.17,77.49,73.75,76.1,76.1,13364970
2023-10-13,76.36,76.36,75.38,75.66,75.66,2068250
2023-10-16,76.06,76.2,75.5,75.79,75.79,2485840
2023-10-17,75.99,79.3,75.51,78.7,78.7,18115050
2023-10-18,79.09,79.49,76.7,77.51,77.51,9584410
2023-10-19,77.6,77.94,76.88,77.8,77.8,5266860
2023-10-20,77.8,77.8,77.02,77.39,77.39,2035040
2023-10-23,77.8,78.46,77.3,77.55,77.55,2765480
2023-10-24,77.4,77.76,77.18,77.5,77.5,1674770
2023-10-25,77.7,77.98,77.47,77.52,77.52,1913930
2023-10-26,77.53,77.98,76.24,76.76,76.76,3854100
2023-10-27,76.7,77.07,75.61,76.09,76.09,4742460
2023-10-30,76.12,77.07,76.02,76.2,76.2,2430050
2023-10-31,75.95,76.35,75.01,75.22,75.22,3361150
2023-11-01,75.2,75.44,74.93,75.3,75.3,3327090
2023-11-02,75.49,75.8,74.58,75.44,75.44,2659400
2023-11-03,75.44,75.5,74.45,74.7,74.7,3450760
2023-11-06,74.98,75.74,74.63,75.67,75.67,2031720
2023-11-07,75.95,76.96,75.58,76.79,76.79,3444210
2023-11-08,77.0,77.1,76.32,76.84,76.84,2088140
2023-11-09,77.85,78.2,77.0,77.95,77.95,5366180
2023-11-10,78.2,78.45,77.52,78.35,78.35,3382790
2023-11-13,78.5,82.38,78.15,81.65,81.65,13577060
2023-11-14,81.65,81.69,79.52,80.67,80.67,9319130
2023-11-15,80.67,81.97,80.15,81.5,81.5,5536500
2023-11-16,81.64,82.06,80.11,80.35,80.35,4563860
2023-11-17,80.5,81.76,79.65,81.55,81.55,5024220
2023-11-20,81.98,83.2,81.65,83.0,83.0,9542190
2023-11-21,83.04,83.15,81.13,81.81,81.81,9914580
2023-11-22,81.81,82.5,81.28,81.88,81.88,3363520
2023-11-23,81.99,81.99,80.62,81.02,81.02,2627550
2023-11-24,81.02,81.31,80.12,80.88,80.88,3078160
2023-11-27,81.15,81.51,80.35,80.6,80.6,3856730
2023-11-28,80.82,81.5,79.8,81.3,81.3,5023010
2023-11-29,81.59,82.05,80.58,81.33,81.33,5788020
2023-11-30,81.33,81.95,80.67,81.58,81.58,9746520
2023-12-01,76.29,76.49,74.46,74.82,74.82,15331890
2023-12-04,75.2,75.2,73.0,74.15,74.15,4698670
2023-12-05,73.9,74.91,72.69,72.89,72.89,4267130
2023-12-06,72.82,73.34,70.08,70.43,70.43,6414500
2023-12-07,70.43,72.49,69.3,72.35,72.35,5049760
2023-12-08,72.51,72.51,70.73,72.03,72.03,2507180
2023-12-11,72.93,72.93,70.02,70.6,70.6,2245390
2023-12-12,70.37,70.97,69.51,69.67,69.67,2983070
2023-12-13,69.67,70.23,69.02,69.42,69.42,2248560
2023-12-14,69.97,69.97,67.8,68.0,68.0,3572180
2023-12-15,68.0,70.46,67.57,70.31,70.31,4233830
2023-12-18,70.77,71.54,70.35,71.34,71.34,2489250
2023-12-19,71.3,72.69,71.13,72.56,72.56,3128150
2023-12-20,72.6,73.9,72.31,72.55,72.55,3180590
2023-12-21,72.71,73.27,70.72,71.5,71.5,3817870
2023-12-22,71.74,72.42,71.25,71.4,71.4,2282200
2023-12-25,71.46,71.91,70.0,70.27,70.27,3425450
2023-12-26,70.46,70.86,69.39,69.87,69.87,3602620
2023-12-27,69.87,70.1,69.11,70.0,70.0,5109130
2023-12-28,70.15,70.83,68.72,68.98,68.98,5239760
2023-12-29,69.29,69.29,68.16,68.49,68.49,3119460
2024-01-03,68.95,70.5,68.61,70.41,70.41,2561820
2024-01-04,70.69,70.76,69.5,70.09,70.09,1637310
2024-01-05,70.1,70.38,69.6,70.28,70.28,1167840
2024-01-08,70.39,71.68,70.29,71.29,71.29,2857800
2024-01-09,71.48,71.64,70.72,71.48,71.48,2523240
2024-01-10,71.6,72.53,71.56,71.97,71.97,3084370
2024-01-11,72.27,73.24,71.7,72.73,72.73,3032300
2024-01-12,72.99,72.99,72.37,72.52,72.52,1777280
2024-01-15,72.85,74.46,72.62,74.37,74.37,6000810
2024-01-16,74.25,74.9,73.57,74.89,74.89,2766200
2024-01-17,74.9,76.9,74.68,76.65,76.65,6723060
2024-01-18,77.0,77.5,75.74,76.1,76.1,6061900
2024-01-19,76.1,76.51,74.9,75.53,75.53,2676910
2024-01-22,75.88,76.99,75.5,76.96,76.96,2233140
2024-01-23,76.99,77.3,76.16,76.32,76.32,1632820
2024-01-24,76.28,76.84,75.34,75.61,75.61,1882120
2024-01-25,75.83,75.83,75.04,75.25,75.25,1256170
2024-01-26,75.23,77.19,75.12,76.87,76.87,2665670
2024-01-29,77.36,77.96,76.36,76.59,76.59,3498170
2024-01-30,76.75,76.75,75.99,76.16,76.16,1976720
2024-01-31,76.2,76.8,76.2,76.8,76.8,1326900
2024-02-01,76.9,76.9,75.79,76.12,76.12,1482380
2024-02-02,76.25,76.46,75.7,75.75,75.75,1842980
2024-02-05,75.55,75.96,74.56,75.45,75.45,4458680
2024-02-06,75.49,76.45,75.19,76.33,76.33,2206750
2024-02-07,76.1,76.73,75.73,75.87,75.87,1584040
2024-02-08,75.95,76.14,75.11,75.22,75.22,1872520
2024-02-09,75.22,75.49,74.24,74.56,74.56,1702430
2024-02-12,74.77,75.19,73.83,75.08,75.08,3141760
2024-02-13,75.08,79.86,74.83,79.83,79.83,15880080
2024-02-14,79.93,81.6,78.8,80.5,80.5,23009570
2024-02-15,80.42,83.87,80.29,83.71,83.71,21631680
2024-02-16,83.9,85.5,83.1,84.15,84.15,16899600
2024-02-19,83.71,87.37,83.66,86.82,86.82,13877710
2024-02-20,86.82,89.2,84.63,85.68,85.68,24600560
2024-02-21,85.8,88.15,84.7,86.77,86.77,18739560
2024-02-22,86.77,87.63,85.0,85.9,85.9,9034380
2024-02-26,87.55,89.2,87.04,88.24,88.24,15408210
2024-02-27,88.25,90.77,87.61,90.54,90.54,23331660
2024-02-28,90.77,93.08,90.56,91.49,91.49,12760840
2024-02-29,91.4,92.22,90.62,91.25,91.25,6138770
2024-03-01,91.1,93.1,90.92,93.06,93.06,6127480
2024-03-04,93.11,93.9,90.73,91.7,91.7,8695450
2024-03-05,91.6,92.48,89.42,91.39,91.39,10043910
2024-03-06,91.2,91.62,90.34,90.82,90.82,3051900
2024-03-07,91.0,92.94,90.81,92.81,92.81,3081230
2024-03-11,93.0,93.8,92.09,92.41,92.41,4705220
2024-03-12,92.42,92.68,91.5,91.98,91.98,2823270
2024-03-13,91.75,92.2,90.87,91.09,91.09,2295290
2024-03-14,91.09,91.18,89.61,90.05,90.05,4118780
2024-03-15,89.7,92.48,89.7,92.0,92.0,7984990
2024-03-18,92.1,92.5,90.89,91.46,91.46,4400710
2024-03-19,91.18,91.92,90.37,90.44,90.44,4156660
2024-03-20,90.5,96.44,90.0,96.0,96.0,11871170
2024-03-21,95.7,98.0,94.0,95.06,95.06,11848070
2024-03-22,95.06,96.24,91.9,92.58,92.58,7288290
2024-03-25,93.0,93.89,91.99,93.5,93.5,4678840
2024-03-26,93.93,97.15,93.54,94.02,94.02,13838280
2024-03-27,94.45,95.95,93.52,95.1,95.1,10016490
2024-03-28,95.5,98.2,94.2,97.49,97.49,7970240
2024-03-29,97.51,102.17,96.88,102.0,102.0,17177230
2024-04-01,102.46,104.8,101.52,103.05,103.05,13437240
2024-04-02,103.05,103.45,100.3,100.93,100.93,7237190
2024-04-03,100.95,102.85,100.0,100.13,100.13,6407560
2024-04-04,100.0,100.3,98.36,99.29,99.29,6532870
2024-04-05,99.3,99.8,97.52,97.9,97.9,4266310
2024-04-08,98.5,99.0,96.91,97.81,97.81,5421010
2024-04-09,98.0,100.0,96.74,97.39,97.39,10046930
2024-04-10,98.1,98.1,96.0,97.17,97.17,4586230
2024-04-11,97.2,97.67,96.26,96.32,96.32,2267530
2024-04-12,96.36,97.8,96.36,97.25,97.25,8036640
2024-04-15,97.3,99.7,97.3,99.0,99.0,6791270
2024-04-16,99.01,100.3,98.24,99.29,99.29,3524780
2024-04-17,99.55,99.55,97.72,98.35,98.35,2413340
2024-04-18,98.2,99.99,97.05,99.43,99.43,5921790
2024-04-19,99.75,99.91,99.08,99.44,99.44,1920370
2024-04-22,99.8,99.88,97.79,98.06,98.06,4294910
2024-04-23,98.01,98.39,95.07,95.81,95.81,5805560
2024-04-24,96.24,96.46,94.98,95.68,95.68,2293260
2024-04-25,95.0,97.8,95.0,97.78,97.78,3054050
2024-04-26,97.78,98.35,96.75,97.3,97.3,2690940
2024-04-27,97.3,97.65,96.75,97.35,97.35,1100290
2024-04-29,97.35,97.46,96.6,96.9,96.9,1408530
2024-04-30,97.01,97.01,96.55,96.76,96.76,490500
2024-05-02,96.79,96.88,95.31,95.79,95.79,1935820
2024-05-03,95.7,95.88,95.22,95.62,95.62,1469110
2024-05-06,95.7,97.39,95.62,96.99,96.99,4167380
2024-05-07,97.05,97.56,96.05,96.36,96.36,1630570
2024-05-08,96.02,97.2,96.01,96.66,96.66,2539290
2024-05-10,96.7,97.37,96.63,96.84,96.84,532610
2024-05-13,96.84,97.36,96.06,96.34,96.34,2835770
2024-05-14,96.68,97.05,95.33,95.72,95.72,3877330
2024-05-15,95.81,96.65,95.51,96.24,96.24,4196830
2024-05-16,95.9,102.5,94.69,102.12,102.12,41688400
2024-05-17,102.5,107.99,101.89,107.87,107.87,36759080
2024-05-20,107.99,108.0,103.8,104.41,104.41,13252390
2024-05-21,104.45,105.65,102.74,103.42,103.42,11246850
2024-05-22,103.63,107.19,103.5,106.8,106.8,15063540
2024-05-23,106.79,107.29,103.69,106.4,106.4,8402670
2024-05-24,106.7,107.01,103.03,105.37,105.37,9882970
2024-05-27,104.99,105.74,99.64,100.84,100.84,8034750
2024-05-28,100.84,102.0,99.35,100.4,100.4,3655080
2024-05-29,100.65,100.96,96.02,97.07,97.07,12514120
2024-05-30,97.4,97.67,92.4,94.12,94.12,6405050
2024-05-31,94.12,94.8,90.56,91.71,91.71,5120910
2024-06-03,91.99,93.3,88.1,92.55,92.55,7239350
2024-06-04,92.98,94.97,89.8,94.71,94.71,4958970
2024-06-05,95.09,95.39,92.22,92.8,92.8,3610800
2024-06-06,92.8,93.73,91.44,92.95,92.95,1815130
2024-06-07,92.9,96.01,92.9,94.82,94.82,3733820
2024-06-10,96.0,96.0,92.21,92.82,92.82,3407140
2024-06-11,92.82,93.07,88.99,90.01,90.01,4039940
2024-06-13,87.99,93.29,83.42,92.82,92.82,5937380
2024-06-14,92.9,93.58,92.19,92.96,92.96,2438550
2024-06-17,93.03,93.46,89.46,89.99,89.99,5356660
2024-06-18,90.16,90.99,87.1,87.21,87.21,4959330
2024-06-19,87.56,89.25,84.97,87.36,87.36,9591320
2024-06-20,87.93,91.8,87.04,89.25,89.25,11746930
2024-06-21,89.47,93.53,88.81,93.5,93.5,11146190
2024-06-24,93.8,94.9,92.62,93.45,93.45,8427740
2024-06-25,93.81,93.96,91.09,91.93,91.93,5215270
2024-06-26,91.95,93.65,91.95,92.75,92.75,4527330
2024-06-27,92.74,92.91,90.23,91.03,91.03,4041900
2024-06-28,90.91,92.29,90.55,91.0,91.0,2626970
2024-07-01,90.6,91.32,89.53,90.0,90.0,3355360
2024-07-02,90.18,90.23,89.01,89.27,89.27,3396080
2024-07-03,89.23,89.53,86.83,87.01,87.01,3375230
2024-07-04,87.02,88.85,85.22,85.41,85.41,6686420
2024-07-05,85.35,85.68,83.4,84.32,84.32,6083510
2024-07-08,84.32,86.5,83.89,85.96,85.96,5411810
2024-07-09,86.29,86.34,84.56,85.39,85.39,3976210
2024-07-10,84.96,85.88,80.01,80.2,80.2,6009560
2024-07-11,80.25,84.53,80.25,84.12,84.12,4842530
2024-07-12,84.15,85.48,82.0,84.81,84.81,3000610
2024-07-15,84.75,85.24,81.5,81.98,81.98,3410550
2024-07-16,81.99,84.8,80.02,83.75,83.75,4541550
2024-07-17,83.78,87.72,83.01,86.81,86.81,7482160
2024-07-18,87.15,88.76,86.22,88.08,88.08,4096510
2024-07-19,88.4,89.53,86.92,87.53,87.53,3911980
2024-07-22,88.0,88.86,85.5,86.08,86.08,3353600
2024-07-23,86.06,87.12,85.62,86.4,86.4,1805900
2024-07-24,86.5,86.78,85.7,86.45,86.45,1489670
2024-07-25,86.45,88.29,85.54,87.67,87.67,2719060
2024-07-26,87.86,88.61,84.02,84.49,84.49,4451080
2024-07-29,84.1,84.23,82.16,82.49,82.49,2587660
2024-07-30,82.47,83.47,81.83,83.22,83.22,2073190
2024-07-31,82.71,84.0,82.24,83.09,83.09,1551950
2024-08-01,83.15,83.58,81.9,82.41,82.41,1264090
2024-08-02,82.4,83.27,80.71,81.11,81.11,3395650
2024-08-05,80.61,80.98,78.18,78.89,78.89,6113830
2024-08-06,79.06,79.8,78.32,78.74,78.74,4286940
2024-08-07,78.99,82.0,78.0,81.91,81.91,7971530
2024-08-08,82.0,82.4,80.31,80.5,80.5,3101810
2024-08-09,80.19,82.9,80.02,82.9,82.9,2430240
2024-08-12,82.8,82.97,80.73,82.57,82.57,5554080
2024-08-13,82.57,87.0,81.44,86.99,86.99,12988870
2024-08-14,87.5,87.69,85.29,85.72,85.72,5331310
2024-08-15,85.75,85.78,84.27,84.37,84.37,2178220
2024-08-16,84.91,85.69,83.93,84.53,84.53,2434480
2024-08-19,84.8,85.42,81.21,81.9,81.9,4750490
2024-08-20,81.9,82.8,80.89,81.72,81.72,2112940
2024-08-21,81.98,82.5,81.01,82.46,82.46,1883630
2024-08-22,82.45,82.66,79.02,79.11,79.11,2809080
2024-08-23,79.0,79.98,75.3,77.1,77.1,5837320
2024-08-26,77.89,81.51,77.55,81.28,81.28,5100420
2024-08-27,81.28,81.35,78.74,79.45,79.45,4106050
2024-08-28,79.45,80.28,77.31,79.23,79.23,4271780
2024-08-29,79.51,79.89,77.81,78.72,78.72,2530510
2024-08-30,78.72,79.28,75.77,76.35,76.35,3711320
2024-09-02,76.27,76.76,69.71,70.79,70.79,11529710
2024-09-03,70.79,72.38,69.55,70.28,70.28,8234820
2024-09-04,70.28,72.67,69.77,72.34,72.34,9014630
2024-09-05,72.96,74.96,72.3,73.26,73.26,9393710
2024-09-06,73.79,73.98,72.0,73.57,73.57,4167960
2024-09-09,73.9,76.55,73.8,76.3,76.3,6697470
2024-09-10,76.49,76.88,75.0,75.8,75.8,5276900
2024-09-11,75.8,76.47,73.26,73.41,73.41,3306470
2024-09-12,74.19,74.19,72.39,73.61,73.61,3721630
2024-09-13,73.61,75.93,71.56,75.65,75.65,6228930
2024-09-16,76.8,78.5,76.02,78.36,78.36,7964620
2024-09-17,78.91,79.9,77.86,79.33,79.33,6153440
2024-09-18,79.57,80.26,78.75,78.9,78.9,3784750
2024-09-19,78.85,79.18,77.1,78.06,78.06,6899440
2024-09-20,78.01,80.2,78.01,79.7,79.7,5387920
2024-09-23,80.4,81.45,80.0,80.97,80.97,5500880
2024-09-24,81.29,81.7,80.23,81.01,81.01,4775300
2024-09-25,81.0,81.94,79.68,80.63,80.63,7330710
2024-09-26,80.38,80.51,79.41,80.48,80.48,7969380
2024-09-27,75.1,77.43,74.8,76.67,76.67,13340610
2024-09-30,76.48,77.89,75.64,75.83,75.83,5155490
2024-10-01,75.66,76.37,74.63,74.67,74.67,3468970
2024-10-02,75.01,75.4,72.92,72.99,72.99,4804340
2024-10-03,73.01,73.43,70.47,72.32,72.32,10813480
2024-10-04,72.81,74.21,72.18,74.09,74.09,3348200
2024-10-07,74.1,74.27,71.09,71.88,71.88,5691320
2024-10-08,71.8,74.9,71.51,74.32,74.32,14077790
2024-10-09,74.48,74.48,72.21,73.17,73.17,3098770
2024-10-10,73.27,74.21,72.62,72.81,72.81,2108660
2024-10-11,73.04,73.22,72.0,72.6,72.6,1928220
2024-10-14,72.74,74.2,71.52,72.64,72.64,4797570
2024-10-15,72.64,73.42,72.19,73.08,73.08,2180890
2024-10-16,73.25,74.35,72.94,73.65,73.65,3333110
2024-10-17,73.75,74.3,72.51,72.54,72.54,2586940
2024-10-18,72.34,72.94,71.36,71.7,71.7,2456480
2024-10-21,71.72,72.39,70.85,70.99,70.99,2375390
2024-10-22,71.44,71.44,70.51,70.51,70.51,1762420
2024-10-23,70.5,70.7,69.0,69.06,69.06,2675880
2024-10-24,69.06,69.39,67.5,68.25,68.25,4155470
2024-10-25,68.42,68.58,65.63,66.09,66.09,7109210
2024-10-28,65.0,65.53,61.7,62.05,62.05,13819850
2024-10-29,62.28,62.9,60.09,62.19,62.19,8248040
2024-10-30,62.26,63.36,60.97,61.36,61.36,5936280
2024-10-31,61.7,61.7,58.9,59.26,59.26,9490970
2024-11-01,59.32,61.98,59.1,61.76,61.76,9687110
2024-11-02,61.76,61.95,61.12,61.65,61.65,2620290
2024-11-05,61.7,62.48,60.33,62.0,62.0,3894500
2024-11-06,64.05,64.84,62.23,63.01,63.01,7137930
2024-11-07,62.8,64.9,61.7,64.86,64.86,3942390
2024-11-08,65.1,66.74,64.31,66.73,66.73,7932300
2024-11-11,66.96,68.75,66.54,68.26,68.26,4772280
2024-11-12,67.5,67.8,64.5,64.52,64.52,17107970
2024-11-13,63.65,65.11,63.05,63.45,63.45,10241310
2024-11-14,63.27,64.59,62.6,63.17,63.17,5894420
2024-11-15,63.4,64.4,62.43,64.16,64.16,3527470
2024-11-18,62.11,62.7,62.0,62.0,62.0,5761650
2024-11-19,62.1,62.37,58.9,59.62,59.62,14653070
2024-11-20,59.92,60.33,56.95,57.62,57.62,11415370
2024-11-21,57.54,58.05,55.01,56.45,56.45,11756620
2024-11-22,56.6,56.89,55.63,55.75,55.75,4847070
2024-11-25,55.8,56.05,52.92,53.47,53.47,6385280
2024-11-26,53.2,54.48,51.01,52.88,52.88,10615870
2024-11-27,52.69,54.15,51.26,53.98,53.98,8479790
2024-11-28,54.19,55.27,53.1,54.86,54.86,5807580
2024-11-29,54.69,55.58,53.8,54.36,54.36,5154090
2024-12-02,54.98,55.83,54.4,55.21,55.21,4554930
2024-12-03,55.33,55.98,52.55,53.21,53.21,4908640
2024-12-04,53.5,54.75,51.65,52.02,52.02,7943560
2024-12-05,52.0,52.92,50.46,52.69,52.69,8792550
2024-12-06,52.98,54.59,52.18,53.62,53.62,5311170
2024-12-09,53.96,55.6,53.78,55.24,55.24,6234600
2024-12-10,55.24,55.24,52.72,53.37,53.37,7657090
2024-12-11,53.33,53.58,52.3,53.13,53.13,7994220
2024-12-12,53.46,53.98,51.57,51.73,51.73,10829690
2024-12-13,51.73,52.34,51.0,51.91,51.91,6960470
2024-12-16,51.9,51.96,49.95,50.42,50.42,7060380
2024-12-17,50.38,51.03,50.06,50.5,50.5,5020930
2024-12-18,50.73,52.04,50.28,51.7,51.7,3279940
2024-12-19,51.73,53.7,51.17,51.66,51.66,7762800
2024-12-20,51.8,57.35,51.05,57.3,57.3,13284060
2024-12-23,57.55,60.95,57.48,58.75,58.75,12643360
2024-12-24,58.75,59.1,57.44,57.72,57.72,4168240
2024-12-25,57.69,58.69,57.48,58.46,58.46,4530520
2024-12-26,58.7,59.85,58.47,59.27,59.27,6303950
2024-12-27,59.3,60.33,59.04,59.97,59.97,5576440
2024-12-28,59.8,61.87,59.51,61.62,61.62,6403550
2024-12-30,62.6,66.07,62.0,65.18,65.18,8184530
2025-01-03,65.55,65.58,63.41,64.3,64.3,3457280
2025-01-06,63.57,64.89,62.2,64.75,64.75,2719310
2025-01-08,64.85,66.7,64.45,65.69,65.69,2495060
2025-01-09,65.94,66.13,62.36,62.61,62.61,5642670
2025-01-10,63.23,65.5,60.7,65.26,65.26,8037880
2025-01-13,66.2,67.16,63.63,64.2,64.2,10710190
2025-01-14,64.2,64.75,62.59,63.81,63.81,9406130
2025-01-15,63.82,65.44,62.87,65.15,65.15,11142840
2025-01-16,65.4,66.32,64.37,65.92,65.92,8272010
2025-01-17,65.8,68.88,65.19,67.8,67.8,9519380
2025-01-20,68.7,68.96,65.77,66.1,66.1,7267480
2025-01-21,66.2,67.53,64.39,67.26,67.26,8823440
2025-01-22,67.72,68.0,66.57,67.09,67.09,5247190
2025-01-23,66.9,67.58,64.8,66.48,66.48,5107200
2025-01-24,66.54,66.97,65.3,65.97,65.97,4178650
2025-01-27,65.97,66.39,64.18,64.45,64.45,3602760
2025-01-28,64.45,65.43,64.0,65.24,65.24,3222790
2025-01-29,65.23,66.6,65.02,65.93,65.93,4381520
2025-01-30,65.8,66.55,65.43,66.21,66.21,2000790
2025-01-31,66.24,67.32,65.49,65.64,65.64,4658670
2025-02-03,65.64,65.64,64.56,65.27,65.27,2433130
2025-02-04,65.27,66.55,64.71,65.02,65.02,9719390
2025-02-05,65.0,65.7,62.85,65.41,65.41,6916780
2025-02-06,65.23,65.7,64.6,65.17,65.17,2991190
2025-02-07,65.48,65.6,64.32,64.84,64.84,2479920
2025-02-10,65.17,66.98,64.8,65.19,65.19,7003440
2025-02-11,65.26,69.7,65.25,69.66,69.66,15465460
2025-02-12,69.69,74.64,67.4,74.19,74.19,30134310
2025-02-13,74.2,74.64,70.11,72.19,72.19,16345380
2025-02-14,70.78,75.0,70.78,72.38,72.38,12503320
2025-02-17,73.0,75.0,73.0,74.88,74.88,7487110
2025-02-18,74.9,75.0,71.5,71.94,71.94,8777170
2025-02-19,71.86,75.6,71.86,74.85,74.85,9227620
2025-02-20,74.67,79.0,74.11,78.6,78.6,20887270
2025-02-21,78.4,80.92,77.69,80.3,80.3,14049430
2025-02-24,80.3,80.46,78.64,80.16,80.16,8624370
2025-02-25,79.8,80.63,78.2,79.57,79.57,6393030
2025-02-26,79.57,80.15,73.5,73.61,73.61,22689900
2025-02-27,73.44,73.96,70.11,70.44,70.44,14194580
2025-02-28,69.77,73.38,68.7,72.12,72.12,12606470
2025-03-01,72.49,72.49,71.82,71.83,71.83,98040
2025-03-02,71.59,71.85,71.11,71.12,71.12,424430
2025-03-03,70.58,71.12,68.31,69.52,69.52,10373360
2025-03-04,69.21,72.74,69.21,72.2,72.2,8880370
2025-03-05,72.2,74.28,71.22,71.81,71.81,10489450
2025-03-06,71.9,73.44,71.53,72.55,72.55,4925600
2025-03-07,72.55,73.15,69.55,71.04,71.04,5878660
2025-03-10,71.48,72.03,70.9,71.19,71.19,3577550
2025-03-11,71.15,71.44,69.14,69.78,69.78,6876910
2025-03-12,69.11,70.17,67.42,68.04,68.04,9976910
2025-03-13,68.22,69.75,66.55,68.22,68.22,8980400
2025-03-14,68.22,70.2,66.81,69.85,69.85,10884700
2025-03-15,69.85,70.54,69.65,70.21,70.21,246680
2025-03-16,69.84,71.0,69.61,70.98,70.98,572820
2025-03-17,70.98,72.1,70.21,70.79,70.79,5043950
2025-03-18,70.81,71.5,69.44,69.79,69.79,5720160
2025-03-19,70.0,70.59,68.87,70.34,70.34,3787320
2025-03-20,70.2,71.38,68.8,70.56,70.56,8004740
2025-03-21,70.49,71.0,69.8,70.39,70.39,5910350
2025-03-24,70.3,72.36,69.62,71.46,71.46,10370070
2025-03-25,71.46,73.18,70.54,72.5,72.5,13217260
2025-03-26,72.7,73.2,70.51,71.14,71.14,6178540
2025-03-27,71.09,71.4,68.08,68.28,68.28,9053590
2025-03-28,68.21,68.91,65.15,65.97,65.97,10520310
2025-03-29,65.91,66.3,64.89,65.3,65.3,486050
2025-03-30,65.29,65.69,64.89,64.89,64.89,283360
2025-03-31,64.89,66.97,63.26,66.11,66.11,7633120
2025-04-01,66.11,68.22,63.69,63.69,63.69,10220430
2025-04-02,64.36,65.93,63.72,65.42,65.42,7563780
2025-04-03,65.45,66.07,61.5,62.7,62.7,11244200
2025-04-04,63.02,63.56,58.87,59.37,59.37,11339160
2025-04-05,59.37,59.58,58.09,58.58,58.58,954170
2025-04-06,58.67,59.94,58.65,59.79,59.79,1797470
2025-04-07,59.3,60.6,54.21,59.2,59.2,15527790
2025-04-08,58.88,61.52,58.88,59.23,59.23,9765900
2025-04-09,59.73,62.0,56.0,61.73,61.73,13053350
2025-04-10,61.7,62.9,59.73,60.57,60.57,8678860
2025-04-11,60.21,62.98,58.12,59.24,59.24,26108990
2025-04-12,59.73,59.88,59.73,59.73,59.73,1250080
2025-04-13,59.73,59.73,59.73,59.73,59.73,600380
2025-04-14,59.5,59.5,55.38,55.77,55.77,35218040
2025-04-15,55.77,56.39,54.31,55.69,55.69,23128210
2025-04-16,55.6,57.78,55.01,56.65,56.65,16930960
2025-04-17,56.63,57.7,56.53,57.42,57.42,6721970
2025-04-18,56.8,57.33,56.02,56.96,56.96,5614960
2025-04-21,57.16,57.99,56.9,57.77,57.77,4304910
2025-04-22,57.7,61.3,57.57,60.86,60.86,14297490
2025-04-23,60.72,60.86,58.53,59.7,59.7,7929790
2025-04-24,59.75,61.87,59.7,60.94,60.94,9717920
2025-04-25,60.94,62.0,60.67,61.47,61.47,7725950
2025-04-26,61.55,62.0,61.35,61.5,61.5,1251820
2025-04-27,61.8,62.0,61.61,61.7,61.7,189560
2025-04-28,61.6,62.22,58.97,59.85,59.85,19128310
2025-04-29,59.95,60.43,57.54,57.81,57.81,7196120
2025-04-30,57.85,58.0,56.29,57.7,57.7,7991060
2025-05-02,57.7,57.87,55.55,55.6,55.6,4432490
2025-05-03,55.51,56.44,55.51,55.66,55.66,414880
2025-05-04,55.66,56.94,55.43,56.62,56.62,1117540
2025-05-05,56.52,56.78,54.6,55.37,55.37,6357470
2025-05-06,55.1,56.25,54.72,55.28,55.28,7242340
2025-05-07,55.28,56.4,54.85,56.15,56.15,4688320
2025-05-08,56.47,57.92,56.3,57.26,57.26,4892120
2025-05-10,57.26,57.63,56.85,57.15,57.15,380840
2025-05-11,57.69,57.99,57.06,57.48,57.48,1328000
2025-05-12,58.05,58.85,57.57,58.36,58.36,8284080
2025-05-13,58.45,58.69,55.84,57.17,57.17,16151070
2025-05-14,57.2,57.97,56.4,56.58,56.58,8288330
2025-05-15,56.5,56.92,55.0,56.2,56.2,6286940
2025-05-16,56.2,56.46,55.0,55.93,55.93,6996520
2025-05-17,55.99,57.25,55.93,57.07,57.07,897870
2025-05-18,57.17,57.65,57.02,57.35,57.35,918390
2025-05-19,57.1,57.33,55.8,55.95,55.95,10059190
2025-05-20,56.16,56.2,54.74,55.0,55.0,8416680
2025-05-21,55.05,55.49,54.5,54.5,54.5,5035480
2025-05-22,54.5,55.47,53.23,54.41,54.41,10780220
2025-05-23,54.61,54.77,53.81,54.04,54.04,4815360
2025-05-26,54.03,54.25,52.48,52.79,52.79,6171640
2025-05-27,52.79,55.6,51.55,55.34,55.34,11771870
2025-05-28,55.22,56.5,55.05,55.82,55.82,9122130
2025-05-29,56.01,56.7,54.97,55.22,55.22,10439850
2025-05-30,55.22,58.0,54.91,57.87,57.87,20473950
2025-05-31,58.0,58.85,57.97,58.41,58.41,1712460
2025-06-01,58.41,58.59,56.22,56.73,56.73,4093060
2025-06-02,56.8,58.92,56.46,58.48,58.48,12759220
2025-06-03,58.49,60.1,58.0,59.99,59.99,10475330
2025-06-04,60.06,60.91,58.24,58.55,58.55,10516820
2025-06-05,58.55,60.38,58.55,59.47,59.47,8956030
2025-06-06,58.91,61.83,56.45,56.98,56.98,21013270
2025-06-07,57.17,57.2,56.82,57.13,57.13,498900
2025-06-08,57.14,57.35,56.6,57.12,57.12,700250
2025-06-09,56.88,57.49,55.5,56.27,56.27,7670600
2025-06-10,56.35,56.68,55.04,55.45,55.45,4021830
2025-06-11,55.5,55.97,54.82,54.93,54.93,4763360
2025-06-13,55.5,55.69,54.65,54.95,54.95,1938210
2025-06-14,54.95,55.28,54.95,55.19,55.19,235730
2025-06-15,55.35,55.59,55.05,55.3,55.3,480560
2025-06-16,55.45,55.5,53.72,53.88,53.88,5339800
2025-06-17,53.88,55.15,53.84,54.99,54.99,5134050
2025-06-18,55.0,55.14,54.14,54.66,54.66,3508790
2025-06-19,54.7,54.91,54.02,54.35,54.35,4252280
2025-06-20,54.15,54.72,53.91,54.07,54.07,3161230
2025-06-23,54.07,54.23,52.22,52.91,52.91,12696540
2025-06-24,53.22,54.25,52.6,54.02,54.02,4239600
2025-06-25,54.19,56.6,53.93,56.41,56.41,15409970
2025-06-26,56.32,57.1,55.41,56.24,56.24,7867090
2025-06-27,56.24,56.9,55.55,56.68,56.68,7390680
2025-06-28,56.89,57.19,56.65,56.83,56.83,610840
2025-06-29,56.71,57.08,56.5,56.57,56.57,675720
2025-06-30,56.85,58.76,56.5,57.96,57.96,12230380
2025-07-01,58.09,58.35,57.13,57.74,57.74,5729530
2025-07-02,57.63,58.33,57.43,57.75,57.75,5047290
2025-07-03,57.41,59.2,57.2,58.23,58.23,10448940
2025-07-04,58.04,59.14,57.25,58.38,58.38,6593680
2025-07-05,58.38,59.31,58.31,58.8,58.8,328780
2025-07-06,58.78,58.84,58.55,58.73,58.73,93180
2025-07-07,58.73,58.87,57.34,57.52,57.52,5014970
2025-07-08,57.5,59.99,56.93,59.01,59.01,11317320
2025-07-09,58.85,59.85,57.5,59.6,59.6,8929000
2025-07-10,59.59,61.0,59.39,60.28,60.28,8818630
2025-07-11,60.49,60.49,57.31,57.57,57.57,10792400
2025-07-12,57.57,58.15,57.34,57.73,57.73,259220
2025-07-13,57.62,57.92,57.51,57.66,57.66,221700
2025-07-14,57.6,60.05,57.17,60.03,60.03,11858970
2025-07-15,60.01,60.17,58.69,59.29,59.29,12382480
2025-07-16,59.4,62.2,59.23,61.64,61.64,18070560
2025-07-17,61.64,63.69,61.19,61.59,61.59,19597210
2025-07-18,61.49,63.55,61.06,63.44,63.44,19442930
2025-07-19,63.44,64.89,63.15,64.0,64.0,1577750
2025-07-20,64.14,64.99,64.14,64.79,64.79,1308940
2025-07-21,64.8,65.75,63.72,65.7,65.7,9888690
2025-07-22,65.74,65.95,64.75,64.8,64.8,5417500
2025-07-23,64.88,66.4,64.88,65.47,65.47,6477570
2025-07-24,65.47,66.1,65.3,65.52,65.52,3179700
2025-07-25,65.58,65.96,63.12,63.86,63.86,9823250
2025-07-26,63.9,64.24,63.87,64.18,64.18,510700
2025-07-27,64.18,64.29,63.81,63.98,63.98,284880
2025-07-28,64.03,64.36,61.55,61.65,61.65,7194760
2025-07-29,62.0,62.86,61.51,61.95,61.95,4896760
2025-07-30,61.95,62.61,60.82,61.17,61.17,3232580
2025-07-31,61.4,62.09,61.11,61.87,61.87,3300290
2025-08-01,61.87,63.25,61.69,62.85,62.85,7704710
2025-08-04,62.62,63.81,62.62,63.64,63.64,4257600
2025-08-05,63.55,65.85,62.72,65.28,65.28,15785400
2025-08-06,65.28,69.2,65.11,68.83,68.83,47872620
2025-08-07,68.83,69.0,67.35,68.08,68.08,18657950
2025-08-08,68.08,68.95,67.84,68.92,68.92,8495480
2025-08-11,69.72,71.49,69.42,70.44,70.44,15134510
2025-08-12,70.45,72.57,70.29,72.42,72.42,13425570
2025-08-13,69.88,70.29,69.03,69.5,69.5,15973320
2025-08-14,69.27,69.87,67.43,69.4,69.4,11744960
2025-08-15,69.45,71.9,69.08,71.3,71.3,10990840
2025-08-16,70.18,70.27,69.21,69.21,69.21,1706240
2025-08-17,69.4,69.4,69.21,69.21,69.21,69760
2025-08-18,69.2,71.0,68.57,70.59,70.59,6176560
2025-08-19,70.59,71.27,69.59,69.93,69.93,2515380
2025-08-20,69.93,71.0,69.53,70.5,70.5,4756200
2025-08-21,70.75,71.95,69.02,69.56,69.56,12487820
2025-08-22,69.56,70.63,68.8,69.96,69.96,4404220
2025-08-23,69.98,69.99,69.75,69.78,69.78,30380
2025-08-24,69.78,69.9,69.57,69.74,69.74,73290
2025-08-25,69.78,72.29,68.91,72.04,72.04,9984630
2025-08-26,72.2,73.95,72.08,73.55,73.55,11768070
2025-08-27,73.63,74.38,72.67,73.99,73.99,7836520
2025-08-28,73.89,74.5,72.2,72.53,72.53,5520920
2025-08-29,72.11,73.3,71.61,72.16,72.16,3382870
2025-08-30,72.0,72.16,71.88,72.0,72.0,104380
2025-08-31,72.0,72.53,71.98,72.51,72.51,159140
2025-09-01,72.5,73.49,71.8,72.16,72.16,2337000
2025-09-02,71.98,72.6,69.55,70.78,70.78,4611240
2025-09-03,70.78,70.9,69.09,70.2,70.2,5122270
2025-09-04,70.1,71.2,69.21,69.7,69.7,4663770
2025-09-05,69.7,70.04,69.01,69.98,69.98,3352610
2025-09-06,69.97,70.09,69.82,69.96,69.96,169750
2025-09-07,69.94,70.54,69.8,70.36,70.36,161970
2025-09-08,70.29,70.76,68.85,69.75,69.75,4211920
2025-09-09,69.97,70.19,69.25,69.86,69.86,4717280
2025-09-10,69.85,69.97,68.22,68.96,68.96,6440550
2025-09-11,69.0,69.47,67.35,68.13,68.13,4440290
2025-09-12,68.13,68.66,65.61,65.74,65.74,9614580
2025-09-13,66.05,66.05,65.31,65.7,65.7,203650
2025-09-14,65.7,66.59,65.31,66.32,66.32,349780
2025-09-15,66.3,67.13,62.55,63.13,63.13,11969420
2025-09-16,63.13,64.42,61.99,63.44,63.44,8373680
2025-09-17,63.33,64.33,62.51,63.68,63.68,4554740
2025-09-18,63.68,63.84,62.55,62.57,62.57,5922550
2025-09-19,62.6,63.62,62.08,62.55,62.55,6111640
2025-09-22,62.48,62.5,59.33,61.02,61.02,12537810
2025-09-23,61.28,62.24,60.01,60.55,60.55,6929020
2025-09-24,60.5,62.79,59.9,61.73,61.73,8103700
2025-09-25,61.73,62.1,60.58,60.85,60.85,4087960
2025-09-26,60.69,61.91,59.82,61.82,61.82,3754230
2025-09-27,61.85,62.24,61.65,61.87,61.87,60420
2025-09-28,61.87,62.03,61.56,61.72,61.72,49100
2025-09-29,61.75,62.18,58.36,58.45,58.45,8759400
2025-09-30,58.45,58.98,57.41,58.4,58.4,6280580
2025-10-01,58.42,59.17,57.18,57.68,57.68,3928010
2025-10-02,57.8,58.18,56.52,56.93,56.93,4044560
2025-10-03,57.0,58.09,55.8,56.11,56.11,4385980
2025-10-04,56.33,56.39,55.6,55.74,55.74,630320
2025-10-05,55.81,56.28,55.6,56.15,56.15,296190
2025-10-06,56.22,58.9,56.1,58.1,58.1,6140950
2025-10-07,58.1,59.91,57.81,59.31,59.31,6625730
2025-10-08,59.51,59.67,55.84,56.65,56.65,9690850
2025-10-09,56.76,59.77,54.28,58.0,58.0,15130000
2025-10-10,58.0,58.3,56.25,56.98,56.98,4992580
2025-10-11,56.85,57.38,56.24,56.97,56.97,311010
2025-10-12,57.04,57.88,56.97,57.59,57.59,378070
2025-10-13,57.34,59.59,56.7,58.93,58.93,8557470
2025-10-14,58.82,60.63,57.94,59.75,59.75,15160290
2025-10-15,59.93,60.97,58.6,60.32,60.32,8739560
2025-10-16,60.47,65.5,60.21,65.15,65.15,10220040
2025-10-17,66.0,66.0,63.44,64.23,64.23,6319740
2025-10-18,64.3,65.6,64.3,65.5,65.5,761960
2025-10-19,65.56,65.9,64.74,65.18,65.18,393700
2025-10-20,64.87,66.76,64.58,66.5,66.5,5307420
2025-10-21,66.6,66.73,62.39,64.05,64.05,8418330
2025-10-22,63.71,64.98,62.07,62.9,62.9,7998560
2025-10-23,61.93,63.8,61.33,63.47,63.47,4363950
2025-10-24,63.4,65.59,61.2,61.32,61.32,8848940
2025-10-27,61.21,61.25,57.59,58.18,58.18,12234111
2025-10-28,58.2,59.32,57.63,58.75,58.75,5024770
2025-10-29,58.98,59.99,58.63,59.55,59.55,3753220
2025-10-30,59.55,60.4,59.14,60.03,60.03,3523720
2025-10-31,60.03,60.89,58.4,58.95,58.95,5342350
2025-11-01,58.95,59.84,58.81,59.67,59.67,2218440
2025-11-03,59.73,61.17,59.55,60.62,60.62,2315560
2025-11-05,60.56,63.0,60.0,61.29,61.29,6418220
2025-11-06,61.25,62.95,60.98,62.6,62.6,2935730
2025-11-07,62.54,63.58,61.54,61.79,61.79,5111220
2025-11-08,61.95,62.45,61.8,62.24,62.24,183470
2025-11-09,62.23,62.44,62.19,62.3,62.3,244190
2025-11-10,62.2,63.03,61.57,61.71,61.71,3797260
2025-11-11,61.68,61.76,60.7,61.48,61.48,3045110
2025-11-12,61.47,62.21,60.21,60.89,60.89,6225640
2025-11-13,60.89,61.35,58.86,59.25,59.25,7224600
2025-11-14,59.25,60.11,58.05,58.34,58.34,7042430
2025-11-15,58.34,58.8,58.34,58.48,58.48,223430
2025-11-16,58.5,58.54,58.22,58.41,58.41,127740
2025-11-17,58.46,58.46,56.52,56.93,56.93,7506540
2025-11-18,57.01,57.54,56.5,57.14,57.14,11595950
2025-11-19,57.4,58.86,57.15,58.06,58.06,14710390
2025-11-20,58.3,59.3,57.38,59.12,59.12,16709470
2025-11-21,59.0,59.4,57.7,58.0,58.0,13159980
2025-11-24,58.12,58.72,57.32,57.64,57.64,6356570
2025-11-25,57.69,59.32,57.44,58.51,58.51,7995760
2025-11-26,58.39,59.15,58.08,58.76,58.76,4464530
2025-11-27,58.85,59.61,57.75,57.99,57.99,7957040
2025-11-28,58.01,58.97,57.99,58.75,58.75,4548830
2025-11-29,58.68,58.84,58.32,58.53,58.53,466090
2025-11-30,58.53,58.88,58.35,58.85,58.85,650650
2025-12-01,58.8,59.94,58.46,59.01,59.01,5910510
2025-12-02,59.02,59.36,58.15,58.77,58.77,5113720
2025-12-03,58.2,58.56,57.22,57.89,57.89,8932050
2025-12-04,58.01,58.68,57.93,58.09,58.09,3556270
2025-12-05,58.25,59.73,58.12,59.3,59.3,9679580
2025-12-08,59.35,60.6,58.58,58.73,58.73,7802880
2025-12-09,58.7,60.18,58.58,60.09,60.09,5692000
2025-12-10,60.1,61.22,59.65,60.59,60.59,8203710
2025-12-11,60.47,61.75,60.47,60.95,60.95,7468940
2025-12-12,60.95,62.46,60.33,61.11,61.11,14874200
2025-12-13,61.23,61.43,61.12,61.19,61.19,345600
2025-12-14,61.21,61.38,60.81,60.85,60.85,331600
2025-12-15,61.15,62.44,61.0,62.22,62.22,7808450
2025-12-16,62.26,63.9,62.22,63.89,63.89,5994560
2025-12-17,63.93,65.28,63.71,64.51,64.51,10701310
2025-12-18,64.54,64.84,63.36,64.02,64.02,5397710
2025-12-19,64.09,64.9,62.0,63.48,63.48,11246900
2025-12-20,63.48,63.6,62.97,63.17,63.17,255570
2025-12-21,63.0,63.26,62.83,63.0,63.0,217700
2025-12-22,63.04,63.36,61.66,61.68,61.68,5744010
2025-12-23,61.68,63.54,61.45,63.51,63.51,6411380
2025-12-24,63.76,63.93,62.42,62.54,62.54,3207700
2025-12-25,62.65,62.99,62.0,62.81,62.81,2600980
2025-12-26,62.72,63.77,62.72,63.51,63.51,1262470
