Date,Open,High,Low,Close,Adj Close,Volume
2011-12-15,79.9,82.55,79.39,82.27,82.27,326291450
2011-12-16,82.7,83.38,80.51,80.63,80.63,222904100
2011-12-19,80.1,82.4,78.92,81.8,81.8,244669450
2011-12-20,81.49,82.75,80.12,82.71,82.71,214515410
2011-12-21,83.46,83.77,80.15,80.22,80.22,241736430
2011-12-22,81.41,81.41,79.0,79.99,79.99,178441460
2011-12-23,80.6,81.1,79.65,80.0,80.0,123492000
2011-12-26,80.48,81.95,80.13,81.42,81.42,87519430
2011-12-27,81.32,81.75,79.52,80.0,80.0,83223050
2011-12-28,79.99,80.2,79.03,79.28,79.28,70881100
2011-12-29,79.0,79.01,77.2,78.8,78.8,102850780
2011-12-30,79.03,79.73,78.0,79.4,79.4,60992850
2012-01-03,80.12,82.5,80.12,82.41,82.41,79049790
2012-01-04,82.44,84.48,81.91,83.52,83.52,136772110
2012-01-05,83.52,84.44,82.05,82.55,82.55,110283870
2012-01-06,82.51,84.38,81.67,83.2,83.2,126161090
2012-01-09,82.6,84.22,82.42,83.88,83.88,89385070
2012-01-10,84.38,87.25,84.24,86.81,86.81,231676230
2012-01-11,86.25,86.91,84.34,84.85,84.85,247416950
2012-01-12,85.2,86.38,84.04,84.3,84.3,222091930
2012-01-13,84.61,85.15,83.53,83.6,83.6,182459130
2012-01-16,83.0,84.21,82.55,83.95,83.95,124331590
2012-01-17,84.81,85.65,84.19,84.66,84.66,196357760
2012-01-18,84.66,85.56,83.95,84.7,84.7,174659590
2012-01-19,85.48,86.04,84.76,85.7,85.7,227812500
2012-01-20,86.0,86.28,84.82,85.13,85.13,161054350
2012-01-23,84.95,85.67,83.82,85.02,85.02,231997760
2012-01-24,84.85,85.49,84.47,85.04,85.04,174639920
2012-01-25,85.6,87.87,85.56,87.05,87.05,333071400
2012-01-26,88.0,90.8,87.97,90.4,90.4,362190490
2012-01-27,89.69,91.28,89.63,90.8,90.8,200327380
2012-01-30,90.15,90.69,88.86,88.92,88.92,176819850
2012-01-31,89.79,90.92,89.61,90.17,90.17,179109830
2012-02-01,89.72,92.93,89.17,92.75,92.75,255303400
2012-02-02,93.1,93.85,91.92,92.62,92.62,238150070
2012-02-03,92.51,94.79,92.32,94.52,94.52,163941140
2012-02-06,94.81,94.88,93.46,93.8,93.8,156747030
2012-02-07,94.0,94.45,92.85,93.46,93.46,173155180
2012-02-08,94.22,95.39,94.22,95.17,95.17,183859380
2012-02-09,95.08,96.37,94.64,95.28,95.28,244928870
2012-02-10,94.51,94.93,93.63,93.94,93.94,154301080
2012-02-13,94.63,96.37,94.63,96.19,96.19,171469900
2012-02-14,95.8,97.22,95.37,96.36,96.36,174978480
2012-02-15,97.32,97.77,96.66,97.2,97.2,169883490
2012-02-16,96.0,96.45,95.5,96.24,96.24,169841370
2012-02-17,97.27,97.39,96.46,96.76,96.76,149610900
2012-02-20,97.6,98.16,97.44,97.5,97.5,96506980
2012-02-21,97.77,97.77,96.31,96.68,96.68,139554930
2012-02-22,96.99,97.48,95.24,96.09,96.09,152308980
2012-02-24,96.79,99.22,96.21,99.02,99.02,209221050
2012-02-27,98.6,99.96,98.41,99.72,99.72,185495470
2012-02-28,100.17,100.4,98.32,98.64,98.64,156238760
2012-02-29,99.11,100.3,98.91,100.19,100.19,165353640
2012-03-01,99.48,100.37,98.94,100.25,100.25,140916220
2012-03-02,100.79,101.75,99.95,101.6,101.6,172344990
2012-03-05,101.8,103.3,101.32,102.3,102.3,150583560
2012-03-06,101.76,101.76,97.12,97.37,97.37,258949960
2012-03-07,97.07,97.99,96.68,97.68,97.68,195392990
2012-03-11,99.6,99.98,99.33,99.57,99.57,54819740
2012-03-12,99.14,100.35,98.38,99.09,99.09,183129370
2012-03-13,99.7,100.89,99.37,100.53,100.53,141328770
2012-03-14,101.8,103.85,101.8,103.32,103.32,244652180
2012-03-15,102.45,103.0,100.3,100.65,100.65,273838110
2012-03-16,100.99,101.17,99.51,100.18,100.18,155860220
2012-03-19,100.93,101.63,98.63,99.67,99.67,165104350
2012-03-20,99.8,100.09,98.02,98.49,98.49,136881500
2012-03-21,98.88,99.45,97.42,98.2,98.2,169406250
2012-03-22,97.98,98.84,95.84,96.0,96.0,174676230
2012-03-23,96.33,97.62,95.72,97.6,97.6,169406920
2012-03-26,98.09,100.3,98.04,99.98,99.98,145024390
2012-03-27,100.47,100.94,97.65,97.79,97.79,164809690
2012-03-28,97.46,98.15,95.4,95.91,95.91,223090110
2012-03-29,95.75,96.42,93.4,93.55,93.55,200278500
2012-03-30,94.92,96.0,94.02,94.86,94.86,213564910
2012-04-02,95.4,96.2,94.46,95.13,95.13,145721740
2012-04-03,96.07,98.23,95.67,98.0,98.0,220727520
2012-04-04,97.05,97.95,96.01,96.17,96.17,178630150
2012-04-05,96.6,97.56,94.65,97.42,97.42,206109740
2012-04-06,97.4,97.75,95.42,95.64,95.64,116217370
2012-04-09,95.31,95.99,93.51,95.92,95.92,168407820
2012-04-10,95.79,96.87,95.3,95.55,95.55,181689200
2012-04-11,94.89,97.16,94.62,96.0,96.0,161909890
2012-04-12,96.4,96.74,94.6,95.41,95.41,141555250
2012-04-13,94.03,95.13,93.6,94.18,94.18,135304280
2012-04-16,93.52,93.74,91.43,92.31,92.31,189478980
2012-04-17,92.49,93.39,91.14,93.23,93.23,160227770
2012-04-18,94.0,94.68,92.61,92.9,92.9,139560760
2012-04-19,93.08,94.84,92.88,94.35,94.35,147573460
2012-04-20,93.91,95.29,93.64,95.0,95.0,122239810
2012-04-23,94.55,94.71,91.98,92.54,92.54,117834810
2012-04-24,92.6,93.61,91.44,92.65,92.65,119386460
2012-04-25,93.15,94.13,93.15,93.75,93.75,101935100
2012-04-26,94.08,94.28,91.61,92.62,92.62,99341000
2012-04-27,92.3,94.12,91.85,93.79,93.79,116572050
2012-04-28,93.79,94.16,93.52,93.95,93.95,14104410
2012-05-02,94.47,95.69,93.06,93.06,93.06,106143030
2012-05-03,93.3,93.64,92.12,92.55,92.55,106464200
2012-05-04,92.12,92.64,90.32,90.83,90.83,154978600
2012-05-05,90.52,90.98,90.09,90.42,90.42,23108560
2012-05-07,89.0,89.87,86.0,88.5,88.5,86033710
2012-05-08,89.02,90.4,87.63,89.53,89.53,104475140
2012-05-10,89.71,91.84,89.27,91.79,91.79,111584590
2012-05-11,90.94,91.22,89.46,91.04,91.04,104555420
2012-05-12,90.5,91.09,90.21,90.99,90.99,18762220
2012-05-14,90.39,90.55,87.42,87.55,87.55,105540170
2012-05-15,87.49,88.9,86.22,88.19,88.19,170375330
2012-05-16,86.92,87.91,86.5,86.91,86.91,181681380
2012-05-17,87.0,87.3,79.79,80.71,80.71,306004150
2012-05-18,78.9,81.08,75.3,78.19,78.19,391700980
2012-05-21,78.95,82.05,78.25,81.95,81.95,205764160
2012-05-22,82.7,83.36,80.7,82.82,82.82,185386800
2012-05-23,81.34,81.5,78.57,78.65,78.65,188314100
2012-05-24,79.51,81.77,77.8,81.44,81.44,224620340
2012-05-25,81.12,82.9,79.85,79.87,79.87,175505600
2012-05-28,80.89,81.86,79.95,80.37,80.37,104526820
2012-05-29,80.96,84.17,80.31,84.14,84.14,217454140
2012-05-30,83.41,83.79,81.84,82.38,82.38,207458020
2012-05-31,82.37,83.52,80.52,81.69,81.69,261418600
2012-06-01,81.6,82.15,77.95,78.86,78.86,195306920
2012-06-04,77.49,78.87,76.25,78.1,78.1,163454720
2012-06-05,78.89,79.79,77.4,78.11,78.11,134177110
2012-06-06,78.99,80.84,77.77,80.62,80.62,179165000
2012-06-07,81.1,83.75,79.91,83.44,83.44,210832240
2012-06-08,82.2,82.23,80.41,81.38,81.38,180114510
2012-06-09,81.99,82.28,81.37,81.58,81.58,27759130
2012-06-13,82.08,83.5,81.5,83.04,83.04,148406110
2012-06-14,82.72,83.36,82.48,83.05,83.05,95193610
2012-06-15,83.7,84.77,83.06,84.34,84.34,139141590
2012-06-18,85.3,86.59,85.24,86.2,86.2,148837240
2012-06-19,85.92,87.12,85.53,86.96,86.96,117555770
2012-06-20,86.96,87.26,85.51,85.73,85.73,91968250
2012-06-21,85.0,86.39,84.36,85.36,85.36,123303180
2012-06-22,84.24,84.35,83.38,83.76,83.76,110165790
2012-06-25,83.76,83.89,81.92,82.3,82.3,103217620
2012-06-26,82.4,84.34,82.4,83.6,83.6,103686890
2012-06-27,83.97,84.84,83.25,84.5,84.5,95345170
2012-06-28,84.98,84.98,82.65,82.8,82.8,106434890
2012-06-29,84.03,86.46,84.02,86.39,86.39,134360810
2012-07-02,86.17,88.14,85.76,87.65,87.65,124198380
2012-07-03,88.0,91.07,87.96,90.94,90.94,147059480
2012-07-04,90.63,91.25,89.65,91.1,91.1,74889060
2012-07-05,90.55,92.43,89.95,90.92,90.92,171353550
2012-07-06,90.42,91.37,88.75,89.2,89.2,127342730
2012-07-09,88.88,90.37,88.7,90.02,90.02,99331850
2012-07-10,89.55,91.75,89.36,91.0,91.0,114587200
2012-07-11,90.57,90.86,89.27,90.01,90.01,113419770
2012-07-12,89.8,90.09,88.37,88.92,88.92,106413970
2012-07-13,89.98,91.08,89.42,90.98,90.98,96078380
2012-07-16,91.0,91.28,90.35,90.85,90.85,71919810
2012-07-17,91.48,92.34,91.0,91.22,91.22,114044370
2012-07-18,91.5,92.15,91.11,91.6,91.6,69043120
2012-07-19,92.15,92.9,91.86,92.15,92.15,102096140
2012-07-20,91.65,91.78,90.11,90.12,90.12,81329600
2012-07-23,89.25,89.3,85.51,86.0,86.0,151248620
2012-07-24,87.0,87.0,84.43,84.45,84.45,139889040
2012-07-25,84.0,87.18,83.01,86.9,86.9,204992030
2012-07-26,87.0,88.95,86.07,88.45,88.45,155942810
2012-07-27,89.1,90.44,88.24,90.31,90.31,115108250
2012-07-30,90.5,91.75,90.5,91.24,91.24,89795510
2012-07-31,91.5,91.73,89.41,89.73,89.73,104652230
2012-08-01,89.5,90.89,89.3,89.39,89.39,92766490
2012-08-02,89.39,91.07,87.4,88.79,88.79,154257240
2012-08-03,88.79,91.87,88.45,91.66,91.66,126328370
2012-08-06,91.91,94.07,91.4,93.3,93.3,185823220
2012-08-07,92.99,94.44,92.56,93.97,93.97,115326320
2012-08-08,93.51,94.3,92.82,93.94,93.94,94891340
2012-08-09,94.39,95.35,93.01,93.87,93.87,110866830
2012-08-10,93.34,93.35,91.95,92.85,92.85,88352720
2012-08-13,93.13,94.44,92.86,93.18,93.18,95856680
2012-08-14,93.48,94.15,93.11,93.58,93.58,74818210
2012-08-15,93.14,93.2,91.72,92.98,92.98,116026880
2012-08-16,93.5,93.8,92.33,92.82,92.82,80646440
2012-08-17,93.35,93.39,92.0,92.05,92.05,81586390
2012-08-20,92.24,92.45,91.12,91.52,91.52,93102360
2012-08-21,91.93,93.6,91.93,93.57,93.57,95928090
2012-08-22,92.8,93.45,92.23,92.55,92.55,82536390
2012-08-23,93.35,95.05,92.9,93.04,93.04,150287250
2012-08-24,92.5,93.47,92.17,92.91,92.91,100632610
2012-08-27,93.47,93.75,92.51,92.81,92.81,75908300
2012-08-28,92.69,94.8,92.48,94.48,94.48,130671700
2012-08-29,94.5,95.48,94.13,94.54,94.54,126515990
2012-08-30,94.39,94.79,93.41,93.49,93.49,78356390
2012-08-31,93.61,94.18,93.0,93.16,93.16,86066010
2012-09-03,93.2,94.5,93.17,94.08,94.08,59763380
2012-09-04,94.15,94.73,93.03,93.09,93.09,77520910
2012-09-05,92.86,93.13,92.22,92.85,92.85,93166920
2012-09-06,93.27,94.17,92.45,93.95,93.95,143877140
2012-09-07,94.32,95.76,93.62,93.86,93.86,158549880
2012-09-10,93.6,94.61,93.28,94.44,94.44,79357240
2012-09-11,93.7,94.24,93.37,94.03,94.03,77186830
2012-09-12,94.3,94.49,93.4,93.58,93.58,94913420
2012-09-13,93.36,93.71,92.4,92.75,92.75,80882070
2012-09-14,95.0,98.09,94.77,97.05,97.05,249373220
2012-09-17,96.32,96.38,94.48,95.57,95.57,215450280
2012-09-18,95.01,96.67,94.57,94.75,94.75,146341080
2012-09-19,94.8,95.28,92.81,93.78,93.78,314614770
2012-09-20,93.15,93.97,92.62,93.77,93.77,135170300
2012-09-21,94.48,94.6,93.58,94.16,94.16,110055620
2012-09-24,93.8,94.2,93.33,94.17,94.17,70281780
2012-09-25,94.35,94.46,93.46,93.75,93.75,86913310
2012-09-26,93.0,93.14,90.56,90.75,90.75,122383640
2012-09-27,91.48,91.64,89.45,90.07,90.07,128304760
2012-09-28,90.97,91.3,90.23,90.99,90.99,115659920
2012-10-01,90.61,92.34,90.61,92.33,92.33,96865770
2012-10-02,92.0,92.24,91.14,91.9,91.9,92216290
2012-10-03,91.52,92.64,90.94,91.92,91.92,92187360
2012-10-04,92.37,92.47,90.75,91.47,91.47,88357530
2012-10-05,92.02,93.52,91.71,93.02,93.02,105435230
2012-10-08,92.7,92.89,92.2,92.6,92.6,67933360
2012-10-09,92.99,93.08,92.06,92.63,92.63,66845380
2012-10-10,92.25,92.47,91.82,92.29,92.29,76743700
2012-10-11,91.8,92.95,91.8,92.64,92.64,67188530
2012-10-12,92.5,92.57,91.25,91.5,91.5,64442000
2012-10-15,91.5,92.27,90.95,91.28,91.28,60382100
2012-10-16,92.1,92.2,91.11,92.19,92.19,69671940
2012-10-17,92.2,93.31,92.1,93.12,93.12,87599870
2012-10-18,93.23,94.07,93.18,93.7,93.7,87822570
2012-10-19,93.45,93.65,92.72,93.19,93.19,54653190
2012-10-22,92.7,94.38,92.6,94.1,94.1,74302250
2012-10-23,93.81,94.06,93.07,93.59,93.59,82362330
2012-10-24,94.03,94.2,92.8,93.38,93.38,70765510
2012-10-25,93.29,93.83,92.76,92.89,92.89,56074380
2012-10-26,92.2,92.31,91.36,91.95,91.95,74421830
2012-10-29,91.65,92.19,91.12,91.7,91.7,42768390
2012-10-30,91.3,92.25,91.12,91.2,91.2,53669620
2012-10-31,91.27,92.2,91.2,91.79,91.79,52078220
2012-11-01,91.6,92.06,90.2,91.84,91.84,75235560
2012-11-02,91.99,92.64,91.48,91.95,91.95,65873010
2012-11-06,91.82,91.92,91.11,91.34,91.34,44943440
2012-11-07,91.75,91.77,89.71,89.95,89.95,74823010
2012-11-08,89.25,89.89,85.9,86.34,86.34,165131550
2012-11-09,86.0,86.32,84.82,85.8,85.8,95025380
2012-11-12,86.02,86.95,85.25,86.78,86.78,59443610
2012-11-13,86.34,86.34,84.05,84.31,84.31,99054530
2012-11-14,85.1,85.5,83.75,84.72,84.72,92902150
2012-11-15,84.0,86.36,83.85,86.09,86.09,70310980
2012-11-16,85.89,86.61,85.21,85.98,85.98,64487940
2012-11-19,86.61,87.6,86.12,87.34,87.34,79184100
2012-11-20,87.4,87.75,86.68,87.0,87.0,51272950
2012-11-21,86.5,88.07,86.1,87.88,87.88,59972480
2012-11-22,88.01,88.28,87.3,88.01,88.01,52442710
2012-11-23,88.28,89.41,88.17,89.31,89.31,74279650
2012-11-26,89.44,90.13,89.02,89.2,89.2,67160860
2012-11-27,89.62,89.84,88.9,89.2,89.2,51715520
2012-11-28,88.77,88.79,87.4,87.73,87.73,88213390
2012-11-29,88.9,88.9,87.73,87.91,87.91,64675400
2012-11-30,87.76,91.6,87.3,91.41,91.41,233229880
2012-12-03,91.41,92.8,90.84,92.8,92.8,96786480
2012-12-04,92.2,92.61,91.57,91.84,91.84,67729150
2012-12-05,92.3,93.95,92.17,93.83,93.83,99995520
2012-12-06,93.71,94.11,93.1,93.58,93.58,62369850
2012-12-07,93.75,93.85,92.02,93.2,93.2,90578870
2012-12-10,93.4,94.19,92.77,93.59,93.59,72022760
2012-12-11,93.59,93.87,93.11,93.52,93.52,53455990
2012-12-12,93.76,94.1,93.6,93.86,93.86,49309880
2012-12-13,93.63,93.84,92.68,93.39,93.39,68690570
2012-12-14,93.29,93.86,93.03,93.42,93.42,47556860
2012-12-17,93.53,93.6,93.01,93.54,93.54,44895400
2012-12-18,94.0,95.3,93.94,95.11,95.11,81438130
2012-12-19,95.38,96.03,94.45,94.53,94.53,76536940
2012-12-20,94.0,94.85,93.6,94.69,94.69,62420680
2012-12-21,93.52,93.99,93.17,93.5,93.5,51219970
2012-12-24,93.21,93.21,92.33,92.5,92.5,36121680
2012-12-25,92.76,93.11,92.38,92.38,92.38,19963590
2012-12-26,92.39,92.55,91.6,92.35,92.35,30263790
2012-12-27,92.48,93.51,92.22,92.82,92.82,40300900
2012-12-28,92.9,93.34,92.4,92.94,92.94,40330670
2013-01-08,96.5,98.5,96.12,98.37,98.37,93018220
2013-01-09,98.4,98.65,97.81,98.23,98.23,60381320
2013-01-10,98.3,98.55,97.96,98.41,98.41,48070490
2013-01-11,98.8,99.76,98.48,99.56,99.56,72444300
2013-01-14,99.72,101.27,99.57,100.99,100.99,83905910
2013-01-15,100.61,101.0,99.78,99.85,99.85,80028950
2013-01-16,99.85,100.13,99.19,99.97,99.97,67772490
2013-01-17,99.9,101.33,99.54,101.15,101.15,83900990
2013-01-18,101.5,103.55,101.5,103.48,103.48,110211790
2013-01-21,103.5,103.95,102.78,103.64,103.64,77699540
2013-01-22,103.7,103.85,102.07,102.35,102.35,85613360
2013-01-23,102.73,103.65,102.18,103.45,103.45,91850150
2013-01-24,103.07,103.07,101.92,102.48,102.48,81708620
2013-01-25,102.4,103.85,101.93,103.67,103.67,87251770
2013-01-28,103.96,107.12,103.93,106.9,106.9,141249630
2013-01-29,107.2,108.3,106.15,106.55,106.55,131445070
2013-01-30,107.2,108.47,106.95,107.8,107.8,121194220
2013-01-31,107.41,109.64,106.62,109.59,109.59,205604760
2013-02-01,109.54,110.47,107.77,108.36,108.36,114548780
2013-02-04,108.79,109.15,107.2,107.2,107.2,69878080
2013-02-05,106.8,108.15,106.67,107.75,107.75,55367010
2013-02-06,108.29,110.08,106.39,106.8,106.8,102458360
2013-02-07,106.72,107.29,105.23,105.65,105.65,90215330
2013-02-08,105.99,107.63,105.01,107.08,107.08,80301560
2013-02-11,107.01,108.45,107.0,107.04,107.04,58149330
2013-02-12,106.54,109.24,106.54,108.48,108.48,106179170
2013-02-13,109.16,109.34,107.8,108.8,108.8,73513340
2013-02-14,108.7,111.5,107.27,107.62,107.62,140876070
2013-02-15,107.89,107.98,105.05,105.08,105.08,98640570
2013-02-18,105.12,106.38,104.38,106.23,106.23,64926220
2013-02-19,106.06,108.77,105.94,108.73,108.73,83376300
2013-02-20,108.9,109.0,107.0,107.82,107.82,76411420
2013-02-21,106.31,106.89,105.49,106.74,106.74,79182010
2013-02-22,107.0,107.48,105.95,106.12,106.12,51473030
2013-02-25,106.3,107.0,105.61,106.61,106.61,43229580
2013-02-26,105.38,105.38,103.44,104.14,104.14,94812160
2013-02-27,104.4,104.76,102.85,103.45,103.45,59551830
2013-02-28,104.3,104.8,103.53,104.57,104.57,69121850
2013-03-01,104.0,104.29,102.6,103.09,103.09,60711070
2013-03-04,102.8,103.43,102.15,102.9,102.9,52460180
2013-03-05,103.66,104.44,103.29,103.91,103.91,83270600
2013-03-06,104.4,105.89,104.29,105.33,105.33,65084620
2013-03-07,105.35,105.96,104.91,105.31,105.31,46280380
2013-03-11,106.11,107.48,106.11,106.78,106.78,80720440
2013-03-12,106.88,107.08,105.61,106.07,106.07,58453010
2013-03-13,105.75,106.05,104.36,104.43,104.43,69928090
2013-03-14,104.43,105.55,103.75,104.81,104.81,70817130
2013-03-15,105.6,105.94,104.05,104.42,104.42,66847700
2013-03-18,102.5,102.59,99.3,100.46,100.46,139264040
2013-03-19,100.46,101.3,98.86,99.72,99.72,112775060
2013-03-20,99.5,102.44,99.43,102.38,102.38,126361810
2013-03-21,102.8,103.52,101.57,101.7,101.7,83767320
2013-03-22,101.04,101.19,99.21,99.37,99.37,97056470
2013-03-25,100.48,101.18,98.44,98.7,98.7,83351250
2013-03-26,98.73,99.3,96.81,97.11,97.11,119768650
2013-03-27,97.98,98.07,95.7,96.87,96.87,125873080
2013-03-28,96.37,98.74,95.35,98.6,98.6,123599190
2013-03-29,98.99,99.32,98.22,98.86,98.86,25099990
2013-04-01,98.25,99.49,97.75,98.03,98.03,40317820
2013-04-02,98.04,99.42,97.79,99.12,99.12,82899440
2013-04-03,99.03,99.67,98.6,99.46,99.46,66440260
2013-04-04,98.86,101.1,98.34,99.93,99.93,96675530
2013-04-05,99.95,100.7,98.36,99.26,99.26,69637880
2013-04-08,99.77,100.79,99.66,100.47,100.47,53432410
2013-04-09,101.12,102.69,100.65,102.5,102.5,67455290
2013-04-10,103.0,103.55,102.13,103.37,103.37,76389700
2013-04-11,103.63,103.74,101.8,102.4,102.4,63127020
2013-04-12,100.0,100.28,98.16,98.36,98.36,63452680
2013-04-15,97.38,97.83,95.05,95.62,95.62,91872480
2013-04-16,95.0,96.92,94.8,95.82,95.82,79114270
2013-04-17,96.05,96.72,93.7,94.46,94.46,77193560
2013-04-18,94.42,96.48,94.21,95.44,95.44,73686310
2013-04-19,96.22,97.6,95.63,96.4,96.4,64959290
2013-04-22,97.06,98.05,94.67,95.05,95.05,62363220
2013-04-23,95.0,96.58,94.0,96.52,96.52,73617450
2013-04-24,96.88,98.76,96.49,97.96,97.96,90585880
2013-04-25,98.05,99.4,96.2,96.47,96.47,91998510
2013-04-26,96.1,96.98,95.07,95.8,95.8,59957310
2013-04-29,95.6,96.84,94.65,94.66,94.66,40530500
2013-04-30,95.48,99.31,94.6,99.11,99.11,90607000
2013-05-02,98.05,101.28,98.05,100.86,100.86,49345740
2013-05-03,101.3,103.01,100.5,103.0,103.0,52655330
2013-05-06,103.35,103.38,102.01,102.49,102.49,51588540
2013-05-07,102.2,105.4,101.62,105.23,105.23,104996430
2013-05-08,105.04,105.9,104.25,105.76,105.76,60044960
2013-05-10,105.17,105.89,103.52,103.57,103.57,32329670
2013-05-13,103.52,103.93,101.9,103.22,103.22,84124260
2013-05-14,103.1,104.9,102.8,103.95,103.95,59642740
2013-05-15,104.5,104.58,102.34,103.12,103.12,63053590
2013-05-16,103.32,103.95,102.24,102.37,102.37,55045550
2013-05-17,102.5,105.33,101.8,105.19,105.19,74455950
2013-05-20,105.6,107.19,105.17,106.65,106.65,76237300
2013-05-21,106.5,109.39,105.87,108.86,108.86,77406660
2013-05-22,108.85,111.44,108.85,110.74,110.74,106411260
2013-05-23,108.87,108.95,105.53,105.55,105.55,94219990
2013-05-24,106.0,106.49,102.38,103.08,103.08,108569620
2013-05-27,103.47,103.79,102.04,102.87,102.87,47531440
2013-05-28,103.21,104.87,103.2,104.1,104.1,66309630
2013-05-29,103.48,103.55,99.9,99.96,99.96,84541590
2013-05-30,100.0,100.98,98.78,100.07,100.07,79554460
2013-05-31,100.5,100.77,97.75,99.05,99.05,86352420
2013-06-03,97.79,100.65,96.88,98.7,98.7,102246100
2013-06-04,99.73,101.5,98.73,98.79,98.79,79724570
2013-06-05,98.21,99.2,97.2,97.5,97.5,80543680
2013-06-06,97.24,98.15,96.3,96.8,96.8,65827520
2013-06-07,97.62,99.56,96.93,99.2,99.2,79913150
2013-06-10,99.8,100.63,97.41,97.8,97.8,68514380
2013-06-11,97.5,98.47,94.02,94.66,94.66,96754930
2013-06-13,92.8,93.49,90.37,91.77,91.77,119335820
2013-06-14,92.97,94.09,91.42,93.7,93.7,88549740
2013-06-17,94.05,95.95,93.9,95.64,95.64,79176990
2013-06-18,95.3,96.9,95.08,96.37,96.37,63808010
2013-06-19,96.18,96.57,94.08,94.57,94.57,63191980
2013-06-20,92.87,92.89,91.1,91.3,91.3,103325670
2013-06-21,90.91,93.18,90.1,91.5,91.5,79972720
2013-06-24,90.43,91.7,88.54,88.88,88.88,91754450
2013-06-25,89.0,90.64,88.81,89.57,89.57,88493130
2013-06-26,89.99,92.65,89.3,92.51,92.51,94537680
2013-06-27,93.05,93.74,91.88,93.24,93.24,76612830
2013-06-28,93.91,94.65,92.25,93.68,93.68,81701190
2013-07-01,93.83,95.65,93.01,95.42,95.42,66466070
2013-07-02,95.26,95.77,94.07,94.8,94.8,55404680
2013-07-03,94.02,94.12,92.7,93.04,93.04,55720100
2013-07-04,93.51,94.59,92.32,93.95,93.95,58629700
2013-07-05,94.5,94.86,92.85,93.2,93.2,69156910
2013-07-08,92.8,93.47,91.8,92.84,92.84,53667990
2013-07-09,93.5,93.63,92.0,92.39,92.39,48534400
2013-07-10,92.4,92.76,90.75,91.14,91.14,51969480
2013-07-11,92.06,95.57,92.05,95.51,95.51,112549270
2013-07-12,95.45,98.75,95.17,98.57,98.57,119862270
2013-07-15,98.8,100.45,98.45,99.9,99.9,105744860
2013-07-16,99.9,101.36,99.1,99.47,99.47,90129290
2013-07-17,99.32,101.3,98.75,101.15,101.15,71793100
2013-07-18,101.01,101.5,97.93,98.39,98.39,97311180
2013-07-19,98.0,101.26,97.66,99.99,99.99,83914140
2013-07-22,100.0,100.43,97.75,97.77,97.77,73008260
2013-07-23,98.43,99.04,96.75,96.85,96.85,75228480
2013-07-24,96.92,97.48,95.7,96.46,96.46,98477810
2013-07-25,96.2,96.97,95.56,95.77,95.77,85607870
2013-07-26,96.45,96.7,94.75,94.81,94.81,80184350
2013-07-29,94.78,95.6,94.22,94.28,94.28,45758900
2013-07-30,94.5,95.08,93.75,94.06,94.06,57792160
2013-07-31,94.06,95.59,93.66,95.23,95.23,64128810
2013-08-01,95.96,97.0,95.8,96.84,96.84,56403880
2013-08-02,97.37,97.89,95.63,96.99,96.99,63981400
2013-08-05,96.9,97.47,96.02,96.22,96.22,39862480
2013-08-06,95.8,96.19,94.63,94.71,94.71,40542700
2013-08-07,94.31,95.28,94.07,94.41,94.41,52969490
2013-08-08,94.85,95.22,93.32,94.02,94.02,53362390
2013-08-09,94.5,95.78,93.93,95.7,95.7,59579140
2013-08-12,95.75,96.37,94.76,96.24,96.24,50570300
2013-08-13,96.51,97.95,96.45,97.39,97.39,66260480
2013-08-14,97.5,98.25,97.13,98.0,98.0,55342200
2013-08-15,97.63,97.96,95.2,95.42,95.42,65753530
2013-08-16,95.77,95.83,93.57,93.8,93.8,77257220
2013-08-19,94.0,94.41,93.24,93.6,93.6,65107260
2013-08-20,92.91,92.92,91.5,91.75,91.75,86553620
2013-08-21,91.85,92.61,89.9,90.63,90.63,102752580
2013-08-22,89.94,92.55,89.8,92.08,92.08,88208630
2013-08-23,92.4,92.8,91.56,91.91,91.91,57170500
2013-08-26,92.4,92.85,90.82,91.29,91.29,38701780
2013-08-27,90.62,90.95,89.7,90.06,90.06,75396180
2013-08-28,89.71,90.41,88.65,89.39,89.39,89337010
2013-08-29,89.71,90.65,89.32,89.82,89.82,61758140
2013-08-30,90.05,90.05,87.75,88.23,88.23,67274570
2013-09-02,88.96,90.04,88.53,89.48,89.48,46206200
2013-09-03,89.99,91.12,89.61,90.45,90.45,87953920
2013-09-04,90.09,90.57,89.4,90.33,90.33,52920680
2013-09-05,90.8,93.18,90.21,92.78,92.78,113375290
2013-09-06,92.73,95.0,91.77,92.47,92.47,167514290
2013-09-09,93.01,95.06,93.01,94.81,94.81,127372070
2013-09-10,95.49,96.92,94.88,96.55,96.55,118417470
2013-09-11,96.45,96.73,95.25,95.5,95.5,68867470
2013-09-12,95.98,96.14,94.24,95.53,95.53,80569980
2013-09-13,95.0,95.89,94.64,95.82,95.82,57993190
2013-09-16,96.76,99.04,96.71,98.97,98.97,112092070
2013-09-17,98.38,99.6,97.89,99.6,99.6,69417120
2013-09-18,99.6,100.63,99.03,99.79,99.79,109579560
2013-09-19,102.5,103.63,101.89,102.33,102.33,160727340
2013-09-20,101.63,102.61,101.37,102.36,102.36,80174540
2013-09-23,102.12,102.43,101.3,101.82,101.82,79846990
2013-09-24,101.3,101.56,100.37,100.5,100.5,81642090
2013-09-25,100.31,102.19,100.1,101.95,101.95,76053110
2013-09-26,102.05,102.69,101.01,101.67,101.67,74163010
2013-09-27,101.8,101.8,98.58,98.59,98.59,90396330
2013-09-30,97.74,98.39,97.1,97.86,97.86,71124930
2013-10-01,97.8,99.34,97.75,99.16,99.16,74492480
2013-10-02,98.94,99.4,97.27,97.74,97.74,79877890
2013-10-03,98.13,98.8,97.51,98.24,98.24,77836460
2013-10-04,98.0,100.4,97.68,100.39,100.39,81230790
2013-10-07,99.7,100.5,99.12,100.3,100.3,84643630
2013-10-08,100.3,102.26,99.9,102.11,102.11,113584170
2013-10-09,101.79,103.01,101.05,101.48,101.48,99305220
2013-10-10,102.04,104.36,101.85,103.43,103.43,111791100
2013-10-11,104.0,104.16,102.42,102.87,102.87,91915670
2013-10-14,102.4,103.0,101.71,102.93,102.93,66291240
2013-10-15,103.91,104.89,103.52,104.55,104.55,103099720
2013-10-16,104.05,105.09,103.6,104.05,104.05,84614620
2013-10-17,104.2,104.37,102.36,103.33,103.33,83012030
2013-10-18,103.98,105.64,103.61,105.14,105.14,115501360
2013-10-21,105.56,105.95,104.88,105.43,105.43,63746540
2013-10-22,105.23,105.81,104.55,105.4,105.4,71694660
2013-10-23,104.88,105.08,103.03,103.29,103.29,77743440
2013-10-24,103.5,103.86,102.63,102.86,102.86,68751720
2013-10-25,102.61,103.61,102.02,102.99,102.99,78521210
2013-10-28,103.6,104.18,102.5,102.84,102.84,71025060
2013-10-29,102.75,103.48,102.12,102.8,102.8,65077430
2013-10-30,103.2,104.14,102.74,103.11,103.11,82968330
2013-10-31,102.57,103.08,101.7,102.74,102.74,87954830
2013-11-01,102.74,103.77,102.5,103.65,103.65,62858850
2013-11-05,104.06,104.43,102.4,102.47,102.47,61356730
2013-11-06,103.0,103.09,102.26,102.59,102.59,66133090
2013-11-07,102.31,103.87,102.1,103.55,103.55,76238840
2013-11-08,102.41,102.66,101.57,101.86,101.86,89014360
2013-11-11,102.51,102.59,101.48,101.77,101.77,53096350
2013-11-12,101.96,104.26,101.74,104.25,104.25,112492620
2013-11-13,103.81,104.98,101.11,101.81,101.81,135946290
2013-11-14,102.81,103.98,102.81,103.7,103.7,93686490
2013-11-15,104.3,104.7,103.24,103.69,103.69,96819500
2013-11-18,103.99,105.54,103.6,105.5,105.5,92184970
2013-11-19,105.4,106.8,105.4,106.19,106.19,100547410
2013-11-20,105.89,106.32,105.11,106.0,106.0,79936140
2013-11-21,105.11,105.56,104.69,104.78,104.78,77524160
2013-11-22,105.23,105.48,104.25,105.1,105.1,70239230
2013-11-25,105.51,106.2,105.21,105.31,105.31,72178650
2013-11-26,105.35,105.35,103.01,103.02,103.02,93845310
2013-11-27,103.5,104.14,102.62,102.77,102.77,80453800
2013-11-28,103.3,103.78,102.33,102.69,102.69,64879430
2013-11-29,102.71,103.29,101.84,103.07,103.07,79612660
2013-12-02,103.16,103.66,102.31,102.36,102.36,61527830
2013-12-03,102.2,102.48,100.0,100.24,100.24,123406320
2013-12-04,100.3,100.78,98.74,98.95,98.95,96070960
2013-12-05,99.28,99.94,97.95,98.25,98.25,94786250
2013-12-06,98.49,100.0,97.88,99.9,99.9,107963460
2013-12-09,100.32,101.07,99.55,101.0,101.0,95366620
2013-12-10,100.97,101.39,99.72,100.16,100.16,91125870
2013-12-11,99.91,100.94,99.13,100.65,100.65,85886120
2013-12-12,99.5,100.3,98.44,98.96,98.96,103712820
2013-12-13,98.96,99.6,98.58,98.94,98.94,79694090
2013-12-16,98.4,99.93,98.12,99.85,99.85,87234110
2013-12-17,100.53,100.81,99.61,100.15,100.15,72704270
2013-12-18,100.15,100.71,99.82,100.18,100.18,59591350
2013-12-19,101.23,102.3,100.8,101.78,101.78,105506160
2013-12-20,101.85,102.25,101.31,102.2,102.2,75647410
2013-12-23,102.45,102.83,102.05,102.45,102.45,67006350
2013-12-24,102.5,102.54,101.75,101.96,101.96,40338120
2013-12-25,102.31,102.31,101.53,101.62,101.62,22183040
2013-12-26,101.62,102.18,101.45,101.95,101.95,22250510
2013-12-27,102.0,102.21,100.65,100.68,100.68,37103790
2013-12-30,100.51,101.39,100.45,101.17,101.17,34310640
2014-01-06,100.2,100.31,98.62,98.91,98.91,31691800
2014-01-08,99.1,99.41,97.85,98.19,98.19,42372290
2014-01-09,98.44,98.77,97.69,98.0,98.0,45986900
2014-01-10,97.87,99.41,97.52,99.2,99.2,51902400
2014-01-13,99.3,100.35,99.04,100.25,100.25,62051250
2014-01-14,99.18,99.73,98.51,99.24,99.24,78485160
2014-01-15,99.95,100.79,99.56,100.77,100.77,77839370
2014-01-16,100.9,101.64,100.53,100.65,100.65,62759280
2014-01-17,100.36,101.45,100.1,101.17,101.17,69135170
2014-01-20,100.99,102.17,100.66,101.96,101.96,62429420
2014-01-21,102.5,102.57,101.9,102.2,102.2,61991430
2014-01-22,102.21,102.49,101.13,102.17,102.17,58589100
2014-01-23,101.81,102.92,101.56,101.7,101.7,70600710
2014-01-24,100.99,101.26,99.63,99.7,99.7,112821700
2014-01-27,98.62,99.11,97.63,97.78,97.78,103793450
2014-01-28,98.21,98.74,97.05,97.36,97.36,80448950
2014-01-29,97.93,98.98,95.73,95.98,95.98,120814560
2014-01-30,96.1,96.69,94.4,95.8,95.8,130498640
2014-01-31,95.8,96.27,94.43,94.7,94.7,103047610
2014-02-03,94.95,95.89,94.55,94.66,94.66,81505780
2014-02-04,93.55,94.48,93.25,94.07,94.07,93931280
2014-02-05,94.31,95.65,94.01,95.45,95.45,90666210
2014-02-06,95.78,96.81,95.65,96.62,96.62,76095210
2014-02-07,97.0,97.36,96.11,96.53,96.53,77654990
2014-02-10,96.94,97.08,95.42,95.47,95.47,67771880
2014-02-11,95.97,96.65,95.51,96.12,96.12,55103910
2014-02-12,96.91,97.14,96.15,96.84,96.84,70670070
2014-02-13,96.3,96.69,95.3,95.5,95.5,62181740
2014-02-14,95.8,96.84,95.7,96.65,96.65,63884790
2014-02-17,97.1,98.08,97.09,97.49,97.49,54738670
2014-02-18,97.5,97.95,96.55,96.62,96.62,56765130
2014-02-19,96.51,96.59,94.53,94.9,94.9,79367620
2014-02-20,94.1,94.76,93.61,94.63,94.63,72263740
2014-02-21,95.02,95.44,94.51,95.0,95.0,52205040
2014-02-24,95.0,95.09,94.06,94.69,94.69,48226210
2014-02-25,95.37,95.48,93.32,94.17,94.17,74634340
2014-02-26,94.28,94.59,91.85,92.29,92.29,90720380
2014-02-27,92.5,92.61,89.4,90.12,90.12,129290620
2014-02-28,90.15,91.42,88.87,91.16,91.16,112780920
2014-03-03,85.5,86.84,74.96,77.57,77.57,427913510
2014-03-04,78.5,83.9,77.17,81.55,81.55,371921710
2014-03-05,82.37,82.77,80.12,81.46,81.46,175284130
2014-03-06,81.63,83.81,76.56,80.24,80.24,281937510
2014-03-07,80.0,81.46,78.34,79.99,79.99,190384620
2014-03-11,79.05,79.75,76.39,76.57,76.57,150142970
2014-03-12,75.98,76.36,72.35,72.46,72.46,227452390
2014-03-13,73.5,73.89,68.87,69.84,69.84,256776110
2014-03-14,68.0,71.75,65.33,71.75,71.75,346714120
2014-03-17,72.5,77.12,71.87,76.97,76.97,344321660
2014-03-18,77.6,82.0,75.64,81.43,81.43,301075150
2014-03-19,81.58,82.6,79.13,80.83,80.83,257701520
2014-03-20,79.55,81.27,78.43,79.5,79.5,190046940
2014-03-21,77.2,78.51,76.1,78.47,78.47,207828970
2014-03-24,78.47,80.38,77.82,78.29,78.29,167819190
2014-03-25,78.84,81.97,77.34,81.85,81.85,255665910
2014-03-26,82.1,84.34,82.02,82.56,82.56,229652070
2014-03-27,82.16,82.72,79.2,79.88,79.88,185280640
2014-03-28,80.4,81.96,79.67,81.47,81.47,152251850
2014-03-31,81.39,83.8,81.12,83.8,83.8,178420740
2014-04-01,84.01,84.68,82.75,83.88,83.88,154874300
2014-04-02,84.0,84.18,81.44,82.67,82.67,143111440
2014-04-03,82.88,83.39,81.21,81.51,81.51,127794990
2014-04-04,81.95,83.3,80.85,82.98,82.98,147144280
2014-04-07,81.88,81.88,78.87,79.95,79.95,236725410
2014-04-08,79.9,80.0,78.51,79.41,79.41,163499350
2014-04-09,79.8,80.1,77.75,78.85,78.85,161363630
2014-04-10,79.22,80.44,78.51,79.9,79.9,178317550
2014-04-11,78.71,80.07,77.65,79.75,79.75,154422060
2014-04-14,79.11,79.11,77.5,78.35,78.35,190735310
2014-04-15,78.0,78.34,75.1,75.2,75.2,190723350
2014-04-16,75.95,76.5,73.62,76.13,76.13,271726740
2014-04-17,76.0,77.21,75.2,76.89,76.89,201674510
2014-04-18,78.39,79.4,78.22,78.82,78.82,114463050
2014-04-21,78.8,78.8,77.46,77.62,77.62,83590290
2014-04-22,77.5,77.5,75.6,76.3,76.3,135293150
2014-04-23,76.2,76.51,75.12,75.56,75.56,133283600
2014-04-24,75.85,76.11,71.81,73.21,73.21,251265730
2014-04-25,73.05,73.1,69.56,69.91,69.91,297122510
2014-04-28,69.0,73.7,67.9,73.39,73.39,382641850
2014-04-29,74.19,74.66,72.3,72.8,72.8,184166290
2014-04-30,72.51,73.1,71.48,72.5,72.5,109106810
2014-05-02,72.0,72.5,70.89,72.22,72.22,64294280
2014-05-05,71.35,72.44,71.01,71.99,71.99,67164800
2014-05-06,72.32,74.3,72.32,74.1,74.1,129555640
2014-05-07,73.23,80.37,73.16,78.5,78.5,271218480
2014-05-08,79.0,80.25,77.57,78.8,78.8,248696590
2014-05-12,78.79,79.9,77.73,79.08,79.08,164644990
2014-05-13,79.76,81.08,79.15,80.15,80.15,186766010
2014-05-14,80.25,81.68,79.55,81.38,81.38,136298440
2014-05-15,81.1,82.3,79.75,80.04,80.04,171237780
2014-05-16,79.4,79.79,78.53,79.2,79.2,148101150
2014-05-19,79.3,81.68,79.17,81.62,81.62,141103030
2014-05-20,82.05,82.55,80.55,82.31,82.31,155680150
2014-05-21,82.0,84.09,81.3,83.59,83.59,191332530
2014-05-22,84.01,84.3,82.16,83.26,83.26,132031140
2014-05-23,83.2,85.98,82.63,85.83,85.83,170529760
2014-05-26,86.0,87.62,85.37,86.87,86.87,113548190
2014-05-27,86.9,86.9,83.95,84.33,84.33,149979600
2014-05-28,84.5,85.38,83.73,84.95,84.95,117406900
2014-05-29,85.3,86.01,84.18,85.65,85.65,133574640
2014-05-30,85.65,85.9,84.21,84.5,84.5,108275150
2014-06-02,84.76,87.15,84.76,85.91,85.91,135553000
2014-06-03,85.3,86.84,84.66,86.84,86.84,119911060
2014-06-04,86.41,88.47,86.23,87.81,87.81,118827760
2014-06-05,87.95,89.05,86.86,87.43,87.43,136671320
2014-06-06,87.75,89.18,86.28,89.0,89.0,127899230
2014-06-09,89.3,89.6,88.62,88.89,88.89,84842190
2014-06-10,88.88,89.0,87.87,88.99,88.99,85853250
2014-06-11,89.0,89.33,88.51,89.0,89.0,67980020
2014-06-16,84.5,85.72,84.15,84.85,84.85,130296750
2014-06-17,84.95,85.55,83.37,83.8,83.8,86913970
2014-06-18,84.11,84.55,83.12,83.77,83.77,115310330
2014-06-19,84.55,85.69,84.35,84.8,84.8,112078350
2014-06-20,84.8,85.14,84.1,84.16,84.16,83715090
2014-06-23,84.23,85.3,83.41,83.68,83.68,99040960
2014-06-24,84.09,86.6,83.91,86.5,86.5,150531880
2014-06-25,86.02,86.4,83.85,84.4,84.4,114961050
2014-06-26,84.9,85.14,83.46,84.1,84.1,99471360
2014-06-27,84.15,84.94,83.96,84.33,84.33,57140600
2014-06-30,84.5,84.7,83.03,84.5,84.5,81496490
2014-07-01,84.45,84.46,83.05,84.07,84.07,80028320
2014-07-02,84.3,85.97,84.12,85.79,85.79,94197580
2014-07-03,85.9,86.5,85.25,85.34,85.34,76353880
2014-07-04,85.51,85.86,83.8,84.0,84.0,69404770
2014-07-07,84.08,85.7,83.87,85.49,85.49,71042760
2014-07-08,85.3,86.69,84.67,85.11,85.11,99525260
2014-07-09,84.91,85.56,84.2,85.2,85.2,80831840
2014-07-10,85.74,86.09,83.37,84.47,84.47,114382280
2014-07-11,84.5,84.88,83.8,84.55,84.55,78260360
2014-07-14,84.65,85.19,83.55,83.55,83.55,69434020
2014-07-15,83.82,84.01,82.87,83.09,83.09,79123700
2014-07-16,83.0,83.98,82.55,83.78,83.78,86004300
2014-07-17,82.0,82.19,80.53,81.5,81.5,147892860
2014-07-18,79.8,80.96,79.59,80.27,80.27,147407130
2014-07-21,80.31,80.4,76.56,76.56,76.56,182779550
2014-07-22,77.3,78.84,77.06,78.3,78.3,154403850
2014-07-23,78.4,78.94,76.6,77.45,77.45,93643340
2014-07-24,77.0,77.37,75.81,76.87,76.87,101869250
2014-07-25,76.81,76.98,75.0,75.16,75.16,109515350
2014-07-28,74.51,74.6,72.6,72.82,72.82,116467930
2014-07-29,72.45,74.5,71.86,73.2,73.2,193639220
2014-07-30,72.65,75.83,72.33,73.68,73.68,194588780
2014-07-31,73.9,75.27,73.24,73.6,73.6,110573680
2014-08-01,72.88,73.5,71.52,72.37,72.37,183538940
2014-08-04,72.8,73.59,71.85,72.75,72.75,102965070
2014-08-05,73.0,73.3,71.57,71.6,71.6,103702890
2014-08-06,71.22,71.3,68.85,69.0,69.0,252771000
2014-08-07,68.42,69.3,66.1,68.5,68.5,257510130
2014-08-08,67.91,70.75,67.91,70.7,70.7,162405320
2014-08-11,72.01,74.4,72.01,74.3,74.3,167202310
2014-08-12,74.1,75.18,72.88,73.4,73.4,167777990
2014-08-13,73.1,75.19,72.6,74.79,74.79,135367750
2014-08-14,74.94,75.87,74.3,75.17,75.17,145786830
2014-08-15,75.01,76.0,74.0,75.37,75.37,124200500
2014-08-18,75.18,75.98,74.77,75.09,75.09,86739720
2014-08-19,75.6,76.1,75.11,75.95,75.95,97121820
2014-08-20,75.99,76.89,75.18,76.7,76.7,118357360
2014-08-21,76.85,78.61,76.71,78.14,78.14,114728810
2014-08-22,78.49,78.89,76.88,78.45,78.45,139567560
2014-08-25,78.53,79.69,78.25,78.46,78.46,117677970
2014-08-26,78.6,78.92,77.24,77.62,77.62,78921420
2014-08-27,77.89,78.39,77.51,77.93,77.93,81493260
2014-08-28,77.46,77.87,74.45,74.59,74.59,231820440
2014-08-29,74.49,74.97,72.56,73.21,73.21,193460210
2014-09-01,73.51,74.94,72.52,73.68,73.68,164429290
2014-09-02,73.67,74.49,72.94,73.76,73.76,104627840
2014-09-03,74.19,78.75,73.75,78.5,78.5,277102210
2014-09-04,78.6,79.95,77.18,79.39,79.39,158504110
2014-09-05,78.8,81.3,78.5,80.25,80.25,159432130
2014-09-08,80.25,80.39,78.26,78.69,78.69,108470700
2014-09-09,78.85,80.2,78.69,79.41,79.41,105818380
2014-09-10,78.8,79.4,78.39,78.67,78.67,86323660
2014-09-11,79.05,79.55,76.14,76.3,76.3,153119340
2014-09-12,76.0,77.77,75.13,76.65,76.65,145526680
2014-09-15,76.3,77.08,75.45,75.63,75.63,127147020
2014-09-16,75.85,77.9,75.63,77.6,77.6,141626080
2014-09-17,77.5,78.92,76.55,78.66,78.66,150425900
2014-09-18,78.62,79.3,77.71,77.98,77.98,102250150
2014-09-19,78.3,78.46,76.62,77.4,77.4,122982290
2014-09-22,77.2,77.69,75.89,76.0,76.0,84589910
2014-09-23,76.32,77.84,76.2,77.68,77.68,97635080
2014-09-24,77.93,79.55,77.87,79.05,79.05,123499180
2014-09-25,79.6,80.15,78.0,78.01,78.01,121092190
2014-09-26,77.56,78.43,76.85,77.6,77.6,111612420
2014-09-29,77.98,78.38,76.53,76.7,76.7,100645000
2014-09-30,77.08,77.44,75.52,75.52,75.52,144552360
2014-10-01,75.2,76.26,74.26,74.26,74.26,130262550
2014-10-02,74.05,74.47,72.57,73.15,73.15,145206610
2014-10-03,73.73,74.69,73.12,73.77,73.77,111663690
2014-10-06,74.36,76.6,74.25,76.33,76.33,125594530
2014-10-07,76.33,76.54,74.96,75.32,75.32,97153580
2014-10-08,74.85,75.25,73.76,73.8,73.8,132003430
2014-10-09,75.05,75.7,73.52,73.65,73.65,144528280
2014-10-10,72.64,73.77,72.06,73.5,73.5,141617220
2014-10-13,72.8,75.24,72.65,74.26,74.26,116922770
2014-10-14,74.15,75.36,73.86,74.55,74.55,95473820
2014-10-15,74.31,74.86,72.81,73.08,73.08,120577500
2014-10-16,73.2,74.05,70.95,71.12,71.12,195738120
2014-10-17,71.8,73.3,71.38,73.15,73.15,146039730
2014-10-20,73.4,73.93,71.75,72.25,72.25,122048450
2014-10-21,72.0,73.16,71.3,72.5,72.5,116676840
2014-10-22,73.0,73.37,71.8,71.82,71.82,98536180
2014-10-23,71.47,72.1,70.85,71.59,71.59,132619500
2014-10-24,71.35,72.49,70.93,72.49,72.49,76065860
2014-10-27,73.2,73.78,72.25,72.9,72.9,119696300
2014-10-28,73.18,74.2,72.73,73.9,73.9,101388880
2014-10-29,74.1,74.8,73.68,74.05,74.05,100125200
2014-10-30,73.7,75.13,73.43,74.98,74.98,180995180
2014-10-31,75.45,76.84,75.23,76.23,76.23,154675720
2014-11-03,76.07,76.66,75.61,76.29,76.29,49892210
2014-11-05,75.8,75.94,75.02,75.65,75.65,101085650
2014-11-06,75.76,76.88,74.75,75.05,75.05,109722350
2014-11-07,75.16,77.65,74.41,75.69,75.69,195083240
2014-11-10,76.36,77.78,76.12,77.78,77.78,125636500
2014-11-11,77.85,78.7,77.01,77.34,77.34,130820430
2014-11-12,77.35,77.55,76.13,76.32,76.32,113847180
2014-11-13,76.31,76.5,73.73,74.03,74.03,150544890
2014-11-14,73.8,74.5,73.1,74.15,74.15,101827010
2014-11-17,73.61,74.45,73.47,73.97,73.97,77982280
2014-11-18,74.42,75.35,73.45,75.21,75.21,121080470
2014-11-19,75.29,75.54,73.87,73.9,73.9,89158940
2014-11-20,73.9,74.9,72.93,73.63,73.63,104580980
2014-11-21,73.99,74.71,72.95,74.39,74.39,105852740
2014-11-24,74.88,75.4,74.01,74.4,74.4,85541840
2014-11-25,74.48,74.66,73.76,74.11,74.11,59713060
2014-11-26,73.77,74.13,73.26,73.85,73.85,91757390
2014-11-27,73.7,74.2,73.04,73.04,73.04,87730700
2014-11-28,72.89,72.89,71.42,72.25,72.25,128193600
2014-12-01,71.9,74.2,71.51,73.79,73.79,139383260
2014-12-02,74.06,74.47,71.31,71.64,71.64,133472040
2014-12-03,71.89,72.35,71.42,72.0,72.0,115782340
2014-12-04,72.25,74.03,71.0,71.04,71.04,162018990
2014-12-05,70.92,71.73,68.4,68.6,68.6,160171610
2014-12-08,69.17,69.67,65.23,65.3,65.3,167156200
2014-12-09,64.77,66.9,62.61,66.26,66.26,198020150
2014-12-10,66.62,68.7,65.78,67.77,67.77,180002300
2014-12-11,67.85,68.4,65.25,65.95,65.95,182009630
2014-12-12,65.4,66.2,63.07,64.2,64.2,157344230
2014-12-15,64.0,65.74,59.92,60.13,60.13,224047750
2014-12-16,59.5,61.95,47.21,53.5,53.5,470750510
2014-12-17,54.03,60.88,52.38,59.9,59.9,446526580
2014-12-18,61.5,65.8,60.25,62.91,62.91,317744140
2014-12-19,61.26,63.08,59.5,61.44,61.44,171795280
2014-12-22,63.27,64.2,57.82,58.6,58.6,228645560
2014-12-23,59.05,59.53,52.86,54.0,54.0,230869270
2014-12-24,53.58,55.45,51.51,55.0,55.0,166419660
2014-12-25,54.98,58.85,54.71,58.7,58.7,116646610
2014-12-26,59.0,60.0,56.05,57.13,57.13,134648850
2014-12-29,57.01,58.29,53.7,54.51,54.51,113669200
2014-12-30,53.04,55.65,51.6,54.9,54.9,120437150
2015-01-05,54.02,56.77,53.58,56.37,56.37,63231040
2015-01-06,56.0,58.45,55.83,58.28,58.28,70269700
2015-01-08,59.0,67.77,58.61,65.7,65.7,187598890
2015-01-09,65.7,66.88,62.25,63.1,63.1,107559890
2015-01-12,62.2,63.84,61.66,62.9,62.9,99435900
2015-01-13,62.31,62.98,59.25,60.31,60.31,190655450
2015-01-14,59.6,61.2,59.6,60.05,60.05,134066670
2015-01-15,61.19,62.68,60.71,61.8,61.8,180005110
2015-01-16,61.8,62.43,60.41,61.99,61.99,143117080
2015-01-19,61.59,63.67,61.55,61.8,61.8,124918310
2015-01-20,61.82,62.25,60.27,60.8,60.8,120109490
2015-01-21,61.08,63.2,60.95,62.8,62.8,106804150
2015-01-22,63.06,64.88,62.42,64.35,64.35,173344710
2015-01-23,64.99,66.72,63.9,64.45,64.45,163436260
2015-01-26,63.79,63.88,60.17,60.49,60.49,154035210
2015-01-27,58.2,61.44,57.2,61.2,61.2,188572120
2015-01-28,61.81,62.58,60.31,60.63,60.63,139314670
2015-01-29,60.4,62.0,59.6,60.5,60.5,150527510
2015-01-30,61.25,61.5,59.67,61.5,61.5,194980610
2015-02-02,62.0,62.57,60.03,61.4,61.4,195554010
2015-02-03,62.0,62.85,60.83,62.0,62.0,140880980
2015-02-04,62.5,62.69,60.87,61.04,61.04,83495280
2015-02-05,60.6,62.48,59.9,62.41,62.41,173331680
2015-02-06,62.8,64.88,62.45,64.31,64.31,180698040
2015-02-09,64.31,67.4,63.85,65.57,65.57,224135470
2015-02-10,65.48,66.43,64.47,65.0,65.0,121431950
2015-02-11,66.11,66.46,65.08,65.12,65.12,142445360
2015-02-12,66.08,69.47,64.55,67.21,67.21,403090230
2015-02-13,68.0,70.75,68.0,70.6,70.6,375773430
2015-02-16,70.77,71.9,69.67,70.0,70.0,131054210
2015-02-17,70.25,73.96,69.72,72.45,72.45,243539660
2015-02-18,73.38,76.84,72.83,76.4,76.4,237863380
2015-02-19,76.0,76.56,72.8,73.78,73.78,238749450
2015-02-20,74.44,75.45,73.52,74.75,74.75,177829380
2015-02-24,72.0,73.87,71.76,73.7,73.7,117265120
2015-02-25,73.8,74.6,72.9,74.2,74.2,122714250
2015-02-26,75.0,76.6,74.6,75.95,75.95,143958950
2015-02-27,75.8,76.75,75.26,75.91,75.91,129979040
2015-03-02,76.38,77.45,76.1,76.2,76.2,110696420
2015-03-03,76.03,76.98,74.84,75.55,75.55,129705180
2015-03-04,75.35,75.72,72.31,72.31,72.31,117798050
2015-03-05,72.9,74.16,71.86,72.7,72.7,175857900
2015-03-06,73.08,74.11,72.58,73.25,73.25,105050160
2015-03-10,72.5,72.71,69.09,69.8,69.8,149557550
2015-03-11,69.8,71.31,68.78,70.68,70.68,149717760
2015-03-12,71.12,71.59,70.02,70.79,70.79,82959400
2015-03-13,71.0,71.3,67.81,67.87,67.87,151669320
2015-03-16,67.5,67.8,65.23,65.57,65.57,156289080
2015-03-17,66.05,66.45,63.86,64.65,64.65,183457200
2015-03-18,64.9,66.05,64.73,65.26,65.26,108223320
2015-03-19,66.5,66.88,64.45,64.9,64.9,124342050
2015-03-20,64.95,67.22,64.4,67.0,67.0,147872150
2015-03-23,67.6,67.6,64.83,65.0,65.0,131474510
2015-03-24,65.0,66.36,63.74,65.6,65.6,121944620
2015-03-25,65.85,66.15,64.31,64.8,64.8,97814600
2015-03-26,65.43,65.8,62.62,62.85,62.85,148212490
2015-03-27,63.2,63.55,60.57,61.0,61.0,157726010
2015-03-30,60.81,63.17,60.67,63.01,63.01,121585170
2015-03-31,63.0,63.4,61.92,62.88,62.88,113703370
2015-04-01,62.34,64.69,62.18,64.5,64.5,161132260
2015-04-02,64.6,66.17,64.03,65.92,65.92,138482010
2015-04-03,65.92,66.4,65.16,65.5,65.5,85588420
2015-04-06,65.65,68.99,65.57,68.99,68.99,137120690
2015-04-07,68.85,70.27,68.15,69.6,69.6,224738420
2015-04-08,69.42,69.93,68.61,69.4,69.4,124300110
2015-04-09,69.03,72.0,68.96,72.0,72.0,187982850
2015-04-10,72.15,72.45,70.23,71.5,71.5,143967740
2015-04-13,71.89,74.55,71.43,74.1,74.1,165129570
2015-04-14,74.1,74.82,72.89,74.05,74.05,135451730
2015-04-15,74.15,76.49,73.91,76.49,76.49,153846180
2015-04-16,76.97,77.51,74.85,76.5,76.5,176773010
2015-04-17,76.64,76.96,72.5,72.5,72.5,157337590
2015-04-20,72.5,74.07,71.22,73.5,73.5,157896000
2015-04-21,73.66,75.67,73.26,75.24,75.24,157633660
2015-04-22,75.2,75.33,72.63,73.9,73.9,143896300
2015-04-23,74.0,76.57,72.11,75.8,75.8,192895230
2015-04-24,75.7,77.7,74.89,75.75,75.75,155138110
2015-04-27,76.12,76.86,74.58,75.2,75.2,126319130
2015-04-28,74.8,75.75,73.9,75.7,75.7,99218180
2015-04-29,75.6,76.27,74.68,75.2,75.2,87147120
2015-04-30,75.11,76.96,74.97,76.9,76.9,105036540
2015-05-05,77.2,80.6,76.8,80.21,80.21,136570620
2015-05-06,80.36,80.98,78.64,79.2,79.2,110343180
2015-05-07,78.85,78.89,75.97,76.5,76.5,111790370
2015-05-08,76.3,76.67,75.07,75.5,75.5,109570490
2015-05-12,75.5,76.7,74.33,75.19,75.19,99583780
2015-05-13,75.42,76.07,74.7,75.24,75.24,108370700
2015-05-14,75.04,75.35,73.6,74.31,74.31,89950110
2015-05-15,74.51,75.18,73.74,75.05,75.05,66428900
2015-05-18,75.49,76.05,75.09,75.36,75.36,91255640
2015-05-19,75.35,75.35,73.03,73.35,73.35,95117880
2015-05-20,73.24,73.58,71.41,71.6,71.6,111312700
2015-05-21,71.77,73.59,71.15,73.25,73.25,98610820
2015-05-22,73.31,74.67,73.06,74.35,74.35,130057270
2015-05-25,74.4,74.74,72.91,74.46,74.46,60933420
2015-05-26,74.65,75.16,73.9,74.67,74.67,80631210
2015-05-27,74.5,74.5,72.41,74.23,74.23,110149140
2015-05-28,74.0,74.97,73.32,73.6,73.6,83529650
2015-05-29,73.7,76.13,73.5,73.5,73.5,136698370
2015-06-01,73.7,74.49,72.65,72.65,72.65,113205280
2015-06-02,72.88,74.25,72.25,73.92,73.92,75392090
2015-06-03,74.19,74.35,71.6,71.72,71.72,107211510
2015-06-04,71.69,72.2,70.55,71.25,71.25,109970350
2015-06-05,71.2,71.75,70.2,70.61,70.61,77281110
2015-06-08,70.8,71.05,69.15,69.17,69.17,102748480
2015-06-09,69.26,70.35,68.41,70.21,70.21,98748730
2015-06-10,70.51,72.07,70.3,71.51,71.51,91552570
2015-06-11,71.14,72.55,70.23,72.55,72.55,123890170
2015-06-15,72.03,72.27,70.6,71.8,71.8,102080440
2015-06-16,71.56,73.8,70.96,73.5,73.5,107571400
2015-06-17,73.48,74.41,72.78,72.81,72.81,86995650
2015-06-18,73.2,74.37,72.6,72.98,72.98,91400010
2015-06-19,73.19,73.38,71.56,71.56,71.56,92741580
2015-06-22,72.05,72.46,71.5,72.0,72.0,74326940
2015-06-23,72.3,72.37,71.5,72.01,72.01,52938560
2015-06-24,72.1,72.5,71.35,71.98,71.98,56452820
2015-06-25,71.95,72.24,71.42,71.42,71.42,45477110
2015-06-26,71.39,71.47,70.4,70.6,70.6,98330570
2015-06-29,69.18,70.97,69.03,70.2,70.2,77616070
2015-06-30,70.2,72.5,70.05,72.35,72.35,99473820
2015-07-01,72.3,72.97,70.71,71.0,71.0,101154440
2015-07-02,71.0,71.3,70.17,70.54,70.54,83756690
2015-07-03,70.6,71.15,69.9,70.67,70.67,58707530
2015-07-06,69.93,70.59,68.08,68.45,68.45,123570110
2015-07-07,68.47,69.68,68.12,68.77,68.77,103684770
2015-07-08,68.51,68.94,66.5,67.73,67.73,160173700
2015-07-09,68.17,69.38,67.7,69.35,69.35,84780130
2015-07-10,69.6,71.2,69.57,71.06,71.06,108780680
2015-07-13,70.75,72.94,70.75,72.94,72.94,231581340
2015-07-14,72.8,73.9,72.31,73.9,73.9,110524300
2015-07-15,73.78,74.0,72.96,74.0,74.0,79249180
2015-07-16,74.0,74.39,73.53,74.21,74.21,56795770
2015-07-17,74.19,75.73,73.57,75.52,75.52,88937350
2015-07-20,75.4,75.7,73.87,74.1,74.1,89338110
2015-07-21,73.97,75.86,73.41,75.55,75.55,108985690
2015-07-22,75.22,75.97,74.5,74.6,74.6,99433200
2015-07-23,74.61,74.69,72.51,72.7,72.7,91626820
2015-07-24,72.51,72.57,70.25,70.45,70.45,133887760
2015-07-27,70.4,70.45,67.35,68.48,68.48,209986640
2015-07-28,68.21,70.73,67.4,69.55,69.55,181247650
2015-07-29,69.89,71.49,69.66,71.2,71.2,123880080
2015-07-30,71.37,72.79,70.91,72.2,72.2,107101630
2015-07-31,71.96,72.55,70.21,72.3,72.3,153437500
2015-08-03,71.5,71.75,70.43,71.1,71.1,117599820
2015-08-04,70.8,72.43,70.51,72.3,72.3,99409330
2015-08-05,72.62,74.14,72.33,73.49,73.49,113008940
2015-08-06,73.21,73.9,72.11,72.25,72.25,102421110
2015-08-07,72.7,74.4,72.57,74.2,74.2,105214340
2015-08-10,74.2,75.17,73.5,75.16,75.16,84327190
2015-08-11,75.16,75.67,73.2,73.2,73.2,113655080
2015-08-12,72.99,74.2,72.52,73.4,73.4,98910440
2015-08-13,73.8,74.44,73.12,73.7,73.7,77333790
2015-08-14,73.65,74.86,73.27,74.43,74.43,73226070
2015-08-17,74.0,74.19,72.81,73.0,73.0,94182540
2015-08-18,72.71,73.42,72.04,72.45,72.45,87653250
2015-08-19,72.3,73.26,71.27,71.5,71.5,105333980
2015-08-20,71.1,72.57,70.88,72.05,72.05,108445080
2015-08-21,71.03,71.57,69.86,69.86,69.86,118509720
2015-08-24,68.02,69.23,66.75,68.53,68.53,232160070
2015-08-25,68.6,71.0,68.6,70.79,70.79,145878970
2015-08-26,70.6,71.28,69.51,71.0,71.0,129671460
2015-08-27,71.91,73.9,71.8,73.8,73.8,153628490
2015-08-28,74.46,75.06,72.9,74.82,74.82,174611890
2015-08-31,74.31,74.53,73.08,74.5,74.5,152930380
2015-09-01,74.4,74.92,72.72,73.14,73.14,132717170
2015-09-02,72.97,74.18,72.22,72.9,72.9,139406370
2015-09-03,73.5,74.5,73.22,74.15,74.15,106955860
2015-09-04,73.73,74.28,73.5,73.96,73.96,80709310
2015-09-07,73.67,73.9,73.36,73.81,73.81,49845340
2015-09-08,74.1,75.4,74.04,74.9,74.9,98662390
2015-09-09,75.6,75.75,74.46,74.65,74.65,85993260
2015-09-10,74.02,74.82,73.61,74.3,74.3,93353580
2015-09-11,74.28,74.42,73.69,74.1,74.1,57012070
2015-09-14,73.89,75.23,73.87,74.88,74.88,76431280
2015-09-15,74.9,74.97,74.28,74.85,74.85,63782210
2015-09-16,75.12,77.71,75.09,77.71,77.71,124565490
2015-09-17,77.56,77.98,76.25,76.49,76.49,93647050
2015-09-18,76.75,77.19,75.31,75.5,75.5,103518130
2015-09-21,75.6,76.98,75.47,75.94,75.94,78643830
2015-09-22,76.1,76.13,73.91,74.39,74.39,102296950
2015-09-23,74.4,74.97,73.45,73.74,73.74,93374560
2015-09-24,73.94,74.3,72.67,73.33,73.33,101789760
2015-09-25,73.78,74.97,73.67,74.97,74.97,86018340
2015-09-28,74.99,75.67,74.25,74.57,74.57,69169380
2015-09-29,74.17,75.6,73.58,75.5,75.5,83624660
2015-09-30,75.68,76.76,75.2,75.3,75.3,86525120
2015-10-01,76.0,76.49,74.12,74.51,74.51,109384990
2015-10-02,74.6,75.0,72.95,73.8,73.8,98443470
2015-10-05,74.55,76.3,74.29,76.2,76.2,100484850
2015-10-06,76.28,77.34,75.7,77.31,77.31,102125210
2015-10-07,78.31,79.7,76.69,79.65,79.65,181436920
2015-10-08,79.15,83.29,78.37,83.11,83.11,234046020
2015-10-09,83.88,86.2,83.26,85.77,85.77,205573820
2015-10-12,85.8,86.6,83.86,85.45,85.45,146007620
2015-10-13,84.86,85.65,84.26,85.0,85.0,99736900
2015-10-14,84.48,87.1,84.02,86.81,86.81,114246530
2015-10-15,86.99,89.12,86.93,87.7,87.7,139294580
2015-10-16,88.57,90.07,88.3,88.52,88.52,143386100
2015-10-19,88.5,88.86,85.92,87.07,87.07,118152120
2015-10-20,86.96,89.34,86.14,88.14,88.14,109382370
2015-10-21,87.99,88.35,86.0,86.95,86.95,99081310
2015-10-22,86.63,87.6,86.03,86.53,86.53,90618250
2015-10-23,87.22,90.45,86.97,90.45,90.45,137358890
2015-10-26,90.89,92.7,89.72,92.3,92.3,154684320
2015-10-27,91.9,91.92,88.73,89.0,89.0,137755700
2015-10-28,89.0,90.49,87.33,90.05,90.05,128577920
2015-10-29,89.73,91.0,88.31,88.6,88.6,114433270
2015-10-30,88.75,90.8,88.12,90.53,90.53,85414040
2015-11-02,90.25,93.8,89.66,93.65,93.65,125019670
2015-11-03,93.89,95.59,93.32,95.4,95.4,122438730
2015-11-05,96.0,96.6,94.6,95.5,95.5,127769250
2015-11-06,95.5,95.91,93.57,94.09,94.09,106579170
2015-11-09,94.5,94.79,92.7,92.95,92.95,79039400
2015-11-10,92.78,94.42,92.02,94.35,94.35,71523380
2015-11-11,94.2,94.86,92.65,94.0,94.0,77489920
2015-11-12,93.4,94.77,92.69,94.29,94.29,79197840
2015-11-13,93.4,94.39,92.96,93.4,93.4,79071320
2015-11-16,93.01,96.14,93.01,95.8,95.8,88111460
2015-11-17,96.52,102.67,96.52,102.5,102.5,181101510
2015-11-18,102.78,104.59,101.74,104.0,104.0,136661570
2015-11-19,104.7,108.55,102.54,104.86,104.86,191081370
2015-11-20,104.35,107.3,103.19,107.3,107.3,113710820
2015-11-23,106.88,110.32,105.22,109.98,109.98,173233750
2015-11-24,109.81,110.7,105.15,105.6,105.6,154170880
2015-11-25,106.3,108.94,105.44,108.51,108.51,119491800
2015-11-26,108.77,109.3,105.6,106.48,106.48,80653490
2015-11-27,105.74,106.06,103.7,104.55,104.55,93334840
2015-11-30,103.9,105.9,102.75,102.9,102.9,87247790
2015-12-01,103.5,103.9,100.6,101.3,101.3,98894750
2015-12-02,101.48,103.49,101.15,102.5,102.5,89735480
2015-12-03,101.9,105.02,101.5,104.0,104.0,96438740
2015-12-04,103.7,105.67,102.25,103.05,103.05,107660660
2015-12-07,103.45,104.9,102.78,103.0,103.0,91341440
2015-12-08,102.8,103.08,96.95,97.0,97.0,159235470
2015-12-09,97.47,101.05,97.24,100.66,100.66,119148390
2015-12-10,100.3,101.75,99.67,100.13,100.13,88967510
2015-12-11,99.89,100.59,97.76,98.15,98.15,90949100
2015-12-14,97.58,98.37,96.23,97.7,97.7,101851290
2015-12-15,98.5,100.79,98.24,100.0,100.0,87563530
2015-12-16,100.25,102.5,100.07,102.45,102.45,70548170
2015-12-17,102.95,105.18,102.55,103.75,103.75,120210540
2015-12-18,103.05,103.18,98.8,98.81,98.81,108929250
2015-12-21,98.9,100.8,97.65,98.73,98.73,81398290
2015-12-22,99.5,100.4,99.1,99.8,99.8,48799790
2015-12-23,100.15,102.96,100.13,102.96,102.96,72286800
2015-12-24,103.75,103.89,100.4,101.35,101.35,72255900
2015-12-25,101.83,102.32,100.78,101.34,101.34,26197790
2015-12-28,101.2,101.54,99.46,100.2,100.2,36924620
2015-12-29,100.49,102.5,99.74,101.82,101.82,72703690
2015-12-30,101.67,101.85,100.47,101.26,101.26,38868080
2016-01-04,101.0,101.78,97.94,98.01,98.01,51264550
2016-01-05,97.88,99.24,97.16,98.89,98.89,49071570
2016-01-06,98.7,99.56,96.83,96.85,96.85,40710930
2016-01-11,93.61,94.89,91.01,91.03,91.03,86120290
2016-01-12,89.09,92.88,88.52,91.71,91.71,110109050
2016-01-13,92.75,93.88,91.25,91.5,91.5,74169700
2016-01-14,91.0,93.15,90.37,93.04,93.04,81179220
2016-01-15,92.44,92.95,86.85,87.27,87.27,133791200
2016-01-18,86.01,88.28,85.1,86.15,86.15,100574240
2016-01-19,87.39,89.7,85.76,86.68,86.68,114039260
2016-01-20,84.89,85.19,82.2,83.83,83.83,134624680
2016-01-21,84.25,87.15,83.27,86.0,86.0,143863130
2016-01-22,88.97,92.28,87.62,91.5,91.5,207689990
2016-01-25,92.55,93.35,90.0,91.0,91.0,131784760
2016-01-26,89.06,91.76,88.74,91.5,91.5,105375580
2016-01-27,91.98,96.26,91.47,95.75,95.75,150816500
2016-01-28,95.77,97.28,94.33,96.69,96.69,179555940
2016-01-29,97.47,98.7,95.12,96.5,96.5,165404880
2016-02-01,96.27,97.49,95.29,96.5,96.5,89621070
2016-02-02,95.7,97.07,93.75,94.4,94.4,128999060
2016-02-03,93.91,96.89,93.71,94.53,94.53,112704620
2016-02-04,98.56,98.56,96.71,97.57,97.57,122053010
2016-02-05,97.01,97.98,96.35,97.2,97.2,81434160
2016-02-08,97.05,97.86,93.85,94.7,94.7,106207300
2016-02-09,94.0,95.63,92.7,93.89,93.89,121341460
2016-02-10,93.5,96.77,93.16,96.35,96.35,111478160
2016-02-11,95.71,96.1,93.05,94.2,94.2,115370090
2016-02-12,95.14,95.67,94.18,94.85,94.85,79435870
2016-02-15,96.0,96.37,94.93,95.25,95.25,68610990
2016-02-16,95.99,97.28,95.7,96.51,96.51,114942500
2016-02-17,96.51,99.38,96.05,99.2,99.2,114840150
2016-02-18,99.9,102.8,99.75,102.7,102.7,125646250
2016-02-19,101.99,103.57,101.0,101.5,101.5,171600390
2016-02-20,101.61,102.6,101.5,102.39,102.39,18170020
2016-02-22,102.57,104.39,102.39,103.2,103.2,66187510
2016-02-24,102.0,102.7,100.79,102.1,102.1,89140580
2016-02-25,102.65,104.35,101.51,104.05,104.05,110333690
2016-02-26,105.0,107.15,104.83,106.24,106.24,144091540
2016-02-29,105.5,107.38,104.81,107.0,107.0,91798290
2016-03-01,107.5,108.79,106.42,108.26,108.26,114856490
2016-03-02,109.0,109.2,106.1,106.12,106.12,97924080
2016-03-03,106.7,107.63,105.4,106.99,106.99,80188360
2016-03-04,107.7,109.02,106.7,108.99,108.99,84288020
2016-03-07,109.62,110.2,108.57,109.47,109.47,75021080
2016-03-09,108.99,109.07,107.5,108.15,108.15,72419980
2016-03-10,108.26,109.9,107.67,108.84,108.84,94994800
2016-03-11,109.2,109.95,108.55,109.26,109.26,61331210
2016-03-14,109.28,109.56,108.4,109.26,109.26,66481000
2016-03-15,109.6,110.29,106.09,106.46,106.46,127043830
2016-03-16,107.2,107.27,106.12,107.0,107.0,75835060
2016-03-17,107.8,109.49,107.7,109.47,109.47,92997390
2016-03-18,109.59,112.5,108.91,112.4,112.4,134630750
2016-03-21,111.5,112.92,110.5,112.07,112.07,115565250
2016-03-22,112.27,114.19,111.0,111.49,111.49,107526080
2016-03-23,111.27,112.1,108.7,109.1,109.1,104185740
2016-03-24,108.59,109.29,107.05,108.06,108.06,93439810
2016-03-25,108.62,109.5,108.62,109.1,109.1,32979670
2016-03-28,110.0,110.11,107.69,108.12,108.12,50130410
2016-03-29,107.91,108.44,105.35,107.05,107.05,86835580
2016-03-30,107.98,109.91,107.52,109.15,109.15,84472720
2016-03-31,108.72,110.59,107.32,109.9,109.9,106590120
2016-04-01,109.3,109.4,107.01,108.52,108.52,101276220
2016-04-04,108.21,109.69,107.1,108.2,108.2,80458170
2016-04-05,107.24,107.64,106.0,106.87,106.87,75655980
2016-04-06,107.63,108.3,107.05,108.0,108.0,75577530
2016-04-07,108.99,109.38,107.62,108.51,108.51,80295520
2016-04-08,108.98,113.3,108.56,112.92,112.92,124450440
2016-04-11,113.0,117.85,112.62,117.35,117.35,150709430
2016-04-12,117.27,119.39,115.82,117.95,117.95,121033520
2016-04-13,118.1,119.95,117.35,119.5,119.5,103450650
2016-04-14,119.01,119.55,117.89,119.3,119.3,87986340
2016-04-15,118.95,119.91,118.11,119.3,119.3,70464930
2016-04-18,117.12,118.2,116.01,118.2,118.2,91828010
2016-04-19,118.9,123.35,118.78,121.5,121.5,137828350
2016-04-20,120.5,123.97,119.9,123.75,123.75,104454360
2016-04-21,124.99,125.55,118.2,119.17,119.17,181989880
2016-04-22,119.68,121.39,117.9,121.25,121.25,103033620
2016-04-25,121.01,121.51,119.6,120.08,120.08,67353690
2016-04-26,119.98,119.98,116.75,119.7,119.7,87582980
2016-04-27,120.25,122.37,119.57,120.8,120.8,90776270
2016-04-28,121.31,124.39,120.0,124.39,124.39,86145270
2016-04-29,124.43,125.78,122.0,123.55,123.55,102845000
2016-05-04,121.5,122.39,119.31,120.96,120.96,84919830
2016-05-05,121.46,122.3,120.4,120.92,120.92,56067230
2016-05-06,120.27,120.86,118.41,120.64,120.64,70324510
2016-05-10,119.8,121.35,118.57,119.55,119.55,66142640
2016-05-11,120.01,123.62,119.57,123.45,123.45,85404520
2016-05-12,123.46,124.38,121.01,121.2,121.2,82201850
2016-05-13,121.5,121.95,119.69,121.07,121.07,63730840
2016-05-16,122.2,123.62,121.63,122.6,122.6,59171910
2016-05-17,122.85,123.27,120.6,122.71,122.71,72505100
2016-05-18,122.49,123.54,121.83,123.12,123.12,50047460
2016-05-19,121.96,122.17,120.3,120.5,120.5,72437040
2016-05-20,121.83,122.47,120.8,121.9,121.9,54014280
2016-05-23,121.3,122.2,120.12,121.51,121.51,56408970
2016-05-24,121.45,124.07,121.35,123.5,123.5,56897490
2016-05-25,124.45,128.55,124.41,127.87,127.87,114073670
2016-05-26,128.54,133.05,126.9,132.16,132.16,125310740
2016-05-27,131.62,134.79,131.35,133.2,133.2,87175150
2016-05-30,133.51,135.08,132.55,134.45,134.45,37575080
2016-05-31,134.79,135.98,132.56,132.56,132.56,93363020
2016-06-01,132.36,133.21,131.31,131.36,131.36,64165110
2016-06-02,131.51,133.08,130.51,132.3,132.3,63947300
2016-06-03,133.07,134.44,131.04,131.59,131.59,68202630
2016-06-06,132.08,134.74,132.0,133.99,133.99,48666040
2016-06-07,134.5,139.97,134.02,139.97,139.97,101205300
2016-06-08,141.12,142.0,137.44,139.39,139.39,88540950
2016-06-09,139.9,140.71,137.07,139.61,139.61,56597300
2016-06-10,137.8,137.94,133.35,133.5,133.5,64569430
2016-06-14,131.22,132.37,126.15,127.08,127.08,109389570
2016-06-15,126.9,130.23,126.61,129.89,129.89,80324940
2016-06-16,129.0,129.24,125.85,127.1,127.1,67167630
2016-06-17,128.66,130.75,128.49,128.7,128.7,66796670
2016-06-20,132.45,133.48,131.2,132.13,132.13,47921580
2016-06-21,132.1,133.43,129.94,133.39,133.39,52409310
2016-06-22,134.61,135.79,133.51,134.81,134.81,45459110
2016-06-23,134.42,138.28,133.89,138.0,138.0,55163860
2016-06-24,131.5,133.5,129.12,133.4,133.4,107405790
2016-06-27,133.9,134.83,125.35,126.2,126.2,117447730
2016-06-28,127.85,129.71,125.7,129.57,129.57,91288180
2016-06-29,130.63,133.95,129.82,133.88,133.88,67216180
2016-06-30,133.65,135.34,131.14,133.0,133.0,86955520
2016-07-01,133.38,134.34,131.55,133.85,133.85,64562290
2016-07-04,134.65,135.84,133.8,134.6,134.6,37974790
2016-07-05,133.9,133.9,131.73,131.85,131.85,44240960
2016-07-06,131.51,132.04,127.85,129.36,129.36,70460970
2016-07-07,130.49,133.5,130.02,131.8,131.8,77524920
2016-07-08,130.63,134.49,130.35,134.41,134.41,75763390
2016-07-11,134.92,137.77,134.52,137.2,137.2,69836360
2016-07-12,137.55,140.47,136.9,140.4,140.4,63799710
2016-07-13,140.29,141.35,137.88,139.4,139.4,85670010
2016-07-14,140.0,140.65,137.57,140.0,140.0,61352910
2016-07-15,139.39,139.74,137.25,138.12,138.12,53551790
2016-07-18,138.43,139.93,137.9,139.93,139.93,46932760
2016-07-19,139.75,141.1,138.42,139.47,139.47,53219980
2016-07-20,139.55,140.0,137.41,138.57,138.57,63451000
2016-07-21,139.3,139.85,137.8,138.5,138.5,32417720
2016-07-22,137.86,138.87,137.57,137.8,137.8,33621130
2016-07-25,138.2,138.66,135.5,136.0,136.0,47091610
2016-07-26,136.2,136.7,133.33,135.75,135.75,65112170
2016-07-27,136.1,137.6,135.2,136.9,136.9,62463270
2016-07-28,137.0,137.34,134.82,136.85,136.85,56411550
2016-07-29,136.57,139.81,135.93,139.15,139.15,59193890
2016-08-01,140.0,141.21,137.59,138.52,138.52,47153870
2016-08-02,138.45,138.6,135.0,135.06,135.06,57230140
2016-08-03,134.73,136.2,134.27,135.73,135.73,46790060
2016-08-04,136.47,137.6,136.02,137.14,137.14,41613130
2016-08-05,137.48,138.89,137.31,138.69,138.69,44500460
2016-08-08,139.01,140.1,138.0,139.45,139.45,43544440
2016-08-09,139.21,140.25,137.85,139.2,139.2,52334380
2016-08-10,139.2,139.8,138.14,138.3,138.3,36208220
2016-08-11,138.16,139.74,137.68,139.7,139.7,38363080
2016-08-12,140.2,141.39,139.1,139.45,139.45,44408570
2016-08-15,140.25,140.49,138.86,139.5,139.5,40246250
2016-08-16,139.5,141.08,138.03,138.1,138.1,64976850
2016-08-17,138.2,138.8,137.17,138.44,138.44,42754590
2016-08-18,138.72,140.14,136.2,137.0,137.0,62192110
2016-08-19,137.7,137.7,135.52,135.8,135.8,42601100
2016-08-22,135.15,137.47,134.6,137.37,137.37,47528400
2016-08-23,137.0,140.48,136.9,140.35,140.35,59224560
2016-08-24,139.7,140.5,138.52,139.5,139.5,46466330
2016-08-25,139.99,142.9,139.67,142.84,142.84,76078810
2016-08-26,143.2,145.6,143.2,145.25,145.25,75195700
2016-08-29,144.47,144.47,142.51,143.55,143.55,45656960
2016-08-30,143.58,145.3,143.18,143.18,143.18,50500270
2016-08-31,143.2,144.05,142.55,143.5,143.5,45305830
2016-09-01,143.96,144.78,143.6,144.25,144.25,41963100
2016-09-02,144.45,147.09,143.82,146.88,146.88,53845560
2016-09-05,147.5,149.6,147.09,149.5,149.5,59600300
2016-09-06,149.8,150.81,149.06,150.64,150.64,60199870
2016-09-07,150.95,155.03,150.92,154.33,154.33,95300490
2016-09-08,155.23,156.25,152.67,153.45,153.45,64752830
2016-09-09,152.71,152.84,151.22,151.6,151.6,33786550
2016-09-12,149.73,151.69,148.65,151.43,151.43,56124240
2016-09-13,151.5,152.1,149.25,149.8,149.8,36177590
2016-09-14,149.85,151.55,149.35,150.86,150.86,38730080
2016-09-15,150.51,150.78,148.06,149.14,149.14,45152290
2016-09-16,149.3,149.68,147.0,147.0,147.0,49929080
2016-09-19,148.8,149.91,148.07,148.66,148.66,38986370
2016-09-20,148.12,149.4,147.04,149.3,149.3,35197210
2016-09-21,149.85,151.54,149.72,150.67,150.67,43825610
2016-09-22,152.54,154.5,151.62,154.18,154.18,66192510
2016-09-23,153.73,153.76,150.13,151.5,151.5,51201870
2016-09-26,149.9,152.45,148.7,149.1,149.1,52078570
2016-09-27,149.55,149.69,147.28,147.53,147.53,40476550
2016-09-28,148.12,149.34,146.71,147.18,147.18,40322000
2016-09-29,150.2,150.88,148.05,148.47,148.47,56728010
2016-09-30,147.0,147.0,144.6,145.34,145.34,58037520
2016-10-03,146.0,148.87,145.75,148.87,148.87,47993880
2016-10-04,149.1,149.12,146.21,148.1,148.1,46486550
2016-10-05,148.14,148.4,146.3,147.95,147.95,37993810
2016-10-06,148.34,149.69,147.55,148.9,148.9,32716690
2016-10-07,149.6,150.5,147.89,148.74,148.74,49440170
2016-10-10,149.33,151.3,148.36,151.27,151.27,37509660
2016-10-11,150.89,152.44,150.51,151.3,151.3,46387240
2016-10-12,151.2,151.59,148.81,149.2,149.2,35366250
2016-10-13,148.64,148.65,145.76,146.09,146.09,52838360
2016-10-14,146.65,147.96,146.16,146.73,146.73,37124120
2016-10-17,146.5,147.13,145.54,146.46,146.46,42616240
2016-10-18,147.48,148.44,147.02,147.74,147.74,32955000
2016-10-19,148.39,149.2,148.07,148.6,148.6,31874420
2016-10-20,148.8,149.0,147.29,148.26,148.26,34266570
2016-10-21,148.01,148.84,147.48,148.42,148.42,23329810
2016-10-24,149.21,150.45,148.94,149.15,149.15,37453910
2016-10-25,149.74,152.23,149.22,151.57,151.57,36161040
2016-10-26,151.23,151.7,149.75,150.67,150.67,35952060
2016-10-27,150.57,151.62,149.3,149.3,149.3,28739200
2016-10-28,149.4,150.08,148.32,149.2,149.2,22418130
2016-10-31,148.99,148.99,147.4,147.4,147.4,27721920
2016-11-01,147.9,148.98,145.71,145.85,145.85,44168710
2016-11-02,144.51,145.64,142.3,142.36,142.36,60205670
2016-11-03,142.8,143.66,141.6,142.75,142.75,40341340
2016-11-07,143.8,144.88,142.55,143.4,143.4,32443490
2016-11-08,144.25,146.33,143.68,146.11,146.11,37347690
2016-11-09,143.0,151.35,142.5,151.04,151.04,102394650
2016-11-10,151.88,155.57,151.84,153.36,153.36,100426420
2016-11-11,153.0,153.68,151.44,151.51,151.51,69515020
2016-11-14,152.5,152.85,149.17,150.4,150.4,47655170
2016-11-15,151.0,152.37,148.75,149.85,149.85,50518750
2016-11-16,150.9,151.88,149.18,149.94,149.94,35759620
2016-11-17,149.93,150.95,148.95,149.75,149.75,37684570
2016-11-18,149.99,150.84,149.64,150.05,150.05,27291020
2016-11-21,150.9,153.25,150.9,153.0,153.0,40030400
2016-11-22,153.85,155.68,153.64,155.0,155.0,68572050
2016-11-23,155.44,155.44,154.55,155.23,155.23,36365060
2016-11-24,155.38,161.2,155.3,161.15,161.15,68795980
2016-11-25,161.0,163.42,158.94,160.36,160.36,69148720
2016-11-28,160.01,161.12,158.43,159.4,159.4,33551380
2016-11-29,158.98,160.7,157.6,158.07,158.07,49350470
2016-11-30,158.3,160.13,157.71,158.7,158.7,62385780
2016-12-01,159.99,160.0,157.75,158.7,158.7,44384190
2016-12-02,158.45,159.94,157.1,159.4,159.4,52755790
2016-12-05,158.76,163.23,158.43,162.02,162.02,56633080
2016-12-06,161.99,162.94,159.35,159.35,159.35,47160440
2016-12-07,159.82,161.0,158.58,159.95,159.95,46914440
2016-12-08,160.7,168.98,160.67,168.98,168.98,98187850
2016-12-09,169.65,170.87,167.6,169.66,169.66,74497920
2016-12-12,172.0,178.93,171.35,175.4,175.4,114401460
2016-12-13,175.0,177.48,172.06,176.9,176.9,64580090
2016-12-14,177.0,177.87,172.37,173.7,173.7,53848710
2016-12-15,171.5,175.39,171.35,174.92,174.92,75039220
2016-12-16,175.61,177.04,173.5,173.9,173.9,50133300
2016-12-19,174.76,175.55,173.2,174.3,174.3,34213020
2016-12-20,174.17,176.86,173.03,175.9,175.9,31563470
2016-12-21,176.68,185.34,174.65,174.71,174.71,92678660
2016-12-22,174.49,175.35,170.0,170.0,170.0,67004190
2016-12-23,169.8,171.76,168.55,171.15,171.15,37355710
2016-12-26,171.3,173.2,171.15,171.97,171.97,21221200
2016-12-27,172.0,172.7,170.5,172.27,172.27,19784040
2016-12-28,173.0,173.63,170.1,170.1,170.1,37022030
2016-12-29,170.05,172.22,167.55,171.3,171.3,49661210
2016-12-30,171.7,173.25,170.56,173.25,173.25,35427000
2017-01-03,173.4,181.68,173.0,180.12,180.12,53890400
2017-01-04,178.9,179.41,174.23,175.95,175.95,41400710
2017-01-05,176.31,177.28,171.54,171.9,171.9,35093040
2017-01-06,172.4,173.75,169.5,170.69,170.69,35415590
2017-01-09,171.37,172.39,168.05,168.35,168.35,35187380
2017-01-10,168.35,172.3,167.54,171.6,171.6,58874120
2017-01-11,171.5,173.05,168.54,169.05,169.05,52772790
2017-01-12,170.0,170.65,168.02,168.27,168.27,49854940
2017-01-13,168.79,172.39,163.88,164.9,164.9,85990570
2017-01-16,165.22,166.8,164.06,164.66,164.66,37577470
2017-01-17,164.67,166.47,163.34,165.98,165.98,45968310
2017-01-18,165.9,167.8,164.31,165.24,165.24,42479900
2017-01-19,165.46,166.99,164.69,166.3,166.3,38478840
2017-01-20,166.55,168.19,165.42,167.49,167.49,32581460
2017-01-23,167.33,167.33,164.53,166.75,166.75,36457470
2017-01-24,167.37,170.7,167.24,170.25,170.25,45397860
2017-01-25,170.5,171.3,169.5,170.26,170.26,42543080
2017-01-26,170.85,174.39,169.06,173.79,173.79,56105000
2017-01-27,173.89,178.92,173.0,178.92,178.92,71123150
2017-01-30,177.5,178.0,174.24,174.6,174.6,45935720
2017-01-31,174.37,175.27,172.07,172.2,172.2,46486680
2017-02-01,172.59,174.27,171.75,173.9,173.9,42252780
2017-02-02,173.94,174.69,171.95,172.83,172.83,31064430
2017-02-03,173.03,174.19,172.27,173.8,173.8,34744860
2017-02-06,174.71,174.98,172.22,172.87,172.87,33943730
2017-02-07,173.0,174.18,171.51,173.47,173.47,33506000
2017-02-08,173.2,173.2,170.77,171.2,171.2,33314310
2017-02-09,171.91,172.67,167.84,168.8,168.8,48730500
2017-02-10,169.05,170.45,165.4,165.5,165.5,59337100
2017-02-13,166.05,167.05,163.5,164.7,164.7,53028170
2017-02-14,164.99,165.14,162.01,162.7,162.7,54466800
2017-02-15,162.27,165.57,160.0,163.5,163.5,68808530
2017-02-16,164.4,166.5,162.21,166.49,166.49,44328980
2017-02-17,166.48,167.12,164.42,165.49,165.49,32616900
2017-02-20,166.4,166.69,163.93,165.44,165.44,26986270
2017-02-21,165.11,168.38,164.8,167.0,167.0,39649880
2017-02-22,167.5,168.3,164.35,165.9,165.9,40662980
2017-02-24,166.53,168.02,165.03,165.51,165.51,29704800
2017-02-27,166.01,166.34,160.62,160.95,160.95,41947190
2017-02-28,161.05,161.19,155.7,156.0,156.0,67919290
2017-03-01,155.65,160.92,155.65,160.0,160.0,62258970
2017-03-02,161.39,164.3,160.33,163.4,163.4,65453580
2017-03-03,162.95,164.89,161.61,164.4,164.4,38242710
2017-03-06,164.5,165.99,162.0,162.0,162.0,36845090
2017-03-07,162.41,162.41,158.9,160.98,160.98,44866990
2017-03-09,159.22,160.84,155.23,156.2,156.2,63696720
2017-03-10,157.32,159.4,155.55,157.5,157.5,51296630
2017-03-13,157.49,159.87,155.86,158.92,158.92,34087370
2017-03-14,159.5,160.75,157.02,157.42,157.42,59200290
2017-03-15,158.05,159.67,156.06,156.2,156.2,48858400
2017-03-16,157.82,159.85,157.82,158.35,158.35,68322520
2017-03-17,158.55,162.85,158.17,161.15,161.15,65470090
2017-03-20,161.57,164.05,160.61,163.8,163.8,41497240
2017-03-21,164.5,165.49,162.25,162.98,162.98,39831880
2017-03-22,162.01,162.92,159.75,162.92,162.92,40877170
2017-03-23,163.5,164.84,162.1,164.15,164.15,38722220
2017-03-24,164.0,165.9,163.07,164.52,164.52,33041260
2017-03-27,163.03,163.37,161.1,162.69,162.69,35418700
2017-03-28,163.5,164.1,162.05,163.66,163.66,30489200
2017-03-29,164.0,164.9,162.37,163.22,163.22,26160370
2017-03-30,163.32,164.1,161.9,163.5,163.5,24410850
2017-03-31,163.4,163.7,159.51,159.8,159.8,31639970
2017-04-03,160.77,162.94,159.84,161.8,161.8,32726400
2017-04-04,161.37,163.95,160.7,163.5,163.5,23333230
2017-04-05,164.33,168.45,163.82,168.1,168.1,57753380
2017-04-06,167.54,168.19,166.41,167.49,167.49,24422020
2017-04-07,166.12,166.84,160.71,161.49,161.49,59739010
2017-04-10,161.0,161.39,154.51,155.2,155.2,73718410
2017-04-11,155.2,158.59,154.61,156.0,156.0,53342100
2017-04-12,157.0,157.44,150.28,150.28,150.28,53279800
2017-04-13,151.57,153.35,149.7,152.0,152.0,70013640
2017-04-14,150.42,152.25,148.6,149.24,149.24,25092420
2017-04-17,149.44,154.2,147.62,153.99,153.99,48418090
2017-04-18,154.44,155.59,152.15,153.4,153.4,60882590
2017-04-19,153.18,155.38,152.36,153.6,153.6,38955390
2017-04-20,153.0,158.4,152.26,158.21,158.21,64127430
2017-04-21,158.74,160.3,157.8,159.59,159.59,57187090
2017-04-24,161.09,163.43,161.0,162.5,162.5,48021380
2017-04-25,163.0,163.53,161.31,162.55,162.55,40534410
2017-04-26,163.08,165.8,161.7,165.05,165.05,49259630
2017-04-27,164.99,165.79,163.27,164.69,164.69,43712420
2017-04-28,165.5,166.0,163.91,165.2,165.2,40999710
2017-05-02,166.0,168.34,165.01,166.64,166.64,42498180
2017-05-03,166.3,166.5,163.63,164.71,164.71,33570350
2017-05-04,164.62,167.4,163.78,165.5,165.5,37623080
2017-05-05,164.22,166.6,164.0,165.8,165.8,35495540
2017-05-10,167.0,170.8,166.41,170.8,170.8,46474510
2017-05-11,171.0,172.39,168.84,169.97,169.97,56593530
2017-05-12,169.75,170.43,166.85,167.7,167.7,37355540
2017-05-15,168.5,171.68,167.89,171.35,171.35,47099400
2017-05-16,170.97,172.0,169.98,170.66,170.66,37205990
2017-05-17,169.8,170.63,168.17,169.24,169.24,35218260
2017-05-18,168.41,169.17,164.7,166.5,166.5,57482410
2017-05-19,167.48,170.08,165.71,168.87,168.87,36552330
2017-05-22,170.5,170.5,167.14,168.03,168.03,29679120
2017-05-23,167.87,168.3,165.4,166.31,166.31,39501140
2017-05-24,166.8,168.48,162.51,165.7,165.7,46891970
2017-05-25,166.5,166.95,163.53,164.05,164.05,34373440
2017-05-26,163.8,163.8,160.62,160.7,160.7,46062750
2017-05-29,161.0,164.22,160.69,163.9,163.9,28741460
2017-05-30,163.15,163.45,161.17,161.64,161.64,22672890
2017-05-31,161.6,161.6,155.03,155.93,155.93,74365770
2017-06-01,156.4,156.76,152.72,153.0,153.0,50590080
2017-06-02,153.0,157.14,151.62,157.14,157.14,65420920
2017-06-05,157.1,158.89,154.43,154.7,154.7,48595070
2017-06-06,154.49,156.0,152.11,152.8,152.8,34673910
2017-06-07,153.3,155.11,151.75,152.82,152.82,43663590
2017-06-08,153.16,153.43,148.25,151.93,151.93,67991950
2017-06-09,151.41,153.75,150.12,150.13,150.13,45312560
2017-06-13,145.35,147.3,145.0,146.0,146.0,53389650
2017-06-14,145.65,145.65,142.81,143.0,143.0,58225630
2017-06-15,141.94,142.21,136.2,139.0,139.0,183326250
2017-06-16,139.65,142.8,139.02,141.63,141.63,79690200
2017-06-19,142.5,145.15,141.8,145.0,145.0,55251940
2017-06-20,145.2,147.1,143.5,144.9,144.9,58990950
2017-06-21,144.16,144.99,142.77,143.49,143.49,48036300
2017-06-22,142.39,145.69,141.78,144.25,144.25,54360770
2017-06-23,144.4,146.0,143.62,144.1,144.1,42333900
2017-06-26,144.85,146.49,143.81,144.49,144.49,46189970
2017-06-27,144.05,147.2,143.4,147.1,147.1,51070850
2017-06-28,146.2,146.45,144.71,145.5,145.5,45975150
2017-06-29,146.51,146.83,143.2,143.8,143.8,48806780
2017-06-30,143.2,146.73,142.88,145.59,145.59,67210520
2017-07-03,146.65,148.3,146.22,147.5,147.5,38410910
2017-07-04,147.5,149.8,147.11,149.39,149.39,40165050
2017-07-05,149.39,149.79,147.89,148.96,148.96,48191260
2017-07-06,149.2,151.03,148.9,150.35,150.35,51568300
2017-07-07,149.65,152.5,149.06,152.16,152.16,57150370
2017-07-10,152.48,155.34,152.36,155.0,155.0,63627110
2017-07-11,155.55,157.0,154.95,156.91,156.91,57224430
2017-07-12,157.53,160.99,157.5,160.85,160.85,70426950
2017-07-13,161.46,162.62,158.34,159.94,159.94,71818670
2017-07-14,159.9,162.26,159.43,161.4,161.4,43599590
2017-07-17,161.8,163.1,159.82,161.98,161.98,40217710
2017-07-18,162.0,162.99,160.88,161.7,161.7,36470090
2017-07-19,161.3,164.34,160.53,164.34,164.34,56474420
2017-07-20,164.06,164.91,163.47,163.93,163.93,41944460
2017-07-21,163.99,163.99,161.72,162.1,162.1,35022910
2017-07-24,161.21,162.33,158.6,161.33,161.33,57495790
2017-07-25,161.66,162.3,159.92,160.22,160.22,43210700
2017-07-26,160.71,162.31,160.12,161.55,161.55,42613080
2017-07-27,162.41,166.0,162.4,166.0,166.0,55346350
2017-07-28,165.37,165.75,163.15,165.4,165.4,50132670
2017-07-31,165.53,167.35,163.88,164.53,164.53,55781520
2017-08-01,165.5,168.0,165.3,166.31,166.31,55355180
2017-08-02,166.6,169.94,166.54,169.9,169.9,55341010
2017-08-03,170.0,170.98,169.17,170.0,170.0,56318760
2017-08-04,169.49,170.0,168.6,169.73,169.73,27204000
2017-08-07,170.47,172.95,170.38,172.79,172.79,35533610
2017-08-08,173.0,175.88,172.66,175.75,175.75,50529650
2017-08-09,174.8,175.2,172.8,173.4,173.4,49021230
2017-08-10,173.75,174.16,172.01,172.2,172.2,30020500
2017-08-11,171.26,172.49,168.64,172.05,172.05,60812390
2017-08-14,173.0,173.77,171.37,172.51,172.51,30902070
2017-08-15,172.31,172.72,170.46,172.33,172.33,30384890
2017-08-16,172.95,175.3,172.83,173.05,173.05,41837570
2017-08-17,172.5,173.99,172.27,172.72,172.72,26052310
2017-08-18,171.71,171.71,168.13,169.5,169.5,52379100
2017-08-21,169.77,170.69,168.5,169.9,169.9,36731730
2017-08-22,171.2,171.7,169.7,171.0,171.0,37858620
2017-08-23,171.0,175.3,170.98,175.3,175.3,55467190
2017-08-24,175.5,179.94,175.3,179.8,179.8,78590210
2017-08-25,180.85,182.25,179.6,180.51,180.51,68786620
2017-08-28,180.6,181.85,179.2,181.85,181.85,27960960
2017-08-29,182.0,182.0,179.51,181.89,181.89,46130680
2017-08-30,182.5,184.48,180.85,183.5,183.5,48548970
2017-08-31,182.99,186.33,181.71,183.51,183.51,64267180
2017-09-01,183.85,185.33,182.02,183.66,183.66,34360100
2017-09-04,181.51,185.27,180.93,184.1,184.1,25717510
2017-09-05,184.39,185.59,183.33,184.14,184.14,34342180
2017-09-06,183.25,183.73,181.47,183.12,183.12,33518200
2017-09-07,183.47,185.25,183.32,184.0,184.0,45668560
2017-09-08,184.1,187.43,183.77,185.89,185.89,60690500
2017-09-11,186.7,191.3,186.51,190.5,190.5,61682280
2017-09-12,191.03,192.31,188.14,189.32,189.32,50535740
2017-09-13,189.32,190.95,188.4,189.1,189.1,47811940
2017-09-14,189.0,189.39,186.0,188.64,188.64,38052220
2017-09-15,188.73,189.3,186.72,188.75,188.75,44784370
2017-09-18,189.56,190.37,187.31,188.04,188.04,29580440
2017-09-19,187.68,187.72,184.55,184.85,184.85,41401170
2017-09-20,184.5,186.47,182.65,186.47,186.47,50034550
2017-09-21,186.4,188.37,183.8,187.38,187.38,41621350
2017-09-22,187.35,188.77,186.77,187.55,187.55,37307660
2017-09-25,187.37,191.38,186.37,191.2,191.2,64177070
2017-09-26,191.56,195.0,191.54,192.54,192.54,82080300
2017-09-27,192.94,194.29,191.2,193.7,193.7,55030940
2017-09-28,193.68,194.3,191.53,191.96,191.96,39113080
2017-09-29,192.0,192.94,190.8,192.33,192.33,26325570
2017-10-02,192.76,194.1,191.1,193.0,193.0,35954810
2017-10-03,193.28,193.87,192.13,192.5,192.5,28657490
2017-10-04,192.49,192.59,191.22,192.03,192.03,26536580
2017-10-05,192.0,193.93,189.06,193.74,193.74,49466550
2017-10-06,194.3,196.42,193.67,194.16,194.16,52399740
2017-10-09,194.2,194.9,192.58,194.0,194.0,27756660
2017-10-10,194.3,194.45,192.95,193.21,193.21,17832400
2017-10-11,193.95,196.75,193.56,195.83,195.83,58002000
2017-10-12,195.85,196.75,194.95,195.51,195.51,34969250
2017-10-13,195.62,197.29,195.2,196.48,196.48,30338910
2017-10-16,197.53,198.52,196.7,197.7,197.7,26979280
2017-10-17,197.3,198.0,196.07,197.2,197.2,26239760
2017-10-18,197.5,197.89,194.01,195.31,195.31,43547040
2017-10-19,195.26,195.69,191.81,192.2,192.2,40359720
2017-10-20,193.6,194.14,192.23,192.97,192.97,29002730
2017-10-23,193.41,193.64,190.82,192.34,192.34,26949880
2017-10-24,191.64,192.92,190.13,192.5,192.5,28262140
2017-10-25,193.0,194.37,192.04,192.04,192.04,32303420
2017-10-26,192.65,193.5,190.72,192.75,192.75,25634660
2017-10-27,193.53,196.18,192.87,196.05,196.05,46796590
2017-10-30,196.32,197.7,195.0,195.0,195.0,31936710
2017-10-31,194.81,196.36,193.8,193.8,193.8,25643690
2017-11-01,194.49,197.05,193.33,194.05,194.05,40292630
2017-11-02,193.78,195.12,192.38,193.85,193.85,33747050
2017-11-03,194.77,195.75,193.2,193.8,193.8,30615880
2017-11-07,196.5,206.7,195.56,205.96,205.96,135174410
2017-11-08,205.95,211.77,204.06,209.09,209.09,88294790
2017-11-09,209.51,221.5,209.12,220.05,220.05,116648980
2017-11-10,221.0,229.4,216.61,217.7,217.7,143570000
2017-11-13,217.7,223.99,215.78,216.61,216.61,50943980
2017-11-14,216.5,222.2,215.96,221.4,221.4,45905390
2017-11-15,222.5,227.75,221.54,225.95,225.95,72212510
2017-11-16,227.79,228.58,219.09,227.5,227.5,85863110
2017-11-17,227.9,228.0,224.1,225.65,225.65,37958790
2017-11-20,225.7,225.97,223.16,224.6,224.6,18853280
2017-11-21,225.5,232.99,224.07,231.0,231.0,77573460
2017-11-22,231.89,233.95,228.38,230.25,230.25,45932160
2017-11-23,230.26,230.99,225.06,225.56,225.56,41140440
2017-11-24,225.4,228.0,222.15,228.0,228.0,44277250
2017-11-27,228.4,229.04,225.0,226.76,226.76,24026270
2017-11-28,221.0,230.0,221.0,230.0,230.0,40901370
2017-11-29,230.1,231.5,226.7,228.2,228.2,34340960
2017-11-30,228.0,228.92,222.35,224.35,224.35,46122870
2017-12-01,224.5,225.76,220.76,221.5,221.5,39983910
2017-12-04,222.0,226.0,219.55,224.6,224.6,45155240
2017-12-05,224.0,224.55,222.0,223.91,223.91,27885630
2017-12-06,222.65,224.9,221.57,223.75,223.75,23136530
2017-12-07,223.83,224.79,219.23,219.81,219.81,38228880
2017-12-08,219.9,223.0,219.61,220.89,220.89,28324950
2017-12-11,221.4,227.69,221.1,227.69,227.69,34539660
2017-12-12,229.0,230.5,226.11,227.9,227.9,39739590
2017-12-13,227.3,228.33,220.54,221.8,221.8,61576220
2017-12-14,222.11,229.9,221.1,229.9,229.9,55632890
2017-12-15,228.9,229.79,225.57,226.53,226.53,42529200
2017-12-18,227.49,228.9,225.7,227.4,227.4,24519570
2017-12-19,227.99,228.5,223.5,224.1,224.1,34991830
2017-12-20,224.28,226.68,222.7,226.0,226.0,34199080
2017-12-21,226.46,227.39,222.35,223.6,223.6,34750260
2017-12-22,223.68,224.64,221.12,221.44,221.44,21524310
2017-12-25,222.22,223.9,221.65,223.3,223.3,11183210
2017-12-26,223.9,223.98,221.0,223.57,223.57,12303590
2017-12-27,224.01,227.2,223.1,226.98,226.98,30101220
2017-12-28,226.9,227.17,223.0,224.2,224.2,24078940
2017-12-29,224.12,226.2,223.27,225.2,225.2,18919860
2018-01-03,226.88,232.7,226.35,231.9,231.9,34549620
2018-01-04,232.13,239.5,231.0,238.8,238.8,53598520
2018-01-05,238.89,239.95,236.7,238.6,238.6,31579190
2018-01-09,239.03,243.76,239.01,240.4,240.4,53172330
2018-01-10,240.4,241.25,237.06,237.76,237.76,39371720
2018-01-11,237.76,240.88,235.21,239.0,239.0,43067630
2018-01-12,238.92,239.0,236.05,237.75,237.75,30895860
2018-01-15,239.0,240.97,238.0,238.85,238.85,25681720
2018-01-16,239.01,240.0,236.01,239.64,239.64,25475380
2018-01-17,238.62,239.82,236.53,239.82,239.82,30522070
2018-01-18,240.5,246.69,240.0,245.5,245.5,64156650
2018-01-19,245.15,245.98,240.68,242.45,242.45,38996990
2018-01-22,242.97,244.89,241.41,243.99,243.99,25098970
2018-01-23,244.77,246.25,241.67,244.4,244.4,43978210
2018-01-24,244.2,247.53,242.32,247.53,247.53,31180190
2018-01-25,247.9,251.65,247.58,250.64,250.64,54995210
2018-01-26,249.3,251.23,245.93,247.0,247.0,35231900
2018-01-29,247.5,250.79,246.0,250.48,250.48,49186400
2018-01-30,248.53,258.96,247.91,257.8,257.8,65622240
2018-01-31,257.5,264.79,255.7,264.5,264.5,63707920
2018-02-01,265.0,270.3,260.6,263.2,263.2,73041240
2018-02-02,263.69,264.83,256.2,257.32,257.32,64657160
2018-02-05,254.85,258.29,252.6,255.64,255.64,45926950
2018-02-06,250.0,262.55,248.1,258.94,258.94,85982110
2018-02-07,263.9,264.37,256.26,257.58,257.58,53641050
2018-02-08,256.4,259.76,253.19,253.19,253.19,37198300
2018-02-09,249.03,252.89,244.13,250.11,250.11,81984710
2018-02-12,253.0,256.36,251.67,255.05,255.05,41817940
2018-02-13,255.87,258.62,254.7,258.3,258.3,43733360
2018-02-14,259.07,263.37,257.26,262.03,262.03,60442410
2018-02-15,267.53,268.77,264.0,264.58,264.58,60907490
2018-02-16,265.97,267.97,263.11,266.99,266.99,51931210
2018-02-19,267.0,270.0,265.3,266.85,266.85,24171390
2018-02-20,266.85,267.8,264.72,267.22,267.22,24750090
2018-02-21,266.05,279.2,266.05,279.2,279.2,70374070
2018-02-22,277.99,279.5,275.52,277.49,277.49,50751740
2018-02-26,279.0,285.0,278.59,279.97,279.97,67733260
2018-02-27,280.82,280.99,276.61,278.21,278.21,40006960
2018-02-28,276.0,277.41,272.0,272.4,272.4,53012950
2018-03-01,270.98,277.0,270.9,275.0,275.0,38979860
2018-03-02,274.4,275.5,268.56,273.0,273.0,46027880
2018-03-05,273.7,278.84,273.5,277.0,277.0,34109000
2018-03-06,278.5,281.5,274.03,274.03,274.03,40605460
2018-03-07,272.99,276.72,270.15,274.0,274.0,49998920
2018-03-09,274.55,275.48,270.61,274.6,274.6,26351860
2018-03-12,276.05,277.3,273.55,274.3,274.3,23710370
2018-03-13,274.0,275.93,272.66,273.95,273.95,34643840
2018-03-14,273.0,273.4,262.11,262.5,262.5,61779660
2018-03-15,263.0,264.61,253.29,254.51,254.51,78054390
2018-03-16,255.29,257.98,249.76,256.15,256.15,91870960
2018-03-19,257.8,259.81,250.01,255.0,255.0,42502100
2018-03-20,255.98,257.34,250.4,257.15,257.15,62966810
2018-03-21,258.0,270.0,257.23,268.88,268.88,69909930
2018-03-22,269.97,271.8,264.1,265.5,265.5,55550150
2018-03-23,259.02,264.25,259.02,262.0,262.0,46285060
2018-03-26,262.0,264.87,255.0,255.0,255.0,56903720
2018-03-27,256.99,258.43,252.27,258.0,258.0,45163380
2018-03-28,255.5,256.12,250.75,251.5,251.5,43754240
2018-03-29,252.12,255.6,252.12,252.9,252.9,33625120
2018-03-30,254.0,254.49,252.8,253.57,253.57,10912160
2018-04-02,253.58,258.34,249.99,249.99,249.99,35436630
2018-04-03,250.01,251.93,245.38,251.6,251.6,63806710
2018-04-04,252.21,255.77,249.09,255.69,255.69,52051840
2018-04-05,257.25,262.89,255.92,262.0,262.0,52779220
2018-04-06,260.64,262.32,256.01,256.76,256.76,40256090
2018-04-09,255.05,255.3,205.0,213.0,213.0,250018990
2018-04-10,211.24,224.47,197.0,214.8,214.8,253346870
2018-04-11,214.0,223.6,204.24,208.0,208.0,185659760
2018-04-12,214.55,218.39,208.5,212.21,212.21,126954920
2018-04-13,213.37,216.7,203.14,204.7,204.7,106926900
2018-04-16,199.36,208.0,191.5,192.06,192.06,199704860
2018-04-17,203.02,207.87,200.0,207.5,207.5,169904570
2018-04-18,209.0,219.93,208.25,215.87,215.87,174039490
2018-04-19,217.34,222.22,212.0,213.45,213.45,133533840
2018-04-20,214.0,216.27,212.13,215.36,215.36,57871710
2018-04-23,216.48,223.5,213.22,223.25,223.25,116947630
2018-04-24,225.9,228.43,221.3,223.0,223.0,83961110
2018-04-25,220.15,223.78,218.2,220.45,220.45,69675890
2018-04-26,221.57,222.59,216.0,220.7,220.7,73277610
2018-04-27,221.36,224.43,217.62,223.91,223.91,81940000
2018-04-28,224.4,224.99,222.4,224.8,224.8,10314450
2018-04-30,224.5,228.2,221.58,226.99,226.99,39358910
2018-05-02,224.22,230.0,224.02,229.02,229.02,40017840
2018-05-03,228.4,232.74,227.5,228.03,228.03,79625270
2018-05-04,229.58,230.94,225.7,228.55,228.55,48163140
2018-05-07,230.17,232.18,229.06,229.86,229.86,37271570
2018-05-08,227.79,228.48,224.5,226.7,226.7,55972540
2018-05-10,228.5,234.14,228.37,233.7,233.7,72199030
2018-05-11,234.35,237.95,233.74,235.72,235.72,55080740
2018-05-14,236.21,237.8,234.03,237.8,237.8,34774680
2018-05-15,237.5,237.5,230.4,231.39,231.39,53009530
2018-05-16,230.88,232.0,226.7,229.8,229.8,70162450
2018-05-17,230.01,231.25,226.05,226.05,226.05,43455710
2018-05-18,225.7,228.16,222.2,222.2,222.2,60330030
2018-05-21,223.79,226.8,223.55,226.21,226.21,38991090
2018-05-22,227.27,227.27,222.95,225.6,225.6,43268320
2018-05-23,223.11,224.07,221.0,221.0,221.0,48854650
2018-05-24,221.91,223.7,221.12,222.01,222.01,37214260
2018-05-25,222.51,223.48,219.0,220.0,220.0,50137840
2018-05-28,219.47,221.5,219.2,220.9,220.9,23187310
2018-05-29,220.5,222.13,217.1,219.0,219.0,35940720
2018-05-30,219.3,221.55,217.88,221.01,221.01,48626980
2018-05-31,221.98,224.35,220.0,222.36,222.36,67415130
2018-06-01,221.5,222.77,220.0,220.0,220.0,35532280
2018-06-04,221.13,222.67,218.57,220.0,220.0,32256200
2018-06-05,220.0,220.79,214.51,215.56,215.56,51368750
2018-06-06,216.0,218.19,214.65,217.9,217.9,35857770
2018-06-07,218.94,219.45,216.41,216.41,216.41,32483420
2018-06-08,216.0,217.0,210.25,210.95,210.95,67632240
2018-06-09,211.5,213.27,211.5,212.6,212.6,6508460
2018-06-11,212.5,213.61,208.33,210.35,210.35,28263970
2018-06-13,211.23,216.13,209.63,215.0,215.0,48675610
2018-06-14,214.82,217.49,213.6,214.0,214.0,42732410
2018-06-15,213.9,215.0,207.9,209.36,209.36,86209880
2018-06-18,209.0,211.2,205.01,206.3,206.3,54276700
2018-06-19,204.0,206.77,202.11,206.0,206.0,51734620
2018-06-20,207.0,212.37,207.0,212.2,212.2,60991640
2018-06-21,212.25,214.16,208.62,210.4,210.4,65102970
2018-06-22,211.62,215.0,209.62,214.43,214.43,67568430
2018-06-25,204.5,206.94,202.51,202.51,202.51,56516980
2018-06-26,203.64,205.0,199.6,199.91,199.91,54747990
2018-06-27,201.85,209.33,198.55,207.95,207.95,81134770
2018-06-28,207.85,210.63,207.01,208.5,208.5,46877330
2018-06-29,210.1,218.3,210.09,218.0,218.0,76707660
2018-07-02,217.01,222.83,216.0,221.01,221.01,55213130
2018-07-03,221.01,222.45,217.1,218.45,218.45,38401730
2018-07-04,218.23,219.56,216.61,217.7,217.7,20277940
2018-07-05,217.5,224.54,216.85,224.54,224.54,53737300
2018-07-06,225.01,227.59,221.61,226.71,226.71,55247910
2018-07-09,228.5,231.24,228.2,230.0,230.0,50069820
2018-07-10,230.95,232.25,228.0,230.3,230.3,43340410
2018-07-11,229.2,229.2,224.8,227.57,227.57,58161000
2018-07-12,226.76,228.45,225.1,226.6,226.6,40488130
2018-07-13,227.3,230.86,227.22,229.85,229.85,39651270
2018-07-16,230.1,231.0,226.42,227.99,227.99,35579630
2018-07-17,227.0,227.0,220.52,222.5,222.5,62586090
2018-07-18,222.0,224.0,215.64,216.28,216.28,61197290
2018-07-19,216.9,217.11,206.56,207.5,207.5,93333130
2018-07-20,207.77,210.95,201.1,204.34,204.34,126702190
2018-07-23,205.4,210.4,205.25,208.42,208.42,55275810
2018-07-24,209.0,215.45,208.92,215.45,215.45,54142290
2018-07-25,211.0,215.45,208.34,213.7,213.7,76868200
2018-07-26,215.7,216.51,209.11,210.0,210.0,59754670
2018-07-27,210.0,211.22,205.58,208.9,208.9,58628430
2018-07-30,207.77,212.49,206.56,211.33,211.33,48372730
2018-07-31,211.09,214.94,210.24,214.86,214.86,45260950
2018-08-01,213.5,215.2,210.57,210.6,210.6,37666650
2018-08-02,208.54,211.72,205.13,206.6,206.6,58115220
2018-08-03,206.49,206.55,202.0,202.21,202.21,74165120
2018-08-06,201.8,205.2,199.57,203.9,203.9,52730870
2018-08-07,205.19,207.95,201.55,201.79,201.79,60553370
2018-08-08,201.53,202.45,191.51,193.2,193.2,142075030
2018-08-09,189.99,195.9,182.06,195.9,195.9,160336490
2018-08-10,194.0,196.85,183.01,186.15,186.15,113592570
2018-08-13,182.05,193.39,180.15,190.0,190.0,106701070
2018-08-14,192.98,195.98,188.2,192.76,192.76,82753490
2018-08-15,192.35,194.0,186.53,187.98,187.98,77725280
2018-08-16,189.0,192.28,188.22,191.6,191.6,54684020
2018-08-17,191.83,192.43,188.59,189.55,189.55,45242690
2018-08-20,190.99,193.99,190.64,191.2,191.2,49443050
2018-08-21,192.0,192.34,189.55,191.8,191.8,40349600
2018-08-22,192.43,193.69,187.56,187.8,187.8,66396800
2018-08-23,188.44,189.06,178.55,178.71,178.71,147648980
2018-08-24,178.0,180.39,172.8,180.39,180.39,133262230
2018-08-27,181.47,183.83,180.52,183.27,183.27,51721470
2018-08-28,183.35,184.64,181.22,182.0,182.0,49610370
2018-08-29,182.77,183.85,181.31,183.5,183.5,39285100
2018-08-30,184.61,185.57,177.25,178.0,178.0,66285490
2018-08-31,177.61,182.0,175.61,182.0,182.0,63814120
2018-09-03,181.72,182.87,180.15,181.21,181.21,31275240
2018-09-04,182.0,182.49,177.71,179.5,179.5,56794110
2018-09-05,178.5,181.25,178.28,178.46,178.46,44505050
2018-09-06,177.25,180.18,175.0,175.0,175.0,49419910
2018-09-07,175.47,177.45,173.85,174.9,174.9,68532820
2018-09-10,175.03,175.97,169.85,171.21,171.21,77730540
2018-09-11,171.23,172.67,165.9,169.36,169.36,93278700
2018-09-12,170.2,175.19,169.4,173.9,173.9,93574140
2018-09-13,174.5,189.04,174.5,183.5,183.5,194912360
2018-09-14,185.0,189.0,182.53,188.71,188.71,127908270
2018-09-17,190.0,192.07,186.6,188.11,188.11,67025000
2018-09-18,188.3,192.69,186.51,191.65,191.65,83601870
2018-09-19,192.3,193.97,191.47,193.9,193.9,61065690
2018-09-20,194.3,197.73,191.16,191.16,191.16,133004440
2018-09-21,191.16,194.68,188.83,193.44,193.44,109182050
2018-09-24,194.6,199.06,194.29,198.75,198.75,76000500
2018-09-25,199.7,201.0,195.06,195.55,195.55,90058270
2018-09-26,195.52,197.4,193.59,195.79,195.79,61988530
2018-09-27,195.0,204.1,194.56,204.1,204.1,101333900
2018-09-28,204.93,205.67,200.1,203.32,203.32,101839410
2018-10-01,204.5,205.25,201.71,204.2,204.2,55013680
2018-10-02,205.16,205.98,198.62,199.5,199.5,79003430
2018-10-03,200.0,202.47,196.85,198.3,198.3,76679890
2018-10-04,197.91,198.19,189.25,189.35,189.35,87451180
2018-10-05,188.99,191.59,185.05,187.2,187.2,103279820
2018-10-08,187.0,193.6,182.51,191.85,191.85,82502650
2018-10-09,193.5,196.04,188.7,191.25,191.25,86121280
2018-10-10,192.0,195.12,188.81,189.89,189.89,67336620
2018-10-11,184.85,187.83,182.3,185.27,185.27,125364360
2018-10-12,187.8,192.16,187.61,191.85,191.85,63093510
2018-10-15,192.5,193.89,189.45,190.92,190.92,54220850
2018-10-16,190.02,196.2,189.0,196.05,196.05,64061080
2018-10-17,198.47,198.8,192.92,194.05,194.05,79027880
2018-10-18,193.5,194.2,190.8,191.0,191.0,49394850
2018-10-19,191.15,191.7,183.8,183.8,183.8,96950320
2018-10-22,184.86,187.72,180.03,180.7,180.7,92854160
2018-10-23,178.89,182.5,177.02,181.0,181.0,77903480
2018-10-24,182.5,189.25,180.5,188.01,188.01,106814960
2018-10-25,185.51,188.75,184.03,186.71,186.71,80112060
2018-10-26,185.77,185.85,178.27,181.0,181.0,92868230
2018-10-29,180.6,186.3,178.64,185.59,185.59,61368040
2018-10-30,183.88,186.82,181.74,184.78,184.78,61227000
2018-10-31,186.2,189.8,184.83,189.8,189.8,66890490
2018-11-01,189.5,191.36,186.7,188.67,188.67,77588390
2018-11-02,189.99,192.98,188.57,192.6,192.6,69325930
2018-11-06,194.5,197.85,193.73,197.8,197.8,65904630
2018-11-07,197.41,203.0,195.4,201.9,201.9,98634400
2018-11-08,201.98,204.7,200.1,202.89,202.89,94736930
2018-11-09,200.32,201.96,194.33,195.75,195.75,96097970
2018-11-12,197.97,201.85,196.4,196.82,196.82,82362260
2018-11-13,195.5,199.7,193.68,196.56,196.56,78638020
2018-11-14,195.21,199.56,193.18,199.2,199.2,83071810
2018-11-15,200.01,202.5,199.5,200.15,200.15,62376350
2018-11-16,201.12,203.5,198.71,199.26,199.26,66434280
2018-11-19,198.98,200.7,197.5,197.99,197.99,50559670
2018-11-20,197.3,197.8,191.81,194.21,194.21,66392190
2018-11-21,194.21,198.4,193.38,197.5,197.5,58475250
2018-11-22,198.0,200.01,195.92,199.4,199.4,49731020
2018-11-23,198.58,198.77,194.86,197.3,197.3,50984250
2018-11-26,197.5,197.79,185.53,188.5,188.5,117412600
2018-11-27,189.98,192.45,188.11,191.03,191.03,87812910
2018-11-28,191.6,193.27,189.45,190.2,190.2,60383880
2018-11-29,191.85,196.37,191.1,195.76,195.76,83234570
2018-11-30,194.0,194.25,191.22,194.0,194.0,67411490
2018-12-03,197.99,201.9,197.58,200.3,200.3,81820020
2018-12-04,200.3,200.7,196.93,199.0,199.0,58006750
2018-12-05,195.7,196.8,194.05,196.0,196.0,49771400
2018-12-06,194.0,194.23,190.11,192.19,192.19,64556990
2018-12-07,193.5,196.35,192.2,195.01,195.01,64007740
2018-12-10,192.75,193.92,190.39,191.8,191.8,61815010
2018-12-11,192.15,193.8,190.2,192.57,192.57,54872050
2018-12-12,193.3,193.9,190.45,190.45,190.45,50988040
2018-12-13,190.25,191.55,188.56,189.17,189.17,43510520
2018-12-14,188.5,189.1,183.73,184.93,184.93,73307750
2018-12-17,184.63,186.96,182.11,182.3,182.3,59876690
2018-12-18,180.59,186.6,180.37,186.6,186.6,80342620
2018-12-19,185.5,188.85,184.35,188.85,188.85,61953220
2018-12-20,186.0,191.82,185.31,189.3,189.3,88123070
2018-12-21,188.74,190.05,185.7,186.79,186.79,60633190
2018-12-24,186.1,187.26,183.51,184.3,184.3,32587550
2018-12-25,182.42,183.47,179.04,183.3,183.3,34732450
2018-12-26,183.9,185.5,182.35,183.4,183.4,30129900
2018-12-27,187.4,187.4,184.18,185.0,185.0,47527120
2018-12-28,185.78,187.22,184.98,186.5,186.5,39831090
2018-12-29,186.9,187.0,185.31,186.3,186.3,9167600
2019-01-03,186.37,191.5,186.0,186.99,186.99,40249190
2019-01-04,188.0,190.99,187.77,190.99,190.99,32583360
2019-01-08,191.65,193.18,190.37,191.24,191.24,38856560
2019-01-09,192.71,197.0,192.1,197.0,197.0,70707820
2019-01-10,196.25,197.64,195.03,196.75,196.75,56378780
2019-01-11,197.11,198.96,195.61,196.8,196.8,63811140
2019-01-14,195.7,197.44,194.0,196.8,196.8,44774070
2019-01-15,197.4,198.84,195.91,198.0,198.0,53217180
2019-01-16,198.64,201.3,198.02,201.26,201.26,62469270
2019-01-17,201.66,203.55,201.05,203.32,203.32,59989420
2019-01-18,204.6,208.44,203.83,208.44,208.44,74335240
2019-01-21,208.91,210.2,207.17,207.17,207.17,55523010
2019-01-22,206.66,208.88,205.63,207.95,207.95,51361560
2019-01-23,207.78,212.0,207.52,210.4,210.4,79765560
2019-01-24,210.4,213.43,208.55,212.2,212.2,78537190
2019-01-25,212.76,214.14,211.01,212.0,212.0,58844660
2019-01-28,212.0,213.3,207.63,209.7,209.7,56537300
2019-01-29,209.71,214.49,206.91,213.61,213.61,63963210
2019-01-30,213.8,215.7,212.22,213.14,213.14,59319900
2019-01-31,215.17,218.1,214.67,217.9,217.9,80344740
2019-02-01,218.0,218.7,215.01,216.29,216.29,55512060
2019-02-04,216.25,217.14,215.06,215.5,215.5,40925530
2019-02-05,216.0,218.55,214.61,217.85,217.85,46690970
2019-02-06,217.9,218.15,215.41,216.59,216.59,46155500
2019-02-07,216.0,216.65,210.6,211.01,211.01,69248500
2019-02-08,210.0,211.93,208.7,210.43,210.43,51799020
2019-02-11,211.0,214.72,210.8,214.0,214.0,49657780
2019-02-12,214.8,219.45,214.6,219.1,219.1,73724050
2019-02-13,219.62,220.7,213.1,213.9,213.9,85228940
2019-02-14,208.5,209.85,201.7,204.43,204.43,155830530
2019-02-15,205.92,209.0,205.52,208.0,208.0,79213270
2019-02-18,208.83,209.73,203.2,204.19,204.19,76658220
2019-02-19,203.6,205.6,201.1,202.08,202.08,66705090
2019-02-20,203.9,206.89,203.23,206.89,206.89,66813180
2019-02-21,207.55,207.87,202.3,203.41,203.41,68159040
2019-02-22,203.61,206.1,203.03,205.25,205.25,45768640
2019-02-25,205.5,208.6,204.2,205.86,205.86,70929780
2019-02-26,204.8,205.8,202.9,205.8,205.8,50829020
2019-02-27,206.05,206.9,203.9,205.4,205.4,54146260
2019-02-28,205.0,208.89,204.16,207.8,207.8,62340230
2019-03-01,208.48,209.0,206.1,206.54,206.54,46106110
2019-03-04,207.0,207.5,205.25,205.5,205.5,31661100
2019-03-05,204.9,204.9,202.25,202.92,202.92,46422920
2019-03-06,202.74,205.7,202.6,205.0,205.0,52940220
2019-03-07,205.1,206.67,203.5,203.95,203.95,46079750
2019-03-11,203.2,205.6,202.56,205.25,205.25,42484580
2019-03-12,206.5,206.89,204.4,205.1,205.1,42292620
2019-03-13,204.69,206.0,203.8,206.0,206.0,28536880
2019-03-14,205.6,206.38,203.5,203.66,203.66,43879390
2019-03-15,204.2,204.95,203.55,203.55,203.55,35953260
2019-03-18,204.25,206.14,204.11,205.9,205.9,40854520
2019-03-19,206.4,208.31,205.93,207.7,207.7,47791920
2019-03-20,207.6,209.84,206.4,209.8,209.8,55535200
2019-03-21,210.25,212.29,209.77,210.61,210.61,67037150
2019-03-22,210.61,211.29,206.7,207.7,207.7,49421400
2019-03-25,206.63,214.2,205.55,214.0,214.0,108111450
2019-03-26,214.7,218.46,213.13,218.0,218.0,81466100
2019-03-27,218.2,219.25,214.1,214.1,214.1,71996140
2019-03-28,214.15,215.95,213.72,215.07,215.07,47565550
2019-03-29,215.99,218.19,214.4,214.42,214.42,85814090
2019-04-01,215.05,218.11,215.01,217.7,217.7,51803650
2019-04-02,218.75,219.32,216.8,218.23,218.23,49230090
2019-04-03,220.1,224.16,218.88,219.05,219.05,92738080
2019-04-04,218.49,221.85,218.01,221.8,221.8,51964100
2019-04-05,222.6,227.7,222.03,227.5,227.5,78052850
2019-04-08,227.93,232.3,227.9,232.3,232.3,70857870
2019-04-09,233.5,238.9,232.39,238.0,238.0,117431200
2019-04-10,239.0,245.25,237.94,243.68,243.68,129370870
2019-04-11,244.4,247.23,238.86,238.86,238.86,105413510
2019-04-12,240.0,243.15,237.0,239.5,239.5,96227220
2019-04-15,240.35,242.3,237.06,237.8,237.8,47884980
2019-04-16,239.0,239.5,232.32,233.24,233.24,86433710
2019-04-17,234.5,235.75,232.0,234.3,234.3,70239480
2019-04-18,233.83,234.11,230.84,232.79,232.79,55729500
2019-04-19,233.49,233.5,231.9,232.6,232.6,12300520
2019-04-22,233.7,236.09,233.05,235.41,235.41,44282380
2019-04-23,236.0,237.56,234.16,235.67,235.67,56873940
2019-04-24,235.0,236.47,233.94,236.0,236.0,43619460
2019-04-25,235.68,236.0,227.8,227.8,227.8,100809150
2019-04-26,227.46,227.47,222.08,223.18,223.18,94128120
2019-04-29,223.7,229.09,223.05,228.8,228.8,48833240
2019-04-30,229.01,229.02,223.81,225.17,225.17,63461350
2019-05-02,226.0,229.84,225.85,229.1,229.1,36536970
2019-05-03,229.7,233.0,228.55,232.52,232.52,47635490
2019-05-06,228.75,232.8,227.0,232.8,232.8,48493800
2019-05-07,232.7,234.34,230.26,231.49,231.49,46520740
2019-05-08,231.03,232.5,229.5,230.0,230.0,42299640
2019-05-10,227.0,229.49,226.11,227.0,227.0,44398820
2019-05-13,226.51,228.67,224.15,224.22,224.22,47092220
2019-05-14,224.55,230.55,224.55,227.88,227.88,76594470
2019-05-15,228.92,230.96,224.43,228.69,228.69,61125230
2019-05-16,229.0,231.45,227.59,228.19,228.19,40133150
2019-05-17,227.0,228.24,226.0,226.94,226.94,28523030
2019-05-20,228.23,229.18,225.1,226.0,226.0,30226170
2019-05-21,227.02,232.71,226.04,232.71,232.71,59079510
2019-05-22,233.13,237.4,230.8,235.86,235.86,59430610
2019-05-23,234.5,235.37,228.57,229.3,229.3,51517700
2019-05-24,231.2,236.45,231.2,234.45,234.45,65885440
2019-05-27,235.28,237.0,233.83,236.0,236.0,27786310
2019-05-28,236.5,237.47,230.6,233.19,233.19,74118940
2019-05-29,232.1,234.3,230.25,233.4,233.4,51831510
2019-05-30,234.55,235.21,231.91,232.75,232.75,36413600
2019-05-31,230.56,234.1,229.21,233.24,233.24,53532020
2019-06-03,231.18,241.5,230.35,239.95,239.95,84461310
2019-06-04,239.88,240.25,234.8,236.0,236.0,70060790
2019-06-05,236.0,240.3,235.11,239.0,239.0,52861630
2019-06-06,238.87,246.34,238.53,244.89,244.89,61360950
2019-06-07,246.36,249.0,246.06,248.28,248.28,68423470
2019-06-10,249.55,250.65,245.2,249.0,249.0,62696710
2019-06-11,235.51,239.0,235.11,235.89,235.89,67944000
2019-06-13,236.55,241.07,232.55,240.49,240.49,75253430
2019-06-14,240.55,243.8,237.1,238.8,238.8,50409780
2019-06-17,239.0,240.87,237.5,237.8,237.8,33622230
2019-06-18,237.25,241.99,236.36,241.8,241.8,48958470
2019-06-19,242.95,242.95,238.7,240.4,240.4,33945380
2019-06-20,242.0,244.99,241.4,244.1,244.1,64381820
2019-06-21,243.0,243.9,237.56,238.02,238.02,61061660
2019-06-24,239.06,240.75,238.42,239.09,239.09,27723430
2019-06-25,238.98,239.2,234.2,236.7,236.7,38549170
2019-06-26,236.8,241.37,235.81,240.59,240.59,39714300
2019-06-27,240.42,242.44,238.3,240.5,240.5,48171380
2019-06-28,240.0,241.23,237.87,238.55,238.55,33405070
2019-07-01,240.98,243.9,240.21,242.98,242.98,50758220
2019-07-02,242.51,242.74,239.7,241.2,241.2,28583620
2019-07-03,241.0,243.7,240.17,241.51,241.51,32731470
2019-07-04,241.97,243.0,240.81,242.82,242.82,25316980
2019-07-05,242.91,243.5,241.61,242.83,242.83,27870840
2019-07-08,242.13,243.3,240.68,243.3,243.3,28620550
2019-07-09,243.0,243.7,241.87,242.74,242.74,26380230
2019-07-10,243.1,245.5,242.01,243.76,243.76,41599760
2019-07-11,244.5,244.97,240.17,241.3,241.3,33165890
2019-07-12,241.29,241.5,236.37,237.02,237.02,47691520
2019-07-15,237.9,238.59,234.23,235.27,235.27,45070430
2019-07-16,234.68,235.3,232.25,234.75,234.75,36223090
2019-07-17,234.32,238.04,233.5,234.63,234.63,33529510
2019-07-18,234.0,236.4,233.5,234.78,234.78,23057060
2019-07-19,236.34,237.93,232.32,232.85,232.85,34706170
2019-07-22,233.0,233.98,228.57,230.35,230.35,37949300
2019-07-23,230.5,232.83,228.52,232.48,232.48,36363560
2019-07-24,233.7,234.0,229.9,230.65,230.65,27365890
2019-07-25,230.0,234.65,229.02,232.9,232.9,33078390
2019-07-26,232.4,233.99,230.25,230.55,230.55,25918140
2019-07-29,230.75,233.74,230.18,232.8,232.8,18373570
2019-07-30,233.03,236.0,231.13,236.0,236.0,34843870
2019-07-31,237.5,237.55,233.11,233.49,233.49,50848520
2019-08-01,232.15,232.46,228.5,229.5,229.5,56165810
2019-08-02,224.91,226.88,220.3,220.81,220.81,94676140
2019-08-05,219.72,224.0,219.45,222.24,222.24,49233230
2019-08-06,222.82,226.88,222.3,226.01,226.01,48804210
2019-08-07,225.85,227.6,221.9,222.25,222.25,49612760
2019-08-08,224.6,225.9,223.18,223.93,223.93,31264340
2019-08-09,224.05,224.36,220.67,220.67,220.67,31503650
2019-08-12,222.38,222.99,219.74,222.3,222.3,28795640
2019-08-13,221.31,225.75,220.07,223.18,223.18,46729240
2019-08-14,224.1,224.25,216.6,217.11,217.11,52025460
2019-08-15,218.5,218.94,212.88,214.59,214.59,68320490
2019-08-16,215.9,216.75,213.91,215.05,215.05,38449500
2019-08-19,217.0,218.2,214.06,217.4,217.4,37788830
2019-08-20,217.75,219.23,215.53,216.0,216.0,37017510
2019-08-21,216.97,219.5,215.8,218.62,218.62,42949600
2019-08-22,218.21,220.4,217.35,219.5,219.5,45760130
2019-08-23,220.2,223.1,217.86,219.5,219.5,54778400
2019-08-26,217.5,219.64,216.53,218.5,218.5,35264670
2019-08-27,218.95,219.05,215.61,217.89,217.89,51340690
2019-08-28,218.07,219.08,217.18,218.3,218.3,30298300
2019-08-29,218.49,221.5,218.05,221.5,221.5,35897160
2019-08-30,221.94,225.2,221.21,224.2,224.2,58186220
2019-09-02,224.1,227.84,223.41,226.68,226.68,38941480
2019-09-03,225.95,226.25,222.05,224.0,224.0,44560910
2019-09-04,225.3,227.5,224.69,227.1,227.1,41663520
2019-09-05,229.5,230.93,228.36,230.79,230.79,54900790
2019-09-06,231.0,231.2,228.36,229.02,229.02,37942350
2019-09-09,229.88,230.87,227.61,229.0,229.0,22795060
2019-09-10,228.5,235.23,227.1,233.3,233.3,60396660
2019-09-11,233.49,235.9,232.62,234.72,234.72,41927500
2019-09-12,234.9,235.42,232.81,234.57,234.57,38978190
2019-09-13,234.12,235.0,231.91,233.0,233.0,23109620
2019-09-16,235.0,235.53,233.2,235.32,235.32,39568910
2019-09-17,235.22,237.2,233.99,235.89,235.89,55770430
2019-09-18,235.8,236.45,234.45,235.3,235.3,25599810
2019-09-19,234.86,235.49,233.12,234.98,234.98,39447820
2019-09-20,235.0,235.5,230.72,232.0,232.0,40638980
2019-09-23,231.7,232.17,229.05,229.7,229.7,28199640
2019-09-24,230.0,231.99,227.11,227.5,227.5,43410340
2019-09-25,226.5,228.3,225.3,228.09,228.09,37974670
2019-09-26,228.21,230.9,227.71,229.09,229.09,32739690
2019-09-27,229.2,229.96,228.05,228.05,228.05,18062510
2019-09-30,228.5,229.0,226.05,227.71,227.71,30235910
2019-10-01,227.55,229.56,226.49,226.49,226.49,29870590
2019-10-02,226.05,226.63,223.03,223.5,223.5,42441850
2019-10-03,223.6,225.64,222.61,224.08,224.08,38368040
2019-10-04,224.9,226.06,221.87,222.76,222.76,32222650
2019-10-07,223.13,227.8,222.41,227.55,227.55,40155510
2019-10-08,227.77,228.18,225.15,226.03,226.03,31019500
2019-10-09,226.03,229.0,225.52,227.7,227.7,39714120
2019-10-10,227.89,228.94,225.62,228.5,228.5,31717090
2019-10-11,229.5,231.2,228.97,230.31,230.31,37497240
2019-10-14,230.29,230.67,227.82,228.4,228.4,34628680
2019-10-15,228.78,229.88,227.0,229.4,229.4,30763750
2019-10-16,229.05,231.2,229.05,231.0,231.0,39214000
2019-10-17,230.7,233.5,230.52,233.5,233.5,46007620
2019-10-18,233.2,236.03,232.8,235.55,235.55,42729350
2019-10-21,236.0,236.88,234.04,234.94,234.94,28457490
2019-10-22,235.02,239.77,235.0,239.77,239.77,40298890
2019-10-23,239.2,240.18,237.76,239.57,239.57,34655410
2019-10-24,239.63,242.78,239.06,242.78,242.78,40384770
2019-10-25,242.52,242.77,237.85,240.0,240.0,49789040
2019-10-28,240.5,242.33,235.25,237.03,237.03,39049350
2019-10-29,237.1,240.2,236.0,240.11,240.11,41494140
2019-10-30,239.69,242.2,237.85,239.51,239.51,43597180
2019-10-31,240.7,242.0,234.01,234.89,234.89,60316780
2019-11-01,235.35,236.74,232.8,236.4,236.4,39229280
2019-11-05,239.6,240.98,236.7,238.53,238.53,43691630
2019-11-06,238.42,239.02,236.52,239.02,239.02,33409220
2019-11-07,238.11,242.95,237.71,242.5,242.5,44689490
2019-11-08,241.42,241.68,238.7,240.17,240.17,30570360
2019-11-11,239.0,242.4,238.31,241.5,241.5,27141630
2019-11-12,241.9,243.74,239.5,239.87,239.87,35518510
2019-11-13,238.91,239.57,235.81,237.21,237.21,31448020
2019-11-14,237.62,239.13,236.82,237.5,237.5,34330750
2019-11-15,237.9,240.18,236.45,240.0,240.0,30696890
2019-11-18,240.57,241.23,236.36,237.45,237.45,32959720
2019-11-19,237.6,239.82,237.2,239.25,239.25,29135880
2019-11-20,238.6,240.2,237.1,237.78,237.78,28102170
2019-11-21,237.44,238.0,235.8,237.15,237.15,24654430
2019-11-22,236.59,240.19,236.53,238.13,238.13,33570690
2019-11-25,238.68,239.75,237.21,237.98,237.98,17558180
2019-11-26,238.08,238.1,234.35,235.0,235.0,58341360
2019-11-27,235.26,236.45,233.51,234.22,234.22,21885350
2019-11-28,234.2,235.5,233.1,235.2,235.2,18855690
2019-11-29,234.65,235.14,231.97,233.98,233.98,27285350
2019-12-02,234.59,236.37,233.0,233.77,233.77,28216350
2019-12-03,233.49,234.06,230.13,230.66,230.66,26687260
2019-12-04,230.72,232.24,229.5,231.59,231.59,24314550
2019-12-05,231.89,232.15,229.03,231.71,231.71,23210580
2019-12-06,232.0,235.14,231.55,235.14,235.14,33286170
2019-12-09,235.5,237.5,234.3,237.04,237.04,31774040
2019-12-10,236.6,239.29,236.0,237.91,237.91,36098910
2019-12-11,237.81,241.23,237.7,240.32,240.32,44167850
2019-12-12,242.0,242.3,240.09,241.05,241.05,36174650
2019-12-13,242.0,243.25,241.1,241.21,241.21,33163750
2019-12-16,242.48,242.48,240.13,241.45,241.45,25624180
2019-12-17,241.8,242.96,241.0,241.6,241.6,33841520
2019-12-18,241.3,246.25,240.36,246.2,246.2,55765490
2019-12-19,246.2,248.4,243.1,244.0,244.0,59951760
2019-12-20,244.6,245.4,243.72,244.71,244.71,32957750
2019-12-23,244.71,249.19,244.07,248.8,248.8,23996810
2019-12-24,248.8,249.89,247.27,248.67,248.67,21062040
2019-12-25,248.99,249.3,247.11,248.04,248.04,7921260
2019-12-26,248.2,249.24,246.71,248.24,248.24,12989080
2019-12-27,248.55,252.95,248.55,252.06,252.06,31982760
2019-12-30,252.1,256.0,250.73,254.75,254.75,43157360
2020-01-03,255.99,258.19,253.7,255.0,255.0,35851840
2020-01-06,254.75,254.84,251.4,253.9,253.9,22348300
2020-01-08,253.57,259.15,253.03,259.15,259.15,40817240
2020-01-09,259.4,261.76,257.01,257.99,257.99,38329020
2020-01-10,257.86,259.25,256.88,258.19,258.19,18851390
2020-01-13,258.3,262.4,257.15,262.4,262.4,25855010
2020-01-14,262.5,263.22,258.62,259.05,259.05,31125740
2020-01-15,258.49,258.91,254.21,256.31,256.31,49361790
2020-01-16,257.11,259.51,256.1,257.51,257.51,40246770
2020-01-17,258.2,262.82,257.75,262.5,262.5,44914290
2020-01-20,263.2,266.97,261.8,266.28,266.28,29797710
2020-01-21,265.5,268.9,263.02,268.06,268.06,38082090
2020-01-22,268.72,270.8,265.5,266.54,266.54,44282490
2020-01-23,264.64,266.89,262.24,263.73,263.73,40604170
2020-01-24,264.5,267.5,264.21,265.49,265.49,27340100
2020-01-27,261.0,262.1,255.32,255.32,255.32,56453370
2020-01-28,257.0,258.84,254.1,257.7,257.7,48137360
2020-01-29,258.4,261.57,257.61,259.94,259.94,35047940
2020-01-30,258.0,258.69,255.27,257.31,257.31,31769340
2020-01-31,258.5,259.2,252.17,252.2,252.2,47921560
2020-02-03,251.8,254.96,251.1,253.99,253.99,52728460
2020-02-04,255.3,257.38,252.9,255.4,255.4,49786360
2020-02-05,255.89,257.66,253.14,255.2,255.2,50756570
2020-02-06,256.5,258.0,251.86,252.11,252.11,43615980
2020-02-07,253.1,254.3,248.73,254.3,254.3,50226630
2020-02-10,254.55,255.73,252.07,252.26,252.26,35220690
2020-02-11,253.75,259.77,253.0,254.5,254.5,79454730
2020-02-12,255.4,255.49,252.31,254.5,254.5,52523300
2020-02-13,253.62,255.18,252.5,253.89,253.89,36730840
2020-02-14,254.4,254.4,251.4,251.75,251.75,30017380
2020-02-17,252.5,253.1,250.13,251.36,251.36,26429380
2020-02-18,250.07,250.44,247.57,249.2,249.2,36365950
2020-02-19,250.37,250.68,247.95,249.7,249.7,25798890
2020-02-20,250.03,252.17,249.13,250.15,250.15,30717360
2020-02-21,248.35,251.49,247.24,250.8,250.8,27762930
2020-02-25,247.98,249.0,245.17,245.19,245.19,41055780
2020-02-26,244.75,251.21,243.22,250.8,250.8,67757850
2020-02-27,247.5,248.98,242.0,242.88,242.88,58240400
2020-02-28,235.0,239.0,231.0,233.36,233.36,124633310
2020-03-02,238.93,241.0,218.86,228.17,228.17,101986040
2020-03-03,233.0,239.0,232.28,236.63,236.63,83653950
2020-03-04,234.13,236.7,232.62,235.27,235.27,54274670
2020-03-05,237.0,238.72,230.64,232.33,232.33,57083760
2020-03-06,228.0,229.2,216.67,219.99,219.99,104446900
2020-03-10,197.99,212.74,184.86,201.2,201.2,244541800
2020-03-11,202.0,204.33,192.05,194.53,194.53,138304030
2020-03-12,185.15,187.87,173.14,175.91,175.91,197972880
2020-03-13,175.0,199.52,174.3,198.6,198.6,263038280
2020-03-16,194.0,196.7,186.0,195.85,195.85,174273600
2020-03-17,195.0,204.78,183.8,184.01,184.01,184148390
2020-03-18,179.0,182.2,172.15,174.27,174.27,155008180
2020-03-19,178.5,190.15,173.06,189.51,189.51,187427700
2020-03-20,198.62,201.86,192.05,195.69,195.69,170582970
2020-03-23,188.0,190.99,182.1,183.37,183.37,157891450
2020-03-24,193.3,195.0,189.1,192.64,192.64,104881990
2020-03-25,196.38,201.0,182.32,188.08,188.08,187978350
2020-03-26,187.69,191.2,182.8,188.07,188.07,111602370
2020-03-27,188.05,188.97,180.17,180.38,180.38,114277750
2020-03-30,177.0,183.2,174.9,183.0,183.0,94334680
2020-03-31,186.0,188.77,184.25,187.21,187.21,114026920
2020-04-01,183.2,185.47,182.0,184.78,184.78,76826820
2020-04-02,188.3,189.9,182.0,186.95,186.95,125636360
2020-04-03,186.6,187.49,184.28,185.64,185.64,92860290
2020-04-06,187.52,192.02,186.42,190.7,190.7,77864920
2020-04-07,193.02,200.54,193.02,197.63,197.63,136421670
2020-04-08,196.02,200.29,195.12,200.29,200.29,89980980
2020-04-09,202.4,205.44,199.3,203.61,203.61,109981630
2020-04-10,201.85,202.75,200.7,201.99,201.99,28758250
2020-04-13,202.0,202.16,197.32,198.26,198.26,41284390
2020-04-14,199.99,202.85,196.1,197.37,197.37,80220070
2020-04-15,196.0,196.25,186.06,186.07,186.07,98164460
2020-04-16,187.22,191.67,183.53,188.5,188.5,109174870
2020-04-17,192.5,192.7,188.28,191.8,191.8,71727940
2020-04-20,190.6,192.23,187.31,189.32,189.32,62240080
2020-04-21,185.54,187.5,183.65,186.05,186.05,94307290
2020-04-22,185.01,191.94,184.5,190.2,190.2,75361890
2020-04-23,191.99,192.5,188.68,190.94,190.94,62759650
2020-04-24,189.73,191.65,187.7,188.91,188.91,55313850
2020-04-27,189.98,190.5,188.43,188.9,188.9,43711720
2020-04-28,188.5,194.22,188.17,192.8,192.8,78584780
2020-04-29,194.46,195.8,192.86,195.8,195.8,69842140
2020-04-30,196.51,199.7,195.46,197.25,197.25,87198650
2020-05-04,195.68,195.68,193.26,193.69,193.69,56398200
2020-05-05,195.51,196.46,194.0,194.75,194.75,35439260
2020-05-06,195.0,197.23,194.3,195.7,195.7,49561410
2020-05-07,196.0,198.15,195.06,195.51,195.51,57728990
2020-05-08,196.0,196.25,194.6,196.02,196.02,33836340
2020-05-12,193.3,198.0,191.2,191.4,191.4,67656880
2020-05-13,190.05,190.6,186.66,187.31,187.31,63466110
2020-05-14,186.5,188.2,183.5,183.81,183.81,76682120
2020-05-15,186.13,186.78,183.33,183.85,183.85,63148140
2020-05-18,186.33,190.0,185.4,188.93,188.93,77545890
2020-05-19,190.37,192.55,186.8,189.0,189.0,105324020
2020-05-20,188.49,193.98,186.6,193.98,193.98,93343040
2020-05-21,194.0,196.31,191.5,192.4,192.4,79541950
2020-05-22,190.97,191.25,188.6,188.9,188.9,57013570
2020-05-25,189.62,191.31,188.8,191.0,191.0,23140090
2020-05-26,193.0,196.1,192.11,194.0,194.0,79312200
2020-05-27,194.0,198.97,193.32,198.51,198.51,116074210
2020-05-28,199.31,205.0,198.4,205.0,205.0,117179670
2020-05-29,204.11,204.4,199.17,200.5,200.5,106653140
2020-06-01,203.1,205.93,201.81,203.66,203.66,65650670
2020-06-02,204.67,212.0,204.0,212.0,212.0,116868310
2020-06-03,214.0,221.92,213.51,221.5,221.5,145043730
2020-06-04,220.67,221.0,212.55,213.1,213.1,122494020
2020-06-05,215.13,219.93,213.6,219.1,219.1,88658860
2020-06-08,219.8,223.15,217.45,220.3,220.3,88826700
2020-06-09,221.13,221.88,215.44,217.23,217.23,69166250
2020-06-10,217.0,217.58,211.82,212.53,212.53,91895460
2020-06-11,208.91,209.24,206.01,208.35,208.35,70033060
2020-06-15,205.07,207.85,202.3,207.32,207.32,75996510
2020-06-16,210.28,212.19,207.52,207.76,207.76,66559110
2020-06-17,208.52,210.35,206.94,208.14,208.14,56578870
2020-06-18,207.8,208.1,202.72,203.77,203.77,72275760
2020-06-19,205.44,209.2,204.55,207.0,207.0,75045510
2020-06-22,206.7,207.95,204.28,206.4,206.4,58664110
2020-06-23,207.7,209.74,206.43,207.3,207.3,53487940
2020-06-25,201.0,207.0,200.75,206.92,206.92,71495220
2020-06-26,206.97,207.5,201.76,203.15,203.15,46690640
2020-06-29,201.0,205.86,200.97,205.8,205.8,43082680
2020-06-30,205.7,206.0,202.36,203.22,203.22,43754960
2020-07-02,205.0,210.15,204.28,209.6,209.6,76382050
2020-07-03,210.0,211.97,209.0,210.95,210.95,50644210
2020-07-06,212.97,216.79,212.94,214.61,214.61,55455110
2020-07-07,213.0,214.23,210.51,210.53,210.53,44728560
2020-07-08,210.8,212.29,209.3,210.97,210.97,42068480
2020-07-09,210.7,211.7,208.1,209.11,209.11,45189000
2020-07-10,207.51,212.6,206.57,212.28,212.28,50706520
2020-07-13,213.87,214.2,208.11,208.39,208.39,51331610
2020-07-14,208.38,209.58,205.7,209.5,209.5,66035020
2020-07-15,210.29,211.8,207.65,211.09,211.09,49529010
2020-07-16,209.66,212.6,208.63,211.35,211.35,39030370
2020-07-17,211.69,212.18,209.86,210.81,210.81,36140220
2020-07-20,210.27,214.48,209.08,213.89,213.89,44507600
2020-07-21,215.0,219.1,214.38,215.73,215.73,75649160
2020-07-22,215.98,217.65,213.56,216.71,216.71,48441000
2020-07-23,217.5,219.28,215.0,215.41,215.41,43424820
2020-07-24,214.8,217.41,197.73,215.97,215.97,53567220
2020-07-27,216.7,218.38,215.15,216.9,216.9,38321750
2020-07-28,216.81,217.42,215.25,215.53,215.53,24610340
2020-07-29,215.89,219.18,215.63,219.18,219.18,41346230
2020-07-30,218.71,218.88,215.34,218.15,218.15,51264970
2020-07-31,218.19,221.98,217.43,221.57,221.57,59709710
2020-08-03,222.27,228.36,221.3,226.72,226.72,64556650
2020-08-04,227.39,228.85,225.63,227.16,227.16,42017490
2020-08-05,228.15,229.17,224.31,226.4,226.4,54642900
2020-08-06,226.75,227.43,224.35,226.0,226.0,30164090
2020-08-07,225.0,227.6,224.46,227.28,227.28,35640160
2020-08-10,227.96,228.7,224.51,225.99,225.99,43502880
2020-08-11,226.43,234.73,226.21,232.65,232.65,81875170
2020-08-12,233.12,242.5,233.03,242.4,242.4,101002270
2020-08-13,242.2,244.04,238.57,241.39,241.39,85720330
2020-08-14,242.0,242.22,238.47,239.99,239.99,44284550
2020-08-17,240.8,242.35,234.5,237.8,237.8,77120410
2020-08-18,236.88,239.83,235.69,236.3,236.3,36762880
2020-08-19,235.85,240.75,235.19,239.4,239.4,38234650
2020-08-20,238.44,238.51,230.33,232.48,232.48,116941150
2020-08-21,233.3,236.5,227.35,231.22,231.22,138913060
2020-08-24,232.5,233.7,230.2,231.81,231.81,44546800
2020-08-25,232.3,232.97,226.9,228.08,228.08,58979870
2020-08-26,228.3,229.4,224.7,227.8,227.8,75779450
2020-08-27,227.87,229.98,225.6,226.23,226.23,51031070
2020-08-28,227.0,228.1,225.19,226.3,226.3,40748090
2020-08-31,227.0,229.71,225.0,226.1,226.1,62015070
2020-09-01,226.7,227.97,226.01,227.64,227.64,37550370
2020-09-02,228.56,228.75,220.85,222.57,222.57,77854040
2020-09-03,221.67,224.23,218.0,218.32,218.32,69470720
2020-09-04,218.0,222.5,216.75,222.21,222.21,70670060
2020-09-07,221.5,224.2,220.5,221.32,221.32,59334960
2020-09-08,222.0,222.48,216.29,217.68,217.68,70024350
2020-09-09,217.01,218.88,216.8,218.0,218.0,48062980
2020-09-10,218.24,222.15,215.79,220.6,220.6,71198540
2020-09-11,221.46,223.15,219.75,221.07,221.07,45688920
2020-09-14,222.31,227.54,222.13,227.37,227.37,62906200
2020-09-15,228.22,231.95,227.39,231.5,231.5,61905270
2020-09-16,231.72,232.6,230.15,231.06,231.06,39605930
2020-09-17,229.1,231.75,228.57,231.46,231.46,49126710
2020-09-18,232.0,232.59,229.0,230.3,230.3,54624840
2020-09-21,229.88,230.07,223.49,226.25,226.25,70303620
2020-09-22,226.0,230.28,225.46,229.88,229.88,66622080
2020-09-23,230.02,232.1,227.61,228.5,228.5,71299220
2020-09-24,227.63,231.1,225.75,228.17,228.17,81995110
2020-09-25,229.0,229.3,226.25,228.24,228.24,60248340
2020-09-28,228.79,229.55,227.35,228.63,228.63,64519830
2020-09-29,228.88,228.88,223.1,225.48,225.48,90417190
2020-09-30,224.5,230.75,223.25,229.14,229.14,78604470
2020-10-01,229.08,229.9,226.86,227.23,227.23,77828210
2020-10-02,210.4,211.39,206.5,208.8,208.8,114322450
2020-10-05,209.65,210.69,207.72,208.89,208.89,45601880
2020-10-06,209.0,212.99,208.35,211.18,211.18,87529560
2020-10-07,211.3,212.66,209.03,210.6,210.6,62052620
2020-10-08,211.2,211.43,207.26,207.97,207.97,49545460
2020-10-09,208.47,208.96,204.4,205.38,205.38,65518060
2020-10-12,205.97,208.49,204.57,206.18,206.18,52321380
2020-10-13,205.92,207.64,204.77,205.03,205.03,46023280
2020-10-14,205.06,208.0,204.78,207.83,207.83,46840170
2020-10-15,207.46,207.57,201.95,203.85,203.85,76502030
2020-10-16,204.02,204.25,200.5,201.17,201.17,66258500
2020-10-19,201.55,204.0,201.55,202.78,202.78,47421400
2020-10-20,203.0,209.76,202.5,209.54,209.54,80919110
2020-10-21,210.04,213.25,208.9,210.33,210.33,82509750
2020-10-22,209.58,211.53,207.84,210.21,210.21,46859510
2020-10-23,210.0,214.73,209.15,214.5,214.5,75361490
2020-10-26,213.4,214.45,210.5,211.1,211.1,58921210
2020-10-27,211.5,212.29,206.66,207.64,207.64,61084680
2020-10-28,206.94,206.94,202.3,204.73,204.73,70171420
2020-10-29,206.5,207.33,203.64,205.58,205.58,91505270
2020-10-30,203.62,204.84,200.61,200.99,200.99,83659620
2020-11-02,200.45,204.59,196.15,204.5,204.5,82335660
2020-11-03,205.7,211.11,203.8,209.2,209.2,90368710
2020-11-05,214.4,218.65,211.43,216.7,216.7,152554980
2020-11-06,215.8,218.29,213.0,217.5,217.5,94997390
2020-11-09,220.0,231.3,218.7,228.05,228.05,217536750
2020-11-10,227.0,237.6,226.27,236.1,236.1,229603230
2020-11-11,237.0,245.98,236.89,244.2,244.2,234843470
2020-11-12,243.31,245.72,240.22,242.08,242.08,151436920
2020-11-13,242.01,244.14,238.62,242.99,242.99,106150870
2020-11-16,244.14,248.73,244.0,247.99,247.99,113945190
2020-11-17,248.0,249.84,243.41,245.7,245.7,94918470
2020-11-18,245.1,247.23,242.59,242.71,242.71,60088940
2020-11-19,242.5,243.49,237.34,240.27,240.27,97143730
2020-11-20,239.58,240.77,236.57,239.42,239.42,48799870
2020-11-23,240.45,243.87,238.52,239.7,239.7,74832280
2020-11-24,241.65,247.85,239.57,247.33,247.33,84515780
2020-11-25,248.0,252.2,246.55,251.91,251.91,133397740
2020-11-26,252.3,252.88,247.44,250.1,250.1,79917590
2020-11-27,250.3,252.26,248.03,251.59,251.59,51431130
2020-11-30,249.72,251.0,245.98,249.63,249.63,112141620
2020-12-01,250.75,260.99,249.8,260.81,260.81,132069500
2020-12-02,260.05,264.99,258.8,264.06,264.06,93452130
2020-12-03,264.5,264.63,260.85,263.14,263.14,62240840
2020-12-04,264.63,270.84,264.5,270.0,270.0,94637930
2020-12-07,269.0,276.13,268.1,274.36,274.36,94793660
2020-12-08,274.5,276.66,271.52,275.49,275.49,78859920
2020-12-09,276.4,279.42,275.87,276.89,276.89,73639980
2020-12-10,276.55,282.2,275.2,282.2,282.2,75658690
2020-12-11,282.5,284.6,279.78,283.73,283.73,76101950
2020-12-14,285.01,287.74,277.1,279.95,279.95,90415250
2020-12-15,278.53,283.76,276.07,278.7,278.7,84193230
2020-12-16,278.0,280.84,276.14,278.35,278.35,54748960
2020-12-17,279.81,285.16,276.54,278.5,278.5,92138550
2020-12-18,277.22,277.4,268.52,270.16,270.16,99271840
2020-12-21,266.2,267.34,259.7,261.79,261.79,120517950
2020-12-22,259.55,267.42,257.05,262.04,262.04,105490480
2020-12-23,262.25,270.29,260.22,270.1,270.1,67938790
2020-12-24,271.98,272.82,267.13,269.32,269.32,42614450
2020-12-25,269.97,271.0,268.28,270.64,270.64,11989750
2020-12-28,270.9,275.19,269.73,274.7,274.7,39043430
2020-12-29,275.91,276.43,271.26,272.0,272.0,39021610
2020-12-30,272.49,274.24,270.12,271.65,271.65,31530660
2021-01-04,274.67,276.6,270.61,272.0,272.0,48922920
2021-01-05,272.69,275.7,270.28,275.2,275.2,45583910
2021-01-06,275.94,275.94,271.62,272.93,272.93,40948520
2021-01-08,275.11,283.99,275.11,283.64,283.64,88928790
2021-01-11,282.86,292.95,279.48,289.49,289.49,112349520
2021-01-12,290.88,296.07,286.7,289.99,289.99,78962360
2021-01-13,291.01,292.46,283.1,283.78,283.78,67559080
2021-01-14,284.0,286.9,279.06,284.79,284.79,74673700
2021-01-15,282.55,286.16,276.0,276.9,276.9,73774870
2021-01-18,275.72,281.3,272.95,279.79,279.79,73935650
2021-01-19,280.98,282.8,276.42,278.19,278.19,55998820
2021-01-20,278.62,282.49,276.77,279.8,279.8,47940980
2021-01-21,280.75,281.54,272.84,274.4,274.4,83795610
2021-01-22,273.0,273.3,266.78,268.25,268.25,87007610
2021-01-25,271.0,273.63,261.65,265.3,265.3,114330950
2021-01-26,262.7,269.57,262.61,269.34,269.34,75228120
2021-01-27,270.07,273.8,265.02,265.5,265.5,100093260
2021-01-28,263.5,267.17,261.17,265.96,265.96,81253290
2021-01-29,263.77,264.75,257.36,258.11,258.11,120123710
2021-02-01,260.0,264.06,258.73,263.8,263.8,63130400
2021-02-02,265.0,268.39,263.05,263.15,263.15,79534190
2021-02-03,264.32,268.14,261.05,263.53,263.53,77648760
2021-02-04,263.21,270.6,262.34,270.11,270.11,78929290
2021-02-05,271.99,272.57,268.87,271.7,271.7,71806820
2021-02-08,273.01,275.58,272.32,275.2,275.2,51878390
2021-02-09,275.99,276.29,267.19,268.98,268.98,91921510
2021-02-10,269.28,270.99,265.2,265.9,265.9,63087490
2021-02-11,265.5,266.9,263.75,264.7,264.7,38669800
2021-02-12,264.0,266.44,258.55,266.0,266.0,81658530
2021-02-15,268.49,271.87,267.07,271.81,271.81,56945310
2021-02-16,272.3,272.8,268.27,270.9,270.9,63103170
2021-02-17,270.99,275.07,267.56,270.9,270.9,79103850
2021-02-18,270.35,272.46,266.21,266.99,266.99,58729690
2021-02-19,266.12,272.81,264.19,271.34,271.34,59268550
2021-02-20,271.0,271.0,269.02,270.51,270.51,8763250
2021-02-22,270.1,274.46,268.12,273.71,273.71,48129770
2021-02-24,272.12,272.75,269.42,271.9,271.9,64190320
2021-02-25,273.6,276.48,270.65,270.71,270.71,79716010
2021-02-26,268.0,272.49,266.43,270.17,270.17,74892050
2021-03-01,273.0,274.73,271.13,273.58,273.58,35962010
2021-03-02,271.89,280.0,271.6,279.1,279.1,71566360
2021-03-03,281.7,283.83,277.63,278.01,278.01,64275320
2021-03-04,278.5,281.96,273.63,274.75,274.75,91991370
2021-03-05,276.0,278.98,272.76,277.5,277.5,83551110
2021-03-09,278.8,286.38,277.56,285.79,285.79,72788180
2021-03-10,285.24,288.0,281.0,282.24,282.24,55155180
2021-03-11,283.84,286.38,282.3,286.0,286.0,47365180
2021-03-12,286.3,287.49,282.82,284.93,284.93,51540190
2021-03-15,286.05,292.92,285.28,292.74,292.74,67805740
2021-03-16,293.06,293.88,288.61,292.33,292.33,53921730
2021-03-17,292.35,293.25,279.6,283.35,283.35,110292330
2021-03-18,284.04,285.79,278.24,279.25,279.25,74128740
2021-03-19,279.0,286.31,278.03,285.47,285.47,84249430
2021-03-22,285.0,291.2,283.08,288.65,288.65,62762410
2021-03-23,287.56,288.3,282.11,282.6,282.6,70760630
2021-03-24,283.4,288.0,282.25,285.79,285.79,46411230
2021-03-25,286.5,287.03,283.85,286.66,286.66,35216620
2021-03-26,288.63,292.75,288.32,291.22,291.22,56072880
2021-03-29,289.72,294.09,289.26,293.3,293.3,43681330
2021-03-30,294.86,295.72,291.5,293.25,293.25,38806220
2021-03-31,294.0,294.42,290.26,291.02,291.02,46996880
2021-04-01,292.0,294.72,288.43,290.24,290.24,51601440
2021-04-02,290.81,292.4,289.14,291.7,291.7,19279180
2021-04-05,290.8,291.48,287.07,288.78,288.78,35363370
2021-04-06,289.0,289.43,281.37,281.5,281.5,77530890
2021-04-07,281.68,284.29,278.54,283.98,283.98,74146060
2021-04-08,284.88,286.2,282.17,283.89,283.89,51289780
2021-04-09,283.47,283.79,280.09,281.07,281.07,40033420
2021-04-12,278.2,285.35,278.0,281.75,281.75,57180030
2021-04-13,282.93,288.2,281.14,287.95,287.95,67973530
2021-04-14,290.0,291.58,286.72,287.18,287.18,59364940
2021-04-15,281.5,285.19,280.87,283.72,283.72,88048600
2021-04-16,285.71,289.3,284.08,288.5,288.5,63499000
2021-04-19,287.86,289.25,286.04,287.72,287.72,51327720
2021-04-20,288.9,290.92,286.59,287.42,287.42,63197880
2021-04-21,288.01,290.2,287.06,289.25,289.25,49792800
2021-04-22,289.04,294.67,286.93,292.18,292.18,73632070
2021-04-23,293.1,294.2,290.78,293.19,293.19,42651330
2021-04-26,294.3,296.48,293.1,295.27,295.27,45760050
2021-04-27,295.74,300.25,295.61,298.5,298.5,62853160
2021-04-28,299.0,299.26,295.89,298.49,298.49,40622520
2021-04-29,301.0,301.84,294.79,297.1,297.1,57082260
2021-04-30,296.92,298.1,295.03,297.73,297.73,35679650
2021-05-04,298.7,304.23,298.2,303.7,303.7,60457530
2021-05-05,304.01,306.03,302.71,305.99,305.99,41715270
2021-05-06,306.29,314.98,306.25,314.72,314.72,62565270
2021-05-07,316.0,319.16,315.48,317.94,317.94,56433970
2021-05-10,318.26,320.19,314.31,320.19,320.19,59248110
2021-05-11,303.0,309.48,301.0,307.16,307.16,79945470
2021-05-12,307.39,309.24,302.0,302.02,302.02,56142830
2021-05-13,302.11,306.86,299.33,306.74,306.74,57721460
2021-05-14,308.2,308.24,302.33,304.1,304.1,26858430
2021-05-17,303.5,305.24,301.01,303.94,303.94,28384220
2021-05-18,305.01,306.62,303.33,305.78,305.78,35496400
2021-05-19,304.38,304.88,295.1,297.0,297.0,71747950
2021-05-20,297.94,298.37,293.0,296.72,296.72,58510610
2021-05-21,296.85,302.98,294.9,301.23,301.23,51415080
2021-05-24,302.02,304.75,299.59,300.7,300.7,30831530
2021-05-25,301.77,307.4,301.57,306.8,306.8,37547680
2021-05-26,307.84,309.5,305.33,307.01,307.01,35358520
2021-05-27,306.39,313.9,305.72,312.72,312.72,70753690
2021-05-28,313.3,314.0,309.06,309.56,309.56,35484140
2021-05-31,309.3,312.6,308.82,310.79,310.79,23683010
2021-06-01,312.6,314.17,310.03,311.6,311.6,37655890
2021-06-02,311.6,314.0,310.61,313.98,313.98,27008780
2021-06-03,314.81,315.71,309.87,312.41,312.41,34546320
2021-06-04,313.0,313.0,307.6,310.94,310.94,37126650
2021-06-07,310.03,316.0,308.57,315.53,315.53,40197440
2021-06-08,315.29,316.18,312.5,314.83,314.83,34944620
2021-06-09,315.0,315.9,312.9,314.78,314.78,25152290
2021-06-10,314.87,316.58,313.76,314.62,314.62,29211800
2021-06-11,314.88,315.08,312.5,313.0,313.0,21924900
2021-06-14,313.48,314.87,310.4,314.12,314.12,25517710
2021-06-15,314.14,315.6,312.4,312.51,312.51,29741250
2021-06-16,312.5,314.54,311.03,311.61,311.61,38253860
2021-06-17,311.0,315.42,310.46,313.9,313.9,44322800
2021-06-18,312.9,313.82,308.13,309.3,309.3,62462450
2021-06-21,308.47,310.4,306.56,310.4,310.4,36129780
2021-06-22,310.79,311.17,308.13,309.73,309.73,23538080
2021-06-23,310.45,312.0,308.69,309.79,309.79,24831290
2021-06-24,309.8,311.2,308.84,310.0,310.0,19725240
2021-06-25,310.58,312.5,309.82,311.81,311.81,22598640
2021-06-28,311.77,312.06,309.13,309.48,309.48,19460180
2021-06-29,308.7,309.23,303.66,306.1,306.1,33944770
2021-06-30,306.19,306.91,303.34,306.45,306.45,31549580
2021-07-01,306.0,307.35,305.0,305.78,305.78,19989790
2021-07-02,305.52,308.37,304.71,307.39,307.39,28908330
2021-07-05,307.81,308.11,304.8,307.0,307.0,16509700
2021-07-06,307.32,307.59,302.37,303.34,303.34,32694440
2021-07-07,303.98,306.2,302.85,304.06,304.06,22676030
2021-07-08,303.0,304.3,300.62,302.63,302.63,30771300
2021-07-09,302.7,304.1,301.22,303.56,303.56,20527240
2021-07-12,303.55,306.27,301.52,306.23,306.23,25302270
2021-07-13,306.81,307.22,302.11,303.0,303.0,21270580
2021-07-14,302.7,303.69,300.74,301.5,301.5,23974320
2021-07-15,301.13,303.5,299.77,301.72,301.72,21111670
2021-07-16,302.05,304.78,298.57,298.85,298.85,34533280
2021-07-19,298.0,298.36,290.03,291.46,291.46,41320510
2021-07-20,292.33,296.8,292.3,296.1,296.1,35594130
2021-07-21,296.0,296.94,293.54,294.86,294.86,17541560
2021-07-22,295.77,298.17,294.43,297.27,297.27,20344800
2021-07-23,297.49,298.69,295.04,296.38,296.38,14967220
2021-07-26,294.0,303.68,291.98,303.34,303.34,34024050
2021-07-27,302.66,304.59,299.38,299.71,299.71,38608790
2021-07-28,300.43,302.98,300.0,302.9,302.9,27009120
2021-07-29,304.13,305.27,303.03,303.12,303.12,28037210
2021-07-30,302.48,306.67,301.12,305.59,305.59,49731920
2021-08-02,306.23,308.63,306.06,306.51,306.51,31593540
2021-08-03,306.31,309.89,306.25,309.89,309.89,33931370
2021-08-04,310.26,312.0,309.25,311.1,311.1,30932050
2021-08-05,311.02,315.91,310.82,315.82,315.82,37329160
2021-08-06,316.2,320.0,315.31,319.15,319.15,54141450
2021-08-09,318.59,328.3,317.62,326.91,326.91,72070400
2021-08-10,328.05,331.29,326.97,330.11,330.11,41541930
2021-08-11,330.7,330.98,326.21,329.9,329.9,34452160
2021-08-12,330.0,330.64,327.3,328.57,328.57,21002650
2021-08-13,328.6,330.27,327.31,328.68,328.68,18816130
2021-08-16,327.59,330.52,327.13,329.36,329.36,23953750
2021-08-17,329.0,335.7,328.55,334.5,334.5,42472520
2021-08-18,336.0,338.99,333.26,334.9,334.9,36356910
2021-08-19,333.5,334.0,329.1,332.69,332.69,46184030
2021-08-20,332.02,333.27,325.17,325.67,325.67,36393250
2021-08-23,327.85,329.81,326.55,329.22,329.22,20613110
2021-08-24,330.43,331.22,323.32,324.83,324.83,35762700
2021-08-25,324.3,325.32,321.26,324.57,324.57,28105390
2021-08-26,324.03,325.55,320.58,322.54,322.54,27529220
2021-08-27,323.71,327.5,321.8,327.41,327.41,27848390
2021-08-30,328.43,329.38,326.51,328.28,328.28,20402150
2021-08-31,328.5,330.48,327.3,327.94,327.94,32464730
2021-09-01,328.87,334.64,328.03,334.57,334.57,30698660
2021-09-02,334.67,334.91,328.77,329.0,329.0,31605740
2021-09-03,329.47,330.53,326.62,329.71,329.71,29626390
2021-09-06,330.0,331.45,328.5,329.37,329.37,17491440
2021-09-07,329.82,330.73,324.64,325.96,325.96,24448110
2021-09-08,325.96,332.74,322.84,331.7,331.7,47841520
2021-09-09,330.4,330.4,325.69,326.01,326.01,29962700
2021-09-10,328.01,328.43,325.21,326.25,326.25,17532340
2021-09-13,327.01,328.14,324.01,327.41,327.41,24365060
2021-09-14,327.45,328.84,325.48,326.48,326.48,22505240
2021-09-15,326.46,334.6,326.46,333.51,333.51,43834510
2021-09-16,333.04,334.5,324.91,326.99,326.99,62503480
2021-09-17,326.9,331.73,325.7,329.56,329.56,54126320
2021-09-20,327.01,328.85,325.0,326.92,326.92,31832600
2021-09-21,328.44,329.48,322.39,323.25,323.25,47769290
2021-09-22,325.28,328.9,322.5,327.8,327.8,38198960
2021-09-23,328.94,329.4,325.13,327.02,327.02,27071410
2021-09-24,326.08,326.23,323.62,325.44,325.44,24584330
2021-09-27,326.39,332.46,326.09,331.68,331.68,34410300
2021-09-28,332.07,334.48,328.32,329.3,329.3,52542880
2021-09-29,329.09,330.45,327.15,328.43,328.43,27649210
2021-09-30,329.98,342.2,329.45,340.99,340.99,83622260
2021-10-01,339.21,339.94,336.08,338.48,338.48,37690990
2021-10-04,337.9,349.31,336.22,345.85,345.85,60125260
2021-10-05,346.78,365.0,344.9,363.2,363.2,86824850
2021-10-06,366.0,375.48,359.35,364.28,364.28,95804990
2021-10-07,367.69,374.0,365.88,368.93,368.93,49555650
2021-10-08,370.0,374.55,368.0,373.01,373.01,31050580
2021-10-11,375.0,388.11,375.0,387.6,387.6,66699560
2021-10-12,385.88,386.86,376.72,377.79,377.79,51665490
2021-10-13,378.86,380.91,370.81,378.8,378.8,54687330
2021-10-14,382.0,383.13,374.57,376.09,376.09,36363890
2021-10-15,377.92,378.41,370.43,371.82,371.82,37369170
2021-10-18,369.35,369.91,363.75,364.6,364.6,38233180
2021-10-19,366.14,373.4,361.5,373.18,373.18,40031730
2021-10-20,371.83,371.97,367.1,370.16,370.16,27537590
2021-10-21,368.2,371.14,363.2,364.6,364.6,24501070
2021-10-22,364.0,370.39,362.37,364.37,364.37,26378840
2021-10-25,366.2,371.7,361.68,369.99,369.99,35639850
2021-10-26,369.89,374.63,365.66,372.16,372.16,41833770
2021-10-27,371.0,374.0,366.51,371.36,371.36,36450620
2021-10-28,370.5,374.92,362.32,365.36,365.36,53892680
2021-10-29,364.34,364.34,352.68,356.14,356.14,53541990
2021-11-01,356.15,371.47,356.14,370.96,370.96,55134640
2021-11-02,371.0,374.0,367.2,370.7,370.7,37723170
2021-11-03,370.0,370.5,365.03,370.13,370.13,30876610
2021-11-05,366.99,367.56,358.5,360.21,360.21,39229740
2021-11-08,362.57,363.97,355.6,358.39,358.39,39736440
2021-11-09,358.41,364.58,355.6,357.44,357.44,41718590
2021-11-10,356.7,358.8,348.0,348.65,348.65,46558110
2021-11-11,350.11,357.89,347.22,356.24,356.24,42915840
2021-11-12,356.24,356.37,339.68,347.59,347.59,100682800
2021-11-15,349.24,352.8,342.76,344.39,344.39,59973490
2021-11-16,345.99,346.47,336.01,337.91,337.91,61972880
2021-11-17,338.49,343.57,336.6,339.89,339.89,49773710
2021-11-18,338.97,343.12,333.5,336.93,336.93,47124100
2021-11-19,339.37,339.99,325.7,327.56,327.56,67114710
2021-11-22,326.05,326.39,306.67,309.15,309.15,144394030
2021-11-23,306.28,327.01,300.1,326.84,326.84,144887010
2021-11-24,328.0,329.97,317.35,321.22,321.22,77919580
2021-11-25,322.35,322.96,316.11,317.29,317.29,44075230
2021-11-26,307.14,312.0,303.22,304.42,304.42,90702260
2021-11-29,311.11,322.15,309.42,316.57,316.57,82626540
2021-11-30,311.0,318.58,310.09,315.0,315.0,98214880
2021-12-01,321.3,329.44,319.51,324.4,324.4,69948230
2021-12-02,325.4,329.0,320.54,326.8,326.8,61450200
2021-12-03,327.6,328.95,318.4,320.66,320.66,43107850
2021-12-06,322.0,324.16,304.18,307.5,307.5,99688200
2021-12-07,307.14,313.03,300.5,309.79,309.79,154172870
2021-12-08,310.99,316.88,291.57,296.95,296.95,241043180
2021-12-09,297.49,304.94,292.5,300.4,300.4,133933650
2021-12-10,300.5,304.28,294.43,297.44,297.44,82046160
2021-12-13,298.23,300.99,280.08,280.64,280.64,146312930
2021-12-14,280.2,286.09,261.5,284.9,284.9,176483200
2021-12-15,284.9,287.79,279.44,286.65,286.65,87523240
2021-12-16,287.7,298.7,286.2,295.89,295.89,134813120
2021-12-17,295.0,296.73,291.61,294.9,294.9,109770570
2021-12-20,293.11,293.11,285.63,288.4,288.4,79679000
2021-12-21,289.8,293.4,286.76,291.7,291.7,64934720
2021-12-22,291.8,297.23,289.23,294.0,294.0,63860480
2021-12-23,294.68,298.1,291.26,292.8,292.8,55534990
2021-12-24,292.92,294.18,289.0,293.89,293.89,37671250
2021-12-27,294.76,296.0,293.37,295.68,295.68,35734540
2021-12-28,295.84,297.55,294.18,295.0,295.0,37859030
2021-12-29,295.05,295.55,291.33,293.51,293.51,37673290
2021-12-30,293.6,294.89,291.52,293.49,293.49,42567960
2022-01-03,295.9,305.5,294.34,305.47,305.47,50183170
2022-01-04,305.51,310.1,301.63,304.24,304.24,53270410
2022-01-05,303.72,304.26,287.0,287.01,287.01,70017630
2022-01-06,286.6,295.1,281.0,293.92,293.92,79380930
2022-01-10,295.52,298.88,288.68,291.69,291.69,67426550
2022-01-11,293.4,293.94,288.71,291.88,291.88,58921530
2022-01-12,292.82,292.92,285.05,290.4,290.4,81822450
2022-01-13,289.56,290.37,269.9,272.5,272.5,211556190
2022-01-14,272.39,277.98,249.2,261.0,261.0,406253690
2022-01-17,262.15,264.01,247.0,257.78,257.78,248689250
2022-01-18,258.8,259.39,228.09,234.7,234.7,484056480
2022-01-19,232.9,249.0,221.03,244.86,244.86,360958990
2022-01-20,244.17,263.0,240.01,254.61,254.61,329113650
2022-01-21,252.99,259.08,246.0,246.9,246.9,295690670
2022-01-24,246.51,249.88,226.0,236.97,236.97,325829650
2022-01-25,237.0,243.55,231.0,239.59,239.59,232596970
2022-01-26,240.5,245.17,233.3,236.9,236.9,224840650
2022-01-27,235.0,260.0,233.1,254.29,254.29,301306340
2022-01-28,255.87,262.0,252.02,257.82,257.82,204180270
2022-01-31,258.98,269.6,258.81,269.42,269.42,156175080
2022-02-01,269.72,273.1,260.56,264.7,264.7,170396140
2022-02-02,265.88,266.91,254.52,261.0,261.0,170215080
2022-02-03,258.45,259.87,250.06,250.79,250.79,151173100
2022-02-04,251.99,259.74,251.91,256.53,256.53,127035170
2022-02-07,256.99,260.53,253.52,257.61,257.61,85586640
2022-02-08,257.6,269.9,256.52,269.8,269.8,161506220
2022-02-09,270.01,279.71,270.0,279.09,279.09,193575010
2022-02-10,279.2,282.3,273.67,275.2,275.2,180148360
2022-02-11,274.9,275.87,259.61,260.83,260.83,213954390
2022-02-14,256.69,259.5,245.1,256.7,256.7,357654570
2022-02-15,257.89,274.0,257.51,274.0,274.0,271518670
2022-02-16,276.88,281.0,274.15,277.78,277.78,195822410
2022-02-17,277.0,277.0,259.36,260.58,260.58,262088700
2022-02-18,262.13,267.0,245.0,250.28,250.28,270594740
2022-02-21,249.15,258.32,184.3,201.0,201.0,1084508440
2022-02-22,198.72,219.9,182.03,208.53,208.53,946020570
2022-02-24,187.54,187.54,89.59,132.18,132.18,829355880
2022-02-25,123.75,152.89,115.11,131.12,131.12,396287150
2022-03-24,131.0,156.2,130.15,136.24,136.24,159464350
2022-03-25,137.0,147.0,128.2,131.5,131.5,57662950
2022-03-28,130.6,131.47,125.0,125.0,125.0,33212430
2022-03-29,126.16,137.57,122.0,128.77,128.77,72338740
2022-03-30,136.89,138.4,131.11,134.6,134.6,35675450
2022-03-31,135.25,147.41,134.52,143.69,143.69,118425000
2022-04-01,145.0,155.4,144.51,154.5,154.5,118880720
2022-04-04,158.76,166.88,150.2,166.0,166.0,115938910
2022-04-05,169.83,169.9,147.76,154.1,154.1,130342790
2022-04-06,143.51,153.3,140.65,141.6,141.6,109040410
2022-04-07,143.1,149.9,142.5,147.5,147.5,58839040
2022-04-08,149.05,151.0,141.06,143.72,143.72,48450590
2022-04-11,144.09,146.98,138.5,138.69,138.69,47575830
2022-04-12,138.84,140.1,130.35,135.38,135.38,75388800
2022-04-13,136.78,138.14,132.72,135.5,135.5,39087840
2022-04-14,135.85,135.89,129.05,129.05,129.05,44368360
2022-04-15,128.55,131.72,125.12,130.88,130.88,46772550
2022-04-18,131.41,132.68,123.7,123.85,123.85,58500600
2022-04-19,123.85,123.85,115.36,120.3,120.3,79905700
2022-04-20,121.0,125.44,117.51,121.5,121.5,66603200
2022-04-21,121.97,123.05,117.85,118.65,118.65,40648560
2022-04-22,118.65,122.32,115.55,116.97,116.97,57466590
2022-04-25,116.0,116.4,111.5,111.9,111.9,45811390
2022-04-26,112.58,124.92,111.9,122.36,122.36,83540530
2022-04-27,123.0,131.73,120.6,131.11,131.11,115500050
2022-04-28,132.14,134.5,123.05,123.85,123.85,123541890
2022-04-29,123.67,130.0,122.8,128.8,128.8,87366110
2022-05-04,129.1,131.5,122.5,123.2,123.2,67289000
2022-05-05,124.21,125.54,122.75,124.8,124.8,42383000
2022-05-06,124.74,124.99,121.52,123.1,123.1,30602500
2022-05-11,123.0,126.05,121.86,123.34,123.34,32870440
2022-05-12,123.1,123.74,118.05,119.15,119.15,30846460
2022-05-13,120.45,121.59,118.2,120.2,120.2,22838020
2022-05-16,120.9,123.5,119.5,123.41,123.41,34940660
2022-05-17,124.0,127.78,123.65,127.75,127.75,41963590
2022-05-18,128.2,131.3,125.0,125.12,125.12,55565940
2022-05-19,125.31,126.86,123.21,125.6,125.6,34246550
2022-05-20,126.06,127.0,121.05,122.2,122.2,39288280
2022-05-23,121.5,122.5,118.9,119.46,119.46,37976200
2022-05-24,119.45,125.0,117.1,123.6,123.6,45164830
2022-05-25,124.11,125.5,120.5,124.15,124.15,53511900
2022-05-26,124.8,125.99,122.0,123.0,123.0,51985140
2022-05-27,123.0,123.5,120.9,121.22,121.22,32685350
2022-05-30,121.6,123.0,120.21,120.67,120.67,24957710
2022-05-31,120.0,120.0,117.62,118.3,118.3,29983170
2022-06-01,117.5,122.69,117.0,121.97,121.97,43785040
2022-06-02,121.9,122.39,118.5,119.0,119.0,42769900
2022-06-03,119.29,120.16,117.18,119.21,119.21,34341530
2022-06-06,119.26,120.35,118.29,118.78,118.78,22281970
2022-06-07,118.68,118.9,117.32,118.32,118.32,22274020
2022-06-08,118.51,122.19,118.4,119.9,119.9,41514970
2022-06-09,120.0,120.2,117.7,118.2,118.2,29371970
2022-06-10,118.03,119.55,117.73,118.07,118.07,25373000
2022-06-14,118.03,119.88,115.8,118.98,118.98,37690460
2022-06-15,119.4,121.71,118.71,121.14,121.14,52262500
2022-06-16,121.5,123.73,120.41,123.73,123.73,47921410
2022-06-17,123.97,125.18,123.11,123.88,123.88,36608520
2022-06-20,124.1,131.5,123.6,131.29,131.29,65683460
2022-06-21,131.98,133.49,127.11,129.1,129.1,75565750
2022-06-22,127.88,133.21,126.03,133.11,133.11,67799070
2022-06-23,133.9,138.4,131.5,136.85,136.85,108118920
2022-06-24,137.16,138.3,135.21,137.76,137.76,45254820
2022-06-27,137.7,141.77,136.77,141.15,141.15,69963540
2022-06-28,141.75,142.35,138.5,139.99,139.99,54863240
2022-06-29,139.8,139.89,132.75,132.8,132.8,55164310
2022-06-30,132.5,135.44,123.55,125.2,125.2,91499020
2022-07-01,124.13,132.0,122.5,129.91,129.91,60628570
2022-07-04,129.0,132.8,127.16,131.43,131.43,48006990
2022-07-05,132.0,135.7,131.43,133.5,133.5,51662270
2022-07-06,133.5,137.1,132.5,134.0,134.0,47075440
2022-07-07,134.0,135.2,131.22,133.09,133.09,43059280
2022-07-08,133.15,133.98,130.9,133.3,133.3,27635050
2022-07-11,132.8,133.9,126.42,126.8,126.8,53725410
2022-07-12,126.5,129.35,124.2,129.0,129.0,57254290
2022-07-13,129.8,129.95,125.36,126.0,126.0,45932640
2022-07-14,125.97,128.0,124.61,125.9,125.9,41704620
2022-07-15,126.06,129.44,125.27,128.9,128.9,44954140
2022-07-18,130.0,130.64,127.25,128.11,128.11,35478100
2022-07-19,128.0,128.11,125.51,127.76,127.76,32381170
2022-07-20,128.12,129.2,126.16,126.44,126.44,34762350
2022-07-21,126.44,126.83,122.24,125.48,125.48,53633030
2022-07-22,125.5,129.1,125.03,128.82,128.82,46478250
2022-07-25,128.9,132.0,127.24,131.45,131.45,55990880
2022-07-26,132.02,133.9,131.0,132.9,132.9,50351100
2022-07-27,132.9,134.79,131.62,132.5,132.5,42526820
2022-07-28,133.01,133.49,130.1,131.72,131.72,40102900
2022-07-29,131.65,132.75,130.31,131.9,131.9,27788260
2022-08-01,131.77,131.77,127.34,127.34,127.34,44322900
2022-08-02,126.6,128.44,125.6,127.53,127.53,44006150
2022-08-03,128.05,129.15,126.27,126.85,126.85,30948110
2022-08-04,126.94,128.13,126.16,126.95,126.95,19560540
2022-08-05,127.5,127.58,122.24,122.4,122.4,61176570
2022-08-08,126.11,127.38,123.51,123.81,123.81,53664860
2022-08-09,123.9,126.5,122.3,126.4,126.4,37919970
2022-08-10,126.25,127.29,124.87,126.2,126.2,31939910
2022-08-11,126.97,126.97,123.07,123.45,123.45,30949210
2022-08-12,123.46,124.98,122.6,124.88,124.88,27223160
2022-08-15,124.56,125.7,123.28,125.0,125.0,25355480
2022-08-16,125.2,126.86,124.53,126.39,126.39,27290920
2022-08-17,126.58,127.44,124.5,124.5,124.5,32888950
2022-08-18,124.39,126.5,123.92,126.3,126.3,25415410
2022-08-19,126.3,126.36,124.72,125.2,125.2,18676990
2022-08-22,125.0,126.69,124.7,126.06,126.06,24510110
2022-08-23,126.06,130.49,126.01,130.38,130.38,65419130
2022-08-24,130.6,131.64,127.85,128.15,128.15,45833690
2022-08-25,128.15,129.81,127.1,128.18,128.18,36067720
2022-08-26,128.02,130.5,127.62,130.4,130.4,32879870
2022-08-29,130.12,131.4,129.52,131.17,131.17,40911490
2022-08-30,131.17,132.6,129.65,130.05,130.05,51084490
2022-08-31,132.3,138.34,131.5,134.25,134.25,107450510
2022-09-01,133.99,138.22,132.02,138.2,138.2,54942470
2022-09-02,138.8,144.9,136.22,143.8,143.8,136891810
2022-09-05,143.5,145.1,139.11,141.0,141.0,87603050
2022-09-06,140.9,141.07,135.22,137.23,137.23,86674520
2022-09-07,136.96,139.19,135.41,136.86,136.86,60753730
2022-09-08,136.69,137.4,134.0,134.51,134.51,57744420
2022-09-09,134.41,138.47,134.23,138.15,138.15,49115280
2022-09-12,137.07,140.37,136.8,138.7,138.7,52610620
2022-09-13,138.7,139.37,136.15,137.0,137.0,44582700
2022-09-14,136.6,139.29,135.2,138.9,138.9,62838520
2022-09-15,139.15,140.28,137.61,139.48,139.48,56243810
2022-09-16,139.37,141.39,136.8,137.73,137.73,71799280
2022-09-19,137.4,139.08,137.07,138.04,138.04,33272190
2022-09-20,137.87,138.35,122.42,125.1,125.1,208947780
2022-09-21,112.5,123.98,109.27,120.23,120.23,136625430
2022-09-22,120.25,126.95,120.25,124.31,124.31,117479960
2022-09-23,124.49,124.5,117.35,119.39,119.39,85906070
2022-09-26,114.0,117.99,105.0,107.06,107.06,148638170
2022-09-27,110.0,113.89,107.07,112.92,112.92,90981060
2022-09-28,112.0,115.2,109.13,111.06,111.06,77969660
2022-09-29,111.59,112.2,107.68,110.41,110.41,67487760
2022-09-30,111.0,113.4,103.4,110.21,110.21,133569040
2022-10-03,110.62,114.65,109.0,114.35,114.35,73960960
2022-10-04,115.06,115.5,110.3,110.55,110.55,83564680
2022-10-05,110.49,110.49,106.25,108.51,108.51,90416920
2022-10-06,108.65,110.38,107.57,108.24,108.24,51741480
2022-10-07,107.7,108.48,101.3,101.5,101.5,90989490
2022-10-10,96.55,106.77,96.5,106.71,106.71,117465350
2022-10-11,106.5,108.3,104.26,107.72,107.72,76962080
2022-10-12,108.27,108.5,105.25,105.9,105.9,63378400
2022-10-13,105.72,107.3,104.8,106.5,106.5,46849810
2022-10-14,106.92,109.19,105.69,107.78,107.78,52565400
2022-10-17,107.93,112.76,107.65,112.44,112.44,78496550
2022-10-18,113.05,114.37,110.48,110.88,110.88,101854810
2022-10-19,110.12,112.93,109.3,112.39,112.39,90693010
2022-10-20,112.75,117.2,112.37,116.98,116.98,100723600
2022-10-21,116.93,119.94,114.37,119.45,119.45,102382050
2022-10-24,120.15,121.68,117.65,118.8,118.8,74539310
2022-10-25,118.84,125.2,118.3,124.36,124.36,114156750
2022-10-26,124.7,126.88,122.1,124.43,124.43,108495360
2022-10-27,124.75,127.5,123.68,126.61,126.61,87915140
2022-10-28,126.14,127.25,124.6,126.97,126.97,73660000
2022-10-31,127.2,128.6,125.41,126.72,126.72,60762870
2022-11-01,127.2,127.97,126.12,127.05,127.05,36820880
2022-11-02,127.06,127.74,123.75,125.49,125.49,40216620
2022-11-03,125.4,126.1,123.91,125.75,125.75,47720130
2022-11-07,127.09,132.0,126.5,132.0,132.0,91709630
2022-11-08,132.0,133.11,130.1,131.29,131.29,69556040
2022-11-09,131.06,131.47,126.42,127.3,127.3,64961510
2022-11-10,131.0,136.69,129.77,136.68,136.68,171748310
2022-11-11,137.9,138.42,135.13,136.98,136.98,75710240
2022-11-14,137.5,140.7,135.83,139.8,139.8,82521030
2022-11-15,140.49,141.0,130.86,135.66,135.66,145543250
2022-11-16,136.99,139.73,136.32,139.18,139.18,67090170
2022-11-17,139.09,140.35,136.6,137.57,137.57,59160240
2022-11-18,137.08,137.81,135.84,136.89,136.89,44076540
2022-11-21,136.01,136.3,132.51,134.46,134.46,83599930
2022-11-22,134.55,136.0,133.81,135.65,135.65,45822990
2022-11-23,135.7,137.55,134.5,136.59,136.59,52302020
2022-11-24,137.0,138.41,136.12,136.61,136.61,42388720
2022-11-25,137.2,137.24,135.41,136.53,136.53,29618830
2022-11-28,135.02,136.2,134.1,135.53,135.53,45275110
2022-11-29,136.29,137.2,135.88,136.37,136.37,31648090
2022-11-30,136.5,136.78,135.23,136.78,136.78,26816190
2022-12-01,137.1,137.95,136.31,137.15,137.15,33056500
2022-12-02,136.99,137.1,136.17,136.66,136.66,19261670
2022-12-05,136.66,142.68,136.25,142.0,142.0,103930500
2022-12-06,142.2,143.37,139.11,140.61,140.61,51823300
2022-12-07,140.5,142.81,138.36,142.32,142.32,69885670
2022-12-08,143.5,143.6,139.8,139.92,139.92,64056510
2022-12-09,139.7,140.7,139.24,140.03,140.03,29441490
2022-12-12,140.19,140.87,138.7,139.48,139.48,33477470
2022-12-13,139.67,139.93,136.67,138.13,138.13,52200510
2022-12-14,138.28,138.28,136.6,137.3,137.3,34074890
2022-12-15,136.99,137.08,134.3,134.55,134.55,54791650
2022-12-16,134.5,136.09,134.13,135.45,135.45,32802120
2022-12-19,135.13,136.73,132.86,134.64,134.64,58826130
2022-12-20,134.51,138.4,134.41,138.28,138.28,45017120
2022-12-21,138.7,139.12,135.81,137.75,137.75,45542340
2022-12-22,137.99,138.97,137.0,137.69,137.69,30562140
2022-12-23,137.49,138.26,136.81,137.94,137.94,22908110
2022-12-26,138.33,141.0,138.0,140.95,140.95,49379370
2022-12-27,141.31,142.0,139.6,139.9,139.9,41654530
2022-12-28,139.73,140.4,138.6,139.51,139.51,28045010
2022-12-29,139.5,141.65,139.22,140.96,140.96,32059860
2022-12-30,140.8,141.48,140.13,141.15,141.15,28175080
2023-01-03,141.6,143.25,141.56,141.78,141.78,21098550
2023-01-04,141.85,142.28,140.75,141.43,141.43,17112740
2023-01-05,141.6,141.84,140.54,141.27,141.27,17245300
2023-01-06,141.39,141.62,140.9,141.4,141.4,10657600
2023-01-09,141.83,142.99,141.65,142.4,142.4,31449160
2023-01-10,142.1,142.85,141.31,142.81,142.81,23718180
2023-01-11,142.97,149.98,142.87,149.96,149.96,123147040
2023-01-12,150.02,150.79,148.39,149.3,149.3,46789300
2023-01-13,149.58,153.28,147.71,151.69,151.69,88520210
2023-01-16,152.89,154.0,151.88,153.71,153.71,51753920
2023-01-17,154.0,154.31,150.01,150.45,150.45,84404770
2023-01-18,150.4,153.0,149.41,151.47,151.47,67511970
2023-01-19,151.2,152.85,148.56,149.34,149.34,66813960
2023-01-20,149.7,151.4,148.64,151.38,151.38,44254820
2023-01-23,151.9,154.1,151.01,153.5,153.5,55198870
2023-01-24,153.95,155.58,152.28,152.66,152.66,78734130
2023-01-25,152.45,153.6,151.5,152.81,152.81,43376700
2023-01-26,153.32,154.3,151.73,152.4,152.4,45513320
2023-01-27,152.4,153.48,151.69,153.2,153.2,34123690
2023-01-30,153.5,153.88,152.21,153.38,153.38,31105220
2023-01-31,153.51,158.18,153.3,158.07,158.07,77890320
2023-02-01,158.2,159.6,156.5,158.29,158.29,66332200
2023-02-02,158.4,160.29,157.37,159.45,159.45,53866380
2023-02-03,159.1,162.32,157.88,161.26,161.26,63735330
2023-02-06,161.78,167.17,161.01,167.09,167.09,89083530
2023-02-07,167.3,168.7,163.4,165.39,165.39,92661570
2023-02-08,165.0,166.35,162.7,164.15,164.15,58669030
2023-02-09,164.33,167.47,161.27,165.31,165.31,107139220
2023-02-10,165.0,166.49,164.5,165.52,165.52,40924680
2023-02-13,165.2,166.88,164.17,164.32,164.32,36212200
2023-02-14,164.3,164.38,161.64,161.86,161.86,58832960
2023-02-15,160.94,161.12,153.83,156.25,156.25,113804160
2023-02-16,157.33,159.3,156.25,158.22,158.22,68549280
2023-02-17,158.0,160.38,156.91,159.73,159.73,52179940
2023-02-20,159.41,161.3,156.73,160.09,160.09,63971610
2023-02-21,160.66,165.65,159.26,164.15,164.15,127422480
2023-02-22,164.13,164.42,162.5,163.37,163.37,43772430
2023-02-24,163.33,165.5,163.1,164.3,164.3,37727230
2023-02-27,163.52,170.0,162.96,169.95,169.95,100133280
2023-02-28,170.5,171.92,168.37,169.82,169.82,80748140
2023-03-01,170.4,171.66,169.5,170.53,170.53,53784730
2023-03-02,170.4,170.4,166.55,168.05,168.05,86095640
2023-03-03,168.17,171.26,167.9,171.16,171.16,49566770
2023-03-06,172.14,172.99,171.35,171.84,171.84,64585290
2023-03-07,171.87,174.2,171.0,174.01,174.01,55287380
2023-03-09,174.85,174.89,172.21,172.55,172.55,80393110
2023-03-10,171.55,173.0,170.58,172.53,172.53,50256970
2023-03-13,172.5,173.9,169.26,172.15,172.15,74032280
2023-03-14,171.61,176.95,171.01,175.71,175.71,89325670
2023-03-15,176.0,177.37,173.59,175.3,175.3,79930290
2023-03-16,174.94,176.04,173.36,175.45,175.45,51534160
2023-03-17,183.0,193.66,178.56,193.59,193.59,388164850
2023-03-20,196.02,205.09,195.0,203.73,203.73,156714250
2023-03-21,204.76,208.0,201.25,203.32,203.32,122583960
2023-03-22,203.4,204.4,201.59,202.89,202.89,57568140
2023-03-23,202.53,204.2,202.22,202.58,202.58,26650230
2023-03-24,202.86,203.85,202.0,203.57,203.57,24325540
2023-03-27,204.01,213.2,204.01,211.84,211.84,101521380
2023-03-28,212.86,214.7,210.67,214.03,214.03,73901050
2023-03-29,214.85,219.53,213.6,217.99,217.99,96682530
2023-03-30,217.3,218.45,216.12,216.87,216.87,40886950
2023-03-31,217.2,217.35,211.3,216.6,216.6,88081360
2023-04-03,218.45,219.44,214.8,216.09,216.09,55175630
2023-04-04,216.2,217.29,213.8,214.83,214.83,45803380
2023-04-05,214.65,216.3,211.4,216.15,216.15,46177490
2023-04-06,216.3,217.38,214.07,214.25,214.25,39061450
2023-04-07,214.5,216.39,213.65,216.27,216.27,29198130
2023-04-10,217.1,222.26,216.61,222.21,222.21,85196000
2023-04-11,222.9,223.33,217.62,218.6,218.6,98538370
2023-04-12,218.6,219.7,216.67,219.22,219.22,44767540
2023-04-13,219.49,220.89,218.0,219.85,219.85,32672160
2023-04-14,220.0,222.5,218.51,221.87,221.87,43316040
2023-04-17,222.98,228.2,222.91,228.1,228.1,78797270
2023-04-18,227.89,232.76,227.05,232.66,232.66,97770120
2023-04-19,232.67,237.37,231.1,232.95,232.95,115713300
2023-04-20,233.32,236.47,229.84,236.28,236.28,85093750
2023-04-21,237.4,238.85,233.52,235.17,235.17,115905760
2023-04-24,235.07,236.4,234.1,235.1,235.1,30536770
2023-04-25,235.13,235.82,234.21,235.3,235.3,32187450
2023-04-26,235.6,235.95,234.91,235.21,235.21,24430320
2023-04-27,235.59,240.74,235.13,240.38,240.38,68311610
2023-04-28,240.9,241.58,237.66,240.38,240.38,49583350
2023-05-02,242.2,245.0,237.4,242.62,242.62,83957810
2023-05-03,242.85,242.99,234.0,235.77,235.77,76827180
2023-05-04,236.89,239.74,236.05,238.89,238.89,53079590
2023-05-05,239.24,240.66,237.3,237.7,237.7,61366140
2023-05-08,238.69,239.86,237.36,238.27,238.27,47865890
2023-05-10,216.5,227.5,215.7,227.06,227.06,156874740
2023-05-11,228.87,235.38,223.94,229.32,229.32,197302410
2023-05-12,231.0,232.47,226.15,229.29,229.29,70528170
2023-05-15,230.51,231.75,228.52,231.7,231.7,49090190
2023-05-16,232.4,232.86,229.57,230.62,230.62,36613690
2023-05-17,229.86,230.97,228.75,230.55,230.55,31770380
2023-05-18,231.7,234.49,230.72,231.7,231.7,56228190
2023-05-19,230.99,232.3,229.81,231.27,231.27,31639980
2023-05-22,232.2,232.78,230.0,231.0,231.0,26487190
2023-05-23,231.25,237.29,230.21,236.43,236.43,63010540
2023-05-24,237.49,246.13,236.26,246.06,246.06,86011970
2023-05-25,246.1,247.4,242.65,243.76,243.76,70882360
2023-05-26,243.45,249.64,242.81,248.1,248.1,69202730
2023-05-29,249.78,252.59,248.85,251.18,251.18,67999610
2023-05-30,248.84,250.85,243.8,244.65,244.65,83533260
2023-05-31,244.0,247.18,240.27,246.17,246.17,72912500
2023-06-01,247.0,247.0,240.57,241.66,241.66,52046910
2023-06-02,242.0,245.5,240.77,243.95,243.95,46542940
2023-06-05,243.51,244.15,235.1,237.12,237.12,78742190
2023-06-06,235.92,242.1,232.54,240.91,240.91,100640180
2023-06-07,241.2,244.39,238.56,241.25,241.25,63130930
2023-06-08,241.3,242.78,239.55,241.77,241.77,29945470
2023-06-09,242.8,243.0,240.11,240.4,240.4,27569100
2023-06-13,241.51,244.5,240.63,244.33,244.33,40551890
2023-06-14,245.7,247.68,242.8,244.6,244.6,52205640
2023-06-15,245.11,245.94,243.22,245.18,245.18,40063590
2023-06-16,245.5,245.9,243.7,243.87,243.87,23441160
2023-06-19,244.47,244.69,241.32,242.28,242.28,29844240
2023-06-20,241.99,242.22,238.82,241.74,241.74,36621960
2023-06-21,241.9,243.92,240.6,242.2,242.2,26830770
2023-06-22,242.15,242.8,240.13,240.66,240.66,23136750
2023-06-23,239.98,240.99,234.34,235.67,235.67,61886110
2023-06-26,239.6,240.5,233.4,238.4,238.4,82016390
2023-06-27,239.02,242.34,236.8,241.21,241.21,51466410
2023-06-28,241.8,241.8,238.6,239.67,239.67,28310570
2023-06-29,239.94,241.26,239.02,239.99,239.99,28192150
2023-06-30,240.0,240.68,238.36,239.61,239.61,24051460
2023-07-03,240.0,244.56,239.15,243.33,243.33,47333310
2023-07-04,243.4,243.78,240.61,240.7,240.7,41561500
2023-07-05,241.49,241.9,240.24,240.95,240.95,19972080
2023-07-06,241.47,242.47,240.71,240.96,240.96,23260340
2023-07-07,241.49,243.75,240.7,243.67,243.67,30275210
2023-07-10,244.21,249.45,244.2,249.4,249.4,65076680
2023-07-11,250.01,250.2,246.51,247.99,247.99,49590820
2023-07-12,248.4,249.2,246.1,247.52,247.52,39316540
2023-07-13,247.97,248.15,245.34,246.19,246.19,29561460
2023-07-14,246.32,247.05,244.51,246.45,246.45,25661560
2023-07-17,244.77,246.2,243.6,245.39,245.39,36193390
2023-07-18,245.8,247.5,245.26,246.77,246.77,36008340
2023-07-19,247.25,248.1,245.0,245.85,245.85,31451760
2023-07-20,246.27,246.27,242.15,242.7,242.7,36027010
2023-07-21,243.18,244.53,241.7,244.13,244.13,32271770
2023-07-24,244.0,245.85,243.52,244.87,244.87,19769440
2023-07-25,245.48,247.77,244.81,247.2,247.2,39733390
2023-07-26,247.2,248.33,245.9,247.05,247.05,26119270
2023-07-27,247.5,249.3,247.24,247.95,247.95,39793470
2023-07-28,248.0,249.45,246.67,249.25,249.25,35776620
2023-07-31,251.33,267.77,251.33,267.4,267.4,167914420
2023-08-01,269.0,273.35,264.1,268.5,268.5,162988910
2023-08-02,268.5,269.97,266.52,268.57,268.57,48418320
2023-08-03,269.0,271.35,266.8,269.11,269.11,75757120
2023-08-04,269.48,272.96,261.21,264.12,264.12,132212230
2023-08-07,266.54,268.09,260.5,261.92,261.92,61531090
2023-08-08,261.92,265.44,258.8,264.62,264.62,65114820
2023-08-09,265.47,265.8,263.05,263.91,263.91,34994150
2023-08-10,264.73,267.5,263.96,266.91,266.91,37292060
2023-08-11,267.26,267.4,264.8,266.23,266.23,24846460
2023-08-14,267.37,268.77,259.15,260.45,260.45,86724810
2023-08-15,259.0,264.17,256.63,260.42,260.42,59232630
2023-08-16,261.29,261.68,254.33,256.02,256.02,71823620
2023-08-17,257.15,258.8,255.5,258.5,258.5,35937920
2023-08-18,258.4,261.37,257.35,261.14,261.14,31064600
2023-08-21,262.44,263.06,259.51,261.15,261.15,35766040
2023-08-22,261.92,262.11,259.81,261.45,261.45,25953320
2023-08-23,261.5,261.83,256.0,256.4,256.4,53116160
2023-08-24,257.63,259.94,256.4,259.63,259.63,26979270
2023-08-25,258.8,261.6,257.61,260.5,260.5,28575150
2023-08-28,261.32,267.83,260.81,266.93,266.93,57897070
2023-08-29,266.7,267.56,265.14,265.68,265.68,35407330
2023-08-30,265.68,267.36,263.1,264.7,264.7,38604380
2023-08-31,265.04,266.25,264.3,264.85,264.85,22582290
2023-09-01,265.4,265.62,264.06,265.0,265.0,19265170
2023-09-04,266.5,269.11,266.0,267.39,267.39,48140770
2023-09-05,266.74,267.98,261.09,264.75,264.75,39811860
2023-09-06,264.33,264.68,262.31,263.5,263.5,28341890
2023-09-07,263.69,264.97,256.1,258.79,258.79,67688600
2023-09-08,258.08,259.33,253.1,255.68,255.68,49562810
2023-09-11,257.0,258.37,255.16,256.25,256.25,43282460
2023-09-12,257.7,262.4,257.09,262.4,262.4,45160820
2023-09-13,262.4,262.77,257.59,258.18,258.18,30051360
2023-09-14,258.9,261.38,255.02,260.0,260.0,46227900
2023-09-15,259.65,262.74,258.56,260.83,260.83,35581630
2023-09-18,262.02,263.0,258.76,259.07,259.07,29037560
2023-09-19,258.99,259.32,251.5,252.72,252.72,89551540
2023-09-20,252.8,255.47,249.82,253.77,253.77,66831270
2023-09-21,252.87,254.2,249.81,250.16,250.16,58913730
2023-09-22,249.85,253.1,248.62,251.99,251.99,40714900
2023-09-25,252.0,253.49,249.83,252.65,252.65,31863690
2023-09-26,252.13,257.17,250.9,255.87,255.87,42960400
2023-09-27,256.2,257.85,254.63,256.1,256.1,27880630
2023-09-28,256.4,258.25,255.5,257.67,257.67,26331160
2023-09-29,258.0,262.59,256.71,260.72,260.72,68533310
2023-10-02,261.37,261.92,257.03,258.98,258.98,35574470
2023-10-03,258.99,260.5,257.23,259.65,259.65,23911430
2023-10-04,259.0,260.39,258.24,259.53,259.53,18571620
2023-10-05,260.7,261.39,258.26,259.38,259.38,23501620
2023-10-06,259.77,263.4,257.86,262.93,262.93,32001280
2023-10-09,263.0,265.97,263.0,265.25,265.25,45447720
2023-10-10,264.89,265.18,257.0,263.0,263.0,34001290
2023-10-11,263.3,263.99,259.5,260.21,260.21,29495790
2023-10-12,260.0,264.5,259.66,264.5,264.5,27549160
2023-10-13,264.89,265.04,262.7,263.51,263.51,18408670
2023-10-16,264.0,269.2,263.51,268.15,268.15,53723180
2023-10-17,268.3,271.97,266.91,270.0,270.0,51214360
2023-10-18,270.0,271.19,266.11,267.9,267.9,40380530
2023-10-19,267.13,271.0,266.28,268.65,268.65,33532880
2023-10-20,268.5,270.3,266.5,269.8,269.8,32879730
2023-10-23,270.45,274.1,269.65,270.1,270.1,62432160
2023-10-24,270.0,272.06,268.62,271.27,271.27,28029860
2023-10-25,271.5,274.96,270.53,273.73,273.73,41830970
2023-10-26,274.11,276.0,269.12,269.9,269.9,59497750
2023-10-27,269.93,271.98,266.8,269.7,269.7,49779630
2023-10-30,269.9,271.55,268.6,269.89,269.89,33345990
2023-10-31,270.0,270.5,266.87,268.35,268.35,26210450
2023-11-01,268.29,270.3,267.6,269.68,269.68,20609480
2023-11-02,270.0,270.98,268.5,269.06,269.06,25751530
2023-11-03,269.07,269.78,267.2,268.54,268.54,20981280
2023-11-06,269.0,273.87,268.62,273.42,273.42,29274160
2023-11-07,273.01,274.78,272.2,273.31,273.31,32275170
2023-11-08,273.64,278.35,273.28,278.15,278.15,58032670
2023-11-09,278.6,278.85,276.02,276.65,276.65,28430630
2023-11-10,276.99,281.3,276.6,280.19,280.19,44643290
2023-11-13,280.4,284.8,280.32,283.97,283.97,45887770
2023-11-14,283.7,283.88,280.54,280.87,280.87,40484810
2023-11-15,280.87,283.93,278.51,282.89,282.89,41837690
2023-11-16,282.4,283.69,279.56,279.7,279.7,24696600
2023-11-17,279.7,282.5,278.66,281.6,281.6,31322320
2023-11-20,281.96,284.2,281.61,282.91,282.91,25291010
2023-11-21,282.3,283.82,281.66,282.79,282.79,19099390
2023-11-22,283.12,286.67,282.85,286.16,286.16,47296890
2023-11-23,286.16,287.77,285.04,286.19,286.19,27724080
2023-11-24,286.49,287.5,285.11,286.85,286.85,26067870
2023-11-27,287.4,289.0,278.88,282.33,282.33,79146090
2023-11-28,282.4,282.51,277.32,279.91,279.91,45507410
2023-11-29,279.36,280.56,276.2,276.8,276.8,29820830
2023-11-30,276.7,278.65,272.75,277.5,277.5,55873540
2023-12-01,277.0,277.98,273.55,273.97,273.97,31660970
2023-12-04,273.6,274.95,270.52,270.96,270.96,37700740
2023-12-05,271.98,279.65,270.54,279.62,279.62,46892570
2023-12-06,279.92,280.79,266.83,267.58,267.58,100020030
2023-12-07,267.62,270.44,263.06,265.12,265.12,63564530
2023-12-08,266.0,268.23,263.72,265.16,265.16,35364310
2023-12-11,265.17,266.47,254.81,256.89,256.89,77668070
2023-12-12,256.79,262.88,255.05,257.6,257.6,63932170
2023-12-13,257.6,261.39,256.5,260.45,260.45,29836400
2023-12-14,261.4,262.75,255.58,256.64,256.64,40549660
2023-12-15,256.6,268.91,256.6,268.21,268.21,84668740
2023-12-18,268.93,270.44,266.54,268.4,268.4,51602470
2023-12-19,268.38,269.71,265.0,267.35,267.35,38287810
2023-12-20,267.51,269.1,266.2,266.61,266.61,31094000
2023-12-21,266.4,266.87,263.5,265.19,265.19,33301420
2023-12-22,266.06,271.9,265.37,271.3,271.3,58724860
2023-12-25,271.72,273.85,270.05,271.08,271.08,38115690
2023-12-26,271.0,272.89,270.0,271.9,271.9,22658320
2023-12-27,271.9,272.59,270.85,271.08,271.08,17214050
2023-12-28,270.92,272.48,268.52,271.74,271.74,29439730
2023-12-29,272.19,272.59,270.55,270.82,270.82,20810540
2024-01-03,271.9,274.7,271.0,274.56,274.56,20586020
2024-01-04,274.67,275.48,273.7,274.12,274.12,11729380
2024-01-05,274.3,274.69,272.8,273.62,273.62,9635550
2024-01-08,273.6,277.0,273.53,276.76,276.76,21489440
2024-01-09,276.97,278.0,274.71,275.28,275.28,20316030
2024-01-10,275.3,276.16,273.64,274.49,274.49,20660410
2024-01-11,274.78,275.97,274.01,275.71,275.71,19526030
2024-01-12,276.0,276.96,274.77,275.84,275.84,17702040
2024-01-15,276.45,277.73,275.21,275.96,275.96,21397690
2024-01-16,276.22,276.45,274.1,276.01,276.01,16110240
2024-01-17,276.02,279.17,275.75,278.0,278.0,34256680
2024-01-18,278.24,278.87,276.76,277.07,277.07,17701680
2024-01-19,277.39,277.47,273.55,274.86,274.86,28052580
2024-01-22,274.86,275.9,273.85,274.93,274.93,15086860
2024-01-23,274.7,277.26,274.31,275.9,275.9,20092540
2024-01-24,275.9,276.44,273.7,273.77,273.77,20203730
2024-01-25,274.0,274.18,271.55,272.81,272.81,24436130
2024-01-26,273.1,273.72,272.21,272.65,272.65,11131250
2024-01-29,273.02,274.95,272.7,274.05,274.05,17095190
2024-01-30,274.01,277.25,273.97,275.67,275.67,27236150
2024-01-31,275.84,276.45,275.0,276.0,276.0,12543740
2024-02-01,276.03,277.75,275.93,276.86,276.86,15976730
2024-02-02,277.0,277.3,276.0,276.74,276.74,12718190
2024-02-05,277.0,278.57,276.9,277.84,277.84,16056990
2024-02-06,278.0,278.99,277.3,278.67,278.67,15960270
2024-02-07,278.82,284.5,278.81,284.41,284.41,45372390
2024-02-08,284.52,286.24,281.25,282.17,282.17,44132450
2024-02-09,282.17,284.0,281.5,283.5,283.5,24378920
2024-02-12,283.66,287.84,283.5,287.28,287.28,33890070
2024-02-13,287.52,289.0,285.4,287.07,287.07,33307500
2024-02-14,287.07,290.6,286.84,289.06,289.06,35874260
2024-02-15,289.3,290.45,287.63,290.24,290.24,25912290
2024-02-16,290.47,292.3,286.25,288.33,288.33,53446950
2024-02-19,288.51,289.98,287.07,288.93,288.93,24327480
2024-02-20,289.2,289.28,283.29,283.9,283.9,44972610
2024-02-21,283.9,285.28,280.2,282.0,282.0,48915360
2024-02-22,282.1,285.05,282.1,284.77,284.77,25175120
2024-02-26,288.52,291.3,287.0,291.25,291.25,42969530
2024-02-27,291.35,293.0,290.55,292.52,292.52,32504830
2024-02-28,292.6,293.95,289.75,291.75,291.75,49330680
2024-02-29,292.31,293.2,291.3,292.19,292.19,22436940
2024-03-01,292.2,295.88,292.2,295.38,295.38,27129280
2024-03-04,295.87,299.5,295.8,299.17,299.17,40609910
2024-03-05,299.33,300.41,297.57,298.4,298.4,41756340
2024-03-06,298.2,299.33,296.82,297.71,297.71,17756170
2024-03-07,297.72,300.58,297.24,300.4,300.4,21982790
2024-03-11,301.0,302.95,298.5,299.79,299.79,41781940
2024-03-12,299.6,301.07,297.34,300.9,300.9,28743980
2024-03-13,301.2,301.49,298.7,298.85,298.85,24012100
2024-03-14,298.5,298.7,295.14,295.83,295.83,42205930
2024-03-15,295.71,299.44,295.29,298.3,298.3,26040280
2024-03-18,299.4,299.98,297.63,298.87,298.87,20281860
2024-03-19,298.3,299.4,294.21,295.2,295.2,59714940
2024-03-20,295.3,296.88,293.52,295.4,295.4,30703230
2024-03-21,295.99,297.3,291.8,295.62,295.62,70680800
2024-03-22,295.77,296.79,291.05,292.99,292.99,48982100
2024-03-25,294.0,294.93,292.13,293.9,293.9,25567820
2024-03-26,294.5,295.82,293.04,294.11,294.11,16295560
2024-03-27,294.47,295.11,293.47,295.1,295.1,14560090
2024-03-28,295.5,299.3,295.5,299.0,299.0,33675160
2024-03-29,299.38,299.5,298.0,298.72,298.72,17705950
2024-04-01,300.0,301.65,299.5,300.43,300.43,28662870
2024-04-02,300.43,300.99,298.95,300.38,300.38,19980460
2024-04-03,300.4,307.13,300.17,306.72,306.72,58228980
2024-04-04,306.8,307.77,304.36,304.61,304.61,29074900
2024-04-05,304.62,306.5,303.7,306.1,306.1,19355990
2024-04-08,306.5,308.6,306.22,307.75,307.75,24899610
2024-04-09,308.1,309.35,305.51,306.76,306.76,32044440
2024-04-10,306.76,307.14,304.62,306.48,306.48,20682180
2024-04-11,306.7,308.0,305.7,306.95,306.95,20527000
2024-04-12,307.4,307.87,306.3,307.1,307.1,16025300
2024-04-15,307.47,308.39,306.64,307.99,307.99,20746510
2024-04-16,308.0,308.65,307.0,308.29,308.29,17135850
2024-04-17,308.65,309.74,305.91,306.59,306.59,28227330
2024-04-18,306.01,308.29,305.05,307.99,307.99,20387560
2024-04-19,308.0,308.38,306.8,307.38,307.38,14578320
2024-04-22,308.0,315.0,307.38,314.99,314.99,69006740
2024-04-23,315.39,315.79,306.26,307.39,307.39,92863630
2024-04-24,307.5,309.79,306.65,307.94,307.94,26557490
2024-04-25,307.95,309.07,307.45,308.41,308.41,15946760
2024-04-26,308.5,309.9,308.0,309.0,309.0,21146360
2024-04-27,309.25,309.99,308.7,308.98,308.98,13111060
2024-04-29,309.14,309.6,307.65,308.97,308.97,10025690
2024-04-30,309.19,309.49,308.03,308.24,308.24,5980690
2024-05-02,308.7,309.19,306.8,307.37,307.37,16262520
2024-05-03,307.11,308.29,304.34,307.53,307.53,30466990
2024-05-06,308.1,308.1,305.55,306.01,306.01,19203550
2024-05-07,306.23,308.87,306.21,308.22,308.22,16616810
2024-05-08,308.41,311.83,308.08,311.21,311.21,33881400
2024-05-10,311.5,313.5,311.31,313.49,313.49,16715650
2024-05-13,314.1,315.7,314.04,314.85,314.85,21712460
2024-05-14,315.0,318.41,313.58,318.12,318.12,35247320
2024-05-15,318.2,320.16,317.7,319.7,319.7,28351820
2024-05-16,320.0,322.91,320.0,322.91,322.91,27847220
2024-05-17,322.96,323.5,320.02,323.16,323.16,24398590
2024-05-20,324.0,324.85,318.94,321.08,321.08,36736790
2024-05-21,320.88,322.23,318.0,320.64,320.64,34019460
2024-05-22,320.8,323.1,320.8,322.93,322.93,18651840
2024-05-23,322.8,324.0,321.23,323.54,323.54,17865490
2024-05-24,323.83,324.48,319.78,321.0,321.0,26594700
2024-05-27,321.01,321.95,315.5,317.09,317.09,45712960
2024-05-28,317.5,320.9,315.82,318.22,318.22,30187790
2024-05-29,318.25,320.4,315.92,320.38,320.38,22989260
2024-05-30,320.91,321.55,316.0,316.63,316.63,27005390
2024-05-31,316.0,318.49,309.8,313.11,313.11,49206450
2024-06-03,313.5,315.5,305.0,310.95,310.95,61860770
2024-06-04,310.98,316.5,308.8,316.49,316.49,33070240
2024-06-05,316.63,318.28,313.85,314.72,314.72,27792110
2024-06-06,314.7,316.45,311.15,313.08,313.08,28328920
2024-06-07,313.8,320.64,312.73,319.9,319.9,44484260
2024-06-10,320.8,321.98,315.21,317.28,317.28,26344630
2024-06-11,317.5,319.84,315.88,317.8,317.8,20064950
2024-06-13,305.7,317.82,304.14,317.71,317.71,41281520
2024-06-14,317.8,320.7,316.2,319.35,319.35,21488970
2024-06-17,320.0,320.45,316.85,317.65,317.65,15476190
2024-06-18,317.65,318.0,313.02,314.34,314.34,22024090
2024-06-19,314.38,314.78,307.51,310.7,310.7,42183660
2024-06-20,310.7,314.72,306.02,314.15,314.15,72789950
2024-06-21,315.0,316.0,312.6,314.14,314.14,29116600
2024-06-24,314.7,319.0,314.14,317.25,317.25,29607080
2024-06-25,317.5,319.89,316.28,319.8,319.8,25978180
2024-06-26,320.1,324.56,319.8,324.55,324.55,42491110
2024-06-27,324.8,327.83,322.63,327.16,327.16,46771370
2024-06-28,327.87,329.3,325.8,327.15,327.15,40451800
2024-07-01,327.64,329.0,326.25,327.1,327.1,31710510
2024-07-02,327.35,328.87,326.82,328.37,328.37,21155650
2024-07-03,328.58,330.45,327.0,328.2,328.2,32156700
2024-07-04,328.39,329.57,323.81,324.66,324.66,40766110
2024-07-05,324.71,327.0,321.01,325.0,325.0,40433010
2024-07-08,325.76,327.44,323.74,324.07,324.07,27756900
2024-07-09,324.3,325.33,317.5,319.99,319.99,54199810
2024-07-10,319.0,320.3,314.3,316.68,316.68,88512550
2024-07-11,289.96,296.98,285.22,295.87,295.87,168030600
2024-07-12,296.0,297.48,290.97,292.21,292.21,49999170
2024-07-15,293.0,293.86,283.5,284.38,284.38,58737560
2024-07-16,284.49,285.69,276.7,285.25,285.25,82870860
2024-07-17,285.84,289.96,283.23,284.68,284.68,42824670
2024-07-18,284.68,289.99,282.73,289.83,289.83,34090360
2024-07-19,290.67,292.58,289.2,289.9,289.9,31022060
2024-07-22,291.0,294.95,291.0,294.71,294.71,33386610
2024-07-23,295.47,295.48,293.36,294.39,294.39,22190840
2024-07-24,294.39,296.67,293.2,295.69,295.69,24565710
2024-07-25,295.69,297.3,294.2,296.37,296.37,22868740
2024-07-26,296.4,300.0,292.67,293.3,293.3,84909830
2024-07-29,293.0,293.0,286.0,286.58,286.58,52445850
2024-07-30,286.5,291.99,284.32,290.0,290.0,42572480
2024-07-31,290.47,291.2,288.01,289.3,289.3,25974520
2024-08-01,289.87,290.69,287.04,287.21,287.21,18646450
2024-08-02,287.21,287.99,284.37,286.04,286.04,30086580
2024-08-05,282.79,283.46,275.17,275.49,275.49,82141460
2024-08-06,277.01,281.16,276.35,279.4,279.4,43600150
2024-08-07,280.0,283.27,277.21,282.2,282.2,48494490
2024-08-08,283.4,285.42,280.0,281.09,281.09,42425830
2024-08-09,281.0,282.67,279.62,281.44,281.44,22302730
2024-08-12,280.01,281.5,278.03,280.74,280.74,27767330
2024-08-13,281.05,284.33,280.42,283.92,283.92,24058790
2024-08-14,284.3,284.7,280.12,280.32,280.32,21757040
2024-08-15,280.5,280.85,276.73,278.01,278.01,28665290
2024-08-16,278.05,279.0,274.32,274.6,274.6,26195850
2024-08-19,275.0,275.56,265.02,268.17,268.17,68626200
2024-08-20,268.35,269.49,263.36,266.2,266.2,54276130
2024-08-21,266.2,267.8,263.86,266.93,266.93,37127480
2024-08-22,266.93,268.5,260.15,261.6,261.6,47907530
2024-08-23,261.61,262.8,255.56,259.5,259.5,76719180
2024-08-26,263.55,266.95,261.54,265.39,265.39,49974250
2024-08-27,265.83,266.07,259.82,260.5,260.5,32345170
2024-08-28,259.9,262.47,254.99,262.47,262.47,47867970
2024-08-29,262.58,264.19,258.36,260.31,260.31,34802250
2024-08-30,260.5,261.8,254.0,254.45,254.45,46118490
2024-09-02,254.03,254.2,242.65,244.31,244.31,97662430
2024-09-03,244.4,250.0,240.01,244.04,244.04,105673360
2024-09-04,244.51,253.5,242.8,253.01,253.01,70652080
2024-09-05,255.0,258.17,251.11,252.82,252.82,78616830
2024-09-06,253.01,255.35,250.31,254.77,254.77,41336330
2024-09-09,256.32,263.45,255.3,263.31,263.31,66128940
2024-09-10,264.61,264.61,258.7,261.29,261.29,57937830
2024-09-11,260.31,262.0,257.5,258.2,258.2,38293710
2024-09-12,257.8,258.68,252.85,254.93,254.93,46358080
2024-09-13,255.19,259.92,248.75,258.25,258.25,111180360
2024-09-16,259.64,264.37,257.8,263.79,263.79,52643180
2024-09-17,264.12,267.0,260.55,265.99,265.99,57565620
2024-09-18,265.73,267.99,263.15,263.4,263.4,43376640
2024-09-19,263.94,266.19,262.32,264.5,264.5,35683170
2024-09-20,264.52,269.21,264.5,269.08,269.08,38767000
2024-09-23,269.3,273.8,269.3,273.17,273.17,49396850
2024-09-24,273.9,273.94,270.5,272.92,272.92,36984140
2024-09-25,272.92,273.8,267.3,267.8,267.8,43803870
2024-09-26,267.54,269.76,265.41,267.88,267.88,31888540
2024-09-27,268.9,269.7,267.17,268.07,268.07,18889430
2024-09-30,269.26,272.33,268.14,268.49,268.49,42519740
2024-10-01,267.6,268.68,264.0,266.29,266.29,52125800
2024-10-02,266.01,268.0,258.52,259.31,259.31,46519200
2024-10-03,259.31,264.49,257.2,264.25,264.25,56534560
2024-10-04,264.96,265.44,262.11,264.09,264.09,25992290
2024-10-07,264.25,267.0,261.37,263.39,263.39,28940600
2024-10-08,263.0,263.8,261.89,262.4,262.4,16163780
2024-10-09,262.42,263.8,259.59,260.86,260.86,25021350
2024-10-10,260.88,261.64,258.91,259.98,259.98,17677230
2024-10-11,259.8,260.07,256.8,256.94,256.94,24848580
2024-10-14,256.15,263.91,254.1,261.28,261.28,64205680
2024-10-15,260.94,263.7,259.84,262.03,262.03,26247370
2024-10-16,262.05,264.72,258.45,259.5,259.5,40206260
2024-10-17,259.5,260.45,256.03,256.57,256.57,24658790
2024-10-18,256.21,258.9,254.41,257.19,257.19,30020250
2024-10-21,257.3,259.85,256.78,258.21,258.21,21471680
2024-10-22,258.1,258.8,255.25,255.42,255.42,17064680
2024-10-23,255.1,255.9,251.34,252.01,252.01,30420950
2024-10-24,252.01,254.27,250.25,252.64,252.64,28764370
2024-10-25,252.72,255.35,245.7,246.35,246.35,80587930
2024-10-28,245.02,249.0,241.61,242.56,242.56,71940990
2024-10-29,243.2,244.6,239.88,242.66,242.66,47134580
2024-10-30,242.7,246.22,241.11,241.45,241.45,39826840
2024-10-31,241.4,242.8,236.23,237.9,237.9,57274130
2024-11-01,237.9,239.1,234.57,238.03,238.03,48370770
2024-11-02,237.9,240.0,237.71,238.97,238.97,14895450
2024-11-05,239.6,241.2,238.07,239.23,239.23,28172270
2024-11-06,247.0,248.56,242.05,243.6,243.6,78965200
2024-11-07,243.26,251.0,242.16,250.93,250.93,44425190
2024-11-08,251.5,255.99,250.5,255.98,255.98,58086370
2024-11-11,257.99,261.3,256.49,260.73,260.73,67847940
2024-11-12,259.99,260.7,255.27,255.77,255.77,40926850
2024-11-13,255.29,258.96,254.05,254.7,254.7,44540020
2024-11-14,254.26,255.92,248.6,249.52,249.52,49011750
2024-11-15,249.31,254.43,248.05,253.43,253.43,44201700
2024-11-18,249.0,251.94,247.3,248.72,248.72,51559910
2024-11-19,249.03,249.83,239.62,240.59,240.59,75474680
2024-11-20,241.82,243.59,234.74,237.05,237.05,70349830
2024-11-21,237.15,240.94,234.0,240.47,240.47,75143570
2024-11-22,240.5,241.0,234.78,236.0,236.0,45621420
2024-11-25,236.0,237.1,227.25,227.81,227.81,76469770
2024-11-26,227.8,231.9,221.2,223.16,223.16,96795030
2024-11-27,223.9,226.47,219.2,226.3,226.3,112457620
2024-11-28,227.0,229.5,222.48,228.56,228.56,67840700
2024-11-29,228.48,236.99,227.55,236.49,236.49,70303900
2024-12-02,237.02,238.7,234.32,235.17,235.17,45142250
2024-12-03,235.29,235.97,230.26,230.8,230.8,45322870
2024-12-04,231.0,233.79,224.3,224.55,224.55,72417390
2024-12-05,224.57,233.75,222.82,233.48,233.48,86989140
2024-12-06,233.63,238.25,231.52,237.84,237.84,81096070
2024-12-09,239.29,240.51,236.75,237.29,237.29,52493640
2024-12-10,238.0,238.01,230.65,230.82,230.82,58740230
2024-12-11,230.5,234.39,229.22,234.19,234.19,64914300
2024-12-12,234.0,235.95,228.52,229.02,229.02,59171170
2024-12-13,228.9,231.33,227.85,228.7,228.7,46124660
2024-12-16,228.62,229.05,224.38,225.53,225.53,54593280
2024-12-17,225.6,227.49,223.72,226.5,226.5,45885470
2024-12-18,226.72,230.8,224.33,230.15,230.15,58056480
2024-12-19,230.16,234.99,227.71,229.0,229.0,124061370
2024-12-20,229.1,258.98,228.03,257.6,257.6,235186220
2024-12-23,260.0,270.0,256.51,264.9,264.9,163165650
2024-12-24,264.94,266.79,261.02,264.34,264.34,83808660
2024-12-25,263.62,273.0,260.31,271.69,271.69,125539910
2024-12-26,272.0,274.25,269.1,269.56,269.56,75735270
2024-12-27,269.61,272.16,268.57,271.2,271.2,52144690
2024-12-28,271.35,273.99,270.4,272.83,272.83,39585910
2024-12-30,274.0,279.49,273.7,279.43,279.43,52633750
2025-01-03,280.0,280.41,271.8,272.25,272.25,43086870
2025-01-06,270.88,274.41,270.07,274.37,274.37,28454750
2025-01-08,273.07,277.87,273.07,277.0,277.0,26634660
2025-01-09,276.71,278.77,270.73,271.8,271.8,52952880
2025-01-10,272.31,279.53,270.27,278.77,278.77,71154220
2025-01-13,280.62,284.75,278.6,279.8,279.8,66601710
2025-01-14,279.84,282.36,277.41,279.85,279.85,46037150
2025-01-15,280.0,282.82,276.06,282.77,282.77,52864450
2025-01-16,283.7,284.0,281.18,281.8,281.8,49453530
2025-01-17,282.2,284.64,280.19,283.53,283.53,51876150
2025-01-20,285.1,286.23,277.61,278.19,278.19,67946640
2025-01-21,279.39,281.85,276.32,281.85,281.85,40478260
2025-01-22,282.0,284.0,280.2,280.36,280.36,47106880
2025-01-23,280.79,280.79,277.35,280.49,280.49,38573410
2025-01-24,281.0,282.75,279.25,280.74,280.74,32155210
2025-01-27,280.72,280.97,275.01,275.23,275.23,39035610
2025-01-28,275.25,279.26,274.01,278.35,278.35,39030820
2025-01-29,278.0,282.18,277.12,280.36,280.36,39161630
2025-01-30,280.44,282.5,280.36,281.97,281.97,28020880
2025-01-31,281.97,284.11,280.27,280.73,280.73,40333120
2025-02-03,280.21,280.35,278.0,279.55,279.55,30373760
2025-02-04,279.55,281.41,275.7,277.4,277.4,23986670
2025-02-05,277.3,283.89,275.34,282.88,282.88,43070410
2025-02-06,283.89,288.92,282.09,287.15,287.15,69363150
2025-02-07,287.66,288.9,285.08,285.81,285.81,27626070
2025-02-10,287.61,294.55,287.61,289.94,289.94,73052590
2025-02-11,290.35,294.1,289.3,294.06,294.06,56009830
2025-02-12,294.3,314.4,291.3,314.0,314.0,185816680
2025-02-13,315.61,318.72,307.2,310.1,310.1,116925810
2025-02-14,315.59,317.84,303.06,309.87,309.87,126690930
2025-02-17,314.0,319.55,312.31,319.5,319.5,84827010
2025-02-18,319.99,320.92,310.21,312.95,312.95,85001770
2025-02-19,313.53,317.25,311.01,315.91,315.91,50484340
2025-02-20,315.91,317.96,314.02,315.05,315.05,33164900
2025-02-21,315.48,316.69,312.0,314.74,314.74,32725520
2025-02-24,314.92,316.4,313.0,316.03,316.03,35730390
2025-02-25,316.03,318.59,315.62,316.97,316.97,38826960
2025-02-26,316.97,317.45,308.31,310.22,310.22,73827020
2025-02-27,310.22,312.45,305.43,307.1,307.1,60936490
2025-02-28,306.01,310.4,304.05,309.63,309.63,65681370
2025-03-01,309.84,310.94,309.47,310.11,310.11,1138430
2025-03-02,309.5,309.63,306.8,307.44,307.44,1885110
2025-03-03,306.45,307.92,300.2,305.5,305.5,66467290
2025-03-04,306.95,318.5,306.14,316.4,316.4,88130960
2025-03-05,316.4,318.3,313.0,313.56,313.56,57792400
2025-03-06,313.6,317.43,313.57,315.18,315.18,31963110
2025-03-07,315.19,321.87,310.69,316.92,316.92,110871260
2025-03-10,316.98,320.63,316.37,317.57,317.57,39315360
2025-03-11,317.7,321.98,315.57,319.69,319.69,64935150
2025-03-12,319.99,320.9,315.8,318.39,318.39,41964450
2025-03-13,318.39,320.5,312.5,316.37,316.37,78552090
2025-03-14,316.0,321.1,314.12,320.51,320.51,51762530
2025-03-15,320.69,321.3,319.82,320.74,320.74,1455280
2025-03-16,320.52,323.5,320.52,323.44,323.44,5680630
2025-03-17,323.44,326.97,322.62,326.02,326.02,58701560
2025-03-18,326.2,329.77,323.82,324.06,324.06,72947120
2025-03-19,324.5,326.88,322.3,325.3,325.3,39800890
2025-03-20,325.41,326.0,321.8,324.05,324.05,42356790
2025-03-21,323.8,326.08,322.15,323.26,323.26,28707780
2025-03-24,323.26,323.94,318.51,319.47,319.47,33041960
2025-03-25,320.0,322.2,314.65,319.8,319.8,48328480
2025-03-26,319.9,320.88,315.01,315.23,315.23,20580040
2025-03-27,315.51,317.16,311.95,311.96,311.96,36146350
2025-03-28,311.96,313.65,305.65,308.04,308.04,51876870
2025-03-29,307.8,308.3,302.64,303.89,303.89,5739820
2025-03-30,303.2,305.3,298.8,299.22,299.22,9158830
2025-03-31,300.0,310.88,300.0,309.72,309.72,48565800
2025-04-01,310.5,312.9,302.7,303.24,303.24,46088340
2025-04-02,303.23,306.5,301.21,306.11,306.11,40207020
2025-04-03,306.21,309.2,296.0,302.09,302.09,52408560
2025-04-04,303.55,304.37,284.4,285.35,285.35,88719200
2025-04-05,285.25,287.03,280.11,284.98,284.98,14100160
2025-04-06,285.35,290.47,284.22,290.35,290.35,8755880
2025-04-07,285.3,294.0,275.76,287.56,287.56,125244840
2025-04-08,290.0,294.66,281.5,282.03,282.03,65532930
2025-04-09,280.91,294.48,276.33,293.4,293.4,109378190
2025-04-10,294.09,296.75,291.55,292.21,292.21,49360530
2025-04-11,293.0,300.48,292.8,299.81,299.81,50418210
2025-04-12,300.18,301.8,300.03,300.95,300.95,4615240
2025-04-13,300.88,301.99,300.01,301.49,301.49,4079210
2025-04-14,301.49,302.4,295.13,296.5,296.5,34768950
2025-04-15,296.51,300.45,295.6,297.99,297.99,24258710
2025-04-16,298.0,303.3,296.06,300.8,300.8,30103500
2025-04-17,300.89,305.07,300.41,304.8,304.8,37579800
2025-04-18,302.7,303.85,296.25,300.01,300.01,46147920
2025-04-21,302.67,308.7,301.76,308.12,308.12,51260130
2025-04-22,308.5,315.0,306.55,312.25,312.25,64482010
2025-04-23,313.0,314.98,305.55,310.0,310.0,58851190
2025-04-24,310.77,312.8,309.09,310.16,310.16,24120000
2025-04-25,310.85,317.87,310.71,316.69,316.69,51763570
2025-04-26,318.42,320.26,317.0,317.58,317.58,9511000
2025-04-27,318.2,318.97,317.39,318.18,318.18,2238080
2025-04-28,318.36,320.0,313.52,314.23,314.23,52315790
2025-04-29,314.99,315.45,308.1,309.41,309.41,30249990
2025-04-30,309.28,309.95,303.12,307.8,307.8,41266290
2025-05-02,307.8,307.8,299.7,299.96,299.96,19751770
2025-05-03,299.9,302.24,299.52,300.7,300.7,2942530
2025-05-04,300.7,302.78,300.02,301.8,301.8,2867700
2025-05-05,301.8,302.59,291.66,294.64,294.64,45508060
2025-05-06,294.65,304.75,292.05,302.02,302.02,49327640
2025-05-07,302.5,304.24,300.56,302.79,302.79,29667370
2025-05-08,302.9,306.0,300.61,302.15,302.15,20811410
2025-05-10,303.53,304.0,301.7,302.38,302.38,2084470
2025-05-11,305.85,307.64,304.55,305.48,305.48,8172680
2025-05-12,307.53,311.49,307.26,310.81,310.81,34702020
2025-05-13,310.8,312.5,309.61,311.24,311.24,24762720
2025-05-14,311.5,313.71,304.04,304.21,304.21,27152010
2025-05-15,304.2,307.77,300.49,304.72,304.72,47487250
2025-05-16,304.7,308.88,296.56,306.34,306.34,63956680
2025-05-17,306.34,309.48,306.01,308.89,308.89,4795590
2025-05-18,309.67,311.86,309.3,311.15,311.15,5402510
2025-05-19,311.5,313.0,306.34,308.33,308.33,44498890
2025-05-20,308.88,309.55,304.7,306.16,306.16,19810690
2025-05-21,306.17,307.56,302.89,303.98,303.98,20456330
2025-05-22,304.5,305.6,299.17,302.66,302.66,35013910
2025-05-23,302.66,305.0,301.33,302.22,302.22,17175890
2025-05-26,302.22,302.49,295.5,297.77,297.77,34631470
2025-05-27,297.73,299.9,293.08,298.7,298.7,25760040
2025-05-28,299.0,308.82,299.0,308.47,308.47,48001460
2025-05-29,308.61,309.95,305.66,306.65,306.65,24049740
2025-05-30,306.27,310.29,305.01,309.3,309.3,21916240
2025-05-31,309.31,309.84,308.31,308.74,308.74,1459500
2025-06-01,308.69,308.69,300.51,303.14,303.14,11904960
2025-06-02,302.6,311.99,302.0,309.63,309.63,41216150
2025-06-03,309.7,314.88,309.39,313.55,313.55,34937680
2025-06-04,314.0,318.29,311.17,313.23,313.23,53786160
2025-06-05,313.55,318.59,313.53,317.96,317.96,28359290
2025-06-06,318.35,325.43,312.52,313.13,313.13,102022760
2025-06-07,314.0,314.95,313.72,314.65,314.65,2022260
2025-06-08,314.66,314.88,313.61,314.35,314.35,1618500
2025-06-09,314.69,315.51,310.0,311.17,311.17,30113360
2025-06-10,311.21,313.3,307.55,308.68,308.68,27818280
2025-06-11,309.53,313.6,308.03,312.0,312.0,26275440
2025-06-13,313.28,313.39,309.53,310.2,310.2,13424610
2025-06-14,310.21,311.17,309.55,310.29,310.29,1445960
2025-06-15,310.97,311.4,309.74,310.09,310.09,1949530
2025-06-16,310.2,314.37,309.81,311.5,311.5,21327040
2025-06-17,311.61,314.93,310.5,313.56,313.56,23302090
2025-06-18,313.56,314.82,311.63,313.38,313.38,17607700
2025-06-19,313.41,316.45,312.14,312.46,312.46,30310650
2025-06-20,312.46,313.59,309.3,309.7,309.7,22045200
2025-06-23,310.9,311.44,308.04,310.17,310.17,15950290
2025-06-24,310.3,312.02,309.0,311.37,311.37,18994470
2025-06-25,311.65,314.29,311.57,313.78,313.78,20230110
2025-06-26,313.8,314.5,312.74,312.84,312.84,12976890
2025-06-27,313.03,315.5,313.0,315.18,315.18,19035650
2025-06-28,315.2,315.67,315.11,315.31,315.31,890790
2025-06-29,315.32,317.5,315.31,315.95,315.95,2641730
2025-06-30,315.95,317.7,314.6,316.15,316.15,26600320
2025-07-01,316.69,319.6,316.3,318.42,318.42,21887840
2025-07-02,318.96,319.85,317.41,319.43,319.43,20701250
2025-07-03,319.53,321.5,318.74,319.17,319.17,20286790
2025-07-04,318.85,321.41,317.5,319.44,319.44,17811390
2025-07-05,319.5,320.6,319.5,319.55,319.55,671870
2025-07-06,319.65,319.7,319.29,319.37,319.37,416040
2025-07-07,319.38,319.94,312.82,313.5,313.5,29913000
2025-07-08,313.34,315.31,309.6,309.71,309.71,25532140
2025-07-09,310.01,312.3,307.6,310.09,310.09,29871070
2025-07-10,310.77,315.07,310.5,314.01,314.01,23711960
2025-07-11,314.5,317.88,308.85,309.88,309.88,39276450
2025-07-12,310.0,311.0,310.0,310.2,310.2,873720
2025-07-13,310.5,310.91,308.8,309.44,309.44,1066040
2025-07-14,308.96,318.85,304.38,317.97,317.97,59042270
2025-07-15,318.16,320.43,316.6,319.99,319.99,40470270
2025-07-16,320.0,322.0,319.54,321.58,321.58,36861670
2025-07-17,321.26,329.23,321.19,327.05,327.05,91182020
2025-07-18,300.45,309.4,300.25,309.0,309.0,115982520
2025-07-19,309.69,313.91,309.59,312.42,312.42,9029970
2025-07-20,313.49,313.78,312.05,312.58,312.58,4921320
2025-07-21,312.99,314.56,309.31,310.4,310.4,44824260
2025-07-22,310.65,311.72,308.55,310.67,310.67,26942000
2025-07-23,311.0,314.49,310.78,313.08,313.08,37399400
2025-07-24,313.09,313.99,309.75,310.83,310.83,27841890
2025-07-25,310.86,311.76,306.0,308.93,308.93,50866870
2025-07-26,309.35,309.95,308.86,308.91,308.91,1339260
2025-07-27,308.86,309.15,308.12,308.83,308.83,1768030
2025-07-28,309.44,309.45,303.54,303.97,303.97,38627240
2025-07-29,304.77,308.26,303.05,305.26,305.26,30696940
2025-07-30,305.58,306.2,303.2,303.3,303.3,14499120
2025-07-31,303.9,305.79,302.81,304.95,304.95,19884770
2025-08-01,305.41,307.5,302.89,304.22,304.22,25320049
2025-08-04,305.3,308.12,304.5,307.95,307.95,28420639
2025-08-05,307.97,308.67,305.25,307.38,307.38,21497509
2025-08-06,307.4,312.96,303.33,310.22,310.22,59949361
2025-08-07,310.22,316.5,308.76,313.43,313.43,72089666
2025-08-08,314.68,317.98,312.6,317.97,317.97,34959877
2025-08-11,321.72,322.9,317.05,317.82,317.82,42436965
2025-08-12,318.17,318.99,316.6,318.0,318.0,18765577
2025-08-13,318.0,319.7,317.05,317.51,317.51,21127896
2025-08-14,317.6,319.2,314.81,318.73,318.73,26459276
2025-08-15,318.9,320.5,318.45,319.4,319.4,26071682
2025-08-16,316.86,316.88,310.03,315.17,315.17,10296497
2025-08-17,315.5,315.8,314.8,314.97,314.97,1902692
2025-08-18,315.01,319.89,314.3,318.38,318.38,35044641
2025-08-19,318.98,319.73,316.29,316.5,316.5,21879576
2025-08-20,316.53,317.51,313.02,314.17,314.17,18653270
2025-08-21,314.17,315.1,309.28,309.98,309.98,30815394
2025-08-22,310.11,312.49,309.75,312.05,312.05,15495808
2025-08-23,312.11,312.5,311.55,312.3,312.3,567839
2025-08-24,312.3,312.45,311.5,311.84,311.84,730827
2025-08-25,311.84,312.3,308.75,311.42,311.42,15298883
2025-08-26,311.11,314.0,310.5,311.79,311.79,11297232
2025-08-27,312.0,313.78,311.06,312.78,312.78,11692831
2025-08-28,313.03,314.5,310.12,310.82,310.82,20309447
2025-08-29,311.18,311.82,308.95,310.04,310.04,14855695
2025-08-30,309.99,310.54,309.71,309.92,309.92,780762
2025-08-31,309.92,311.24,309.92,310.99,310.99,1093718
2025-09-01,310.86,312.5,308.82,309.2,309.2,11045087
2025-09-02,309.2,310.1,307.05,308.44,308.44,17407779
2025-09-03,308.45,309.68,307.21,309.49,309.49,10482402
2025-09-04,309.6,310.8,307.5,308.74,308.74,12848837
2025-09-05,309.1,311.16,308.8,310.5,310.5,11650553
2025-09-06,310.5,310.9,310.1,310.13,310.13,654610
2025-09-07,310.13,311.0,310.13,310.69,310.69,734383
2025-09-08,310.44,313.26,310.31,312.83,312.83,16963643
2025-09-09,313.0,314.25,311.62,313.06,313.06,17116843
2025-09-10,313.65,313.65,309.0,309.76,309.76,19292572
2025-09-11,309.76,310.77,305.8,307.11,307.11,29436347
2025-09-12,307.5,308.72,302.53,303.5,303.5,39315303
2025-09-13,303.61,303.8,302.65,302.84,302.84,1279027
2025-09-14,303.18,304.25,302.72,303.97,303.97,1566130
2025-09-15,304.0,304.75,300.71,302.48,302.48,21943886
2025-09-16,303.0,304.2,299.7,301.8,301.8,26108050
2025-09-17,301.8,305.92,299.8,304.5,304.5,31421531
2025-09-18,304.8,305.05,300.66,301.68,301.68,27536729
2025-09-19,301.6,303.8,294.61,294.84,294.84,38919790
2025-09-22,295.86,299.3,292.16,298.05,298.05,41184639
2025-09-23,298.26,300.11,290.39,291.6,291.6,33989319
2025-09-24,291.8,296.64,288.4,293.31,293.31,47845030
2025-09-25,293.87,294.89,289.5,289.9,289.9,20998024
2025-09-26,290.2,292.79,288.52,291.33,291.33,22643314
2025-09-27,291.03,292.0,291.03,291.69,291.69,723038
2025-09-28,291.69,291.85,290.95,291.08,291.08,596818
2025-09-29,291.4,295.5,286.5,287.57,287.57,34950615
2025-09-30,287.67,289.88,285.24,288.36,288.36,29382368
2025-10-01,288.88,290.39,285.11,286.4,286.4,22897705
2025-10-02,286.4,287.15,282.8,285.22,285.22,28023440
2025-10-03,285.75,287.32,282.58,282.91,282.91,17098575
2025-10-04,283.0,283.0,279.39,280.4,280.4,5632692
2025-10-05,280.4,282.13,279.14,281.99,281.99,2450371
2025-10-06,282.39,291.17,281.82,290.56,290.56,36480863
2025-10-07,290.0,295.87,288.75,293.89,293.89,37893983
2025-10-08,293.93,295.0,278.0,281.9,281.9,75222569
2025-10-09,282.8,290.45,278.75,289.37,289.37,76179258
2025-10-10,289.9,289.95,284.1,285.12,285.12,34168796
2025-10-11,284.4,285.31,282.22,285.16,285.16,2386239
2025-10-12,285.12,286.85,285.0,286.81,286.81,1662362
2025-10-13,286.99,288.75,282.35,285.39,285.39,33206410
2025-10-14,285.5,286.99,282.05,283.3,283.3,22304284
2025-10-15,283.93,285.39,282.0,283.74,283.74,22412693
2025-10-16,283.9,304.0,282.4,302.91,302.91,94011501
2025-10-17,303.23,305.0,299.76,300.91,300.91,45293894
2025-10-18,301.3,304.8,301.3,304.18,304.18,6838786
2025-10-19,304.22,304.87,302.24,303.03,303.03,3301013
2025-10-20,303.95,306.15,302.71,304.0,304.0,24667908
2025-10-21,304.1,304.43,290.5,295.47,295.47,70646260
2025-10-22,295.52,295.77,286.76,290.02,290.02,43163350
2025-10-23,286.93,291.98,285.21,291.8,291.8,39228445
2025-10-24,292.17,294.93,286.3,287.55,287.55,47904311
2025-10-27,287.47,287.99,282.46,283.17,283.17,35162033
2025-10-28,283.22,290.7,281.0,289.46,289.46,36966759
2025-10-29,290.45,291.51,288.15,290.5,290.5,21784278
2025-10-30,290.49,298.0,289.13,296.12,296.12,37766748
2025-10-31,296.04,297.97,290.0,291.89,291.89,31675676
2025-11-01,292.0,294.42,290.35,293.7,293.7,12822737
2025-11-03,294.19,300.0,294.19,298.04,298.04,17970362
2025-11-05,297.64,298.82,293.88,295.7,295.7,33737444
2025-11-06,295.73,296.93,292.01,294.27,294.27,24025168
2025-11-07,293.5,298.09,292.52,296.84,296.84,22069475
2025-11-08,297.27,298.44,296.7,297.93,297.93,3197476
2025-11-09,297.93,298.35,297.59,297.97,297.97,604540
2025-11-10,297.97,302.79,297.36,300.46,300.46,39179839
2025-11-11,300.86,301.87,298.06,301.12,301.12,21489101
2025-11-12,301.15,301.89,296.81,299.09,299.09,24329162
2025-11-13,299.0,301.53,297.67,299.09,299.09,16853483
2025-11-14,299.09,299.7,295.5,297.44,297.44,19655059
2025-11-15,297.44,297.89,296.8,297.17,297.17,665258
2025-11-16,297.1,297.2,296.66,297.0,297.0,527655
2025-11-17,296.02,296.55,293.64,294.68,294.68,21363071
2025-11-18,294.68,302.86,293.33,299.44,299.44,47260145
2025-11-19,300.0,309.9,298.66,304.75,304.75,60132565
2025-11-20,304.76,308.88,301.78,307.89,307.89,42352133
2025-11-21,308.5,309.23,304.22,306.7,306.7,32336510
2025-11-24,308.67,309.95,303.7,305.87,305.87,26541972
2025-11-25,306.0,307.97,303.0,306.6,306.6,29434900
2025-11-26,306.48,306.87,304.0,304.96,304.96,12942518
2025-11-27,305.47,306.25,297.33,299.53,299.53,34517910
2025-11-28,300.86,305.26,299.05,304.17,304.17,24863407
2025-11-29,304.32,304.97,303.76,303.88,303.88,967797
2025-11-30,303.86,305.43,303.6,305.23,305.23,1979918
2025-12-01,305.48,306.48,303.01,305.2,305.2,20791122
2025-12-02,305.6,305.92,301.46,303.77,303.77,19883739
2025-12-03,301.1,303.76,299.1,302.85,302.85,28901358
2025-12-04,303.25,304.58,301.4,301.76,301.76,16616235
2025-12-05,301.76,307.92,301.66,307.22,307.22,34203718
2025-12-08,307.53,308.48,304.2,304.95,304.95,27634404
2025-12-09,305.0,307.7,304.5,306.39,306.39,22986737
2025-12-10,307.0,307.68,306.0,306.73,306.73,14599471
2025-12-11,306.84,309.41,305.2,307.19,307.19,44063111
2025-12-12,307.21,307.92,303.61,303.86,303.86,31814259
2025-12-13,304.32,305.34,304.32,304.77,304.77,2027722
2025-12-14,304.77,304.95,304.05,304.39,304.39,1557575
2025-12-15,304.58,305.8,303.07,305.08,305.08,27376085
2025-12-16,305.07,306.2,303.53,304.78,304.78,24824717
2025-12-17,304.79,305.88,301.78,303.5,303.5,30322906
2025-12-18,303.38,304.27,300.47,301.96,301.96,38425498
2025-12-19,302.3,303.25,298.51,299.87,299.87,51746725
2025-12-20,300.01,300.65,299.92,300.26,300.26,1744024
2025-12-21,300.3,300.49,299.49,299.92,299.92,2495134
2025-12-22,300.38,300.48,296.84,297.72,297.72,23596587
2025-12-23,298.03,301.68,297.32,300.65,300.65,18476872
2025-12-24,300.66,303.15,299.32,302.03,302.03,20631838
2025-12-25,302.31,302.72,300.07,300.26,300.26,11659403
2025-12-26,300.26,302.07,300.02,301.49,301.49,8894298
